timesteps,progress
410000,65.3750316554
420000,366.7480841705163
430000,182.39014480563523
440000,236.13641212487727
450000,372.2613099118703
460000,311.9862674038974
