model_name,x,y,speed,progress,thr,rev,brk,time
ppo_T3,475.5798298338781,510.5281767969406,100.42288267726788,4.221485982198884,1.0,0.0,0.0,0.04
ppo_T3,471.5341565090283,510.5327205512498,101.1418969106792,8.439239673596443,1.0,0.0,0.0,0.08
ppo_T3,467.4597453228384,510.53703348284006,101.86033672242333,12.653731763137715,1.0,0.0,0.0,0.12
ppo_T3,463.3566192655974,510.5411273175055,102.57820248806627,16.86645264661089,1.0,0.0,0.0,0.16
ppo_T3,459.2248013092022,510.54501318537,103.29549459184722,21.079398009586463,1.0,0.0,0.0,0.2
ppo_T3,455.0643144071721,510.548701651147,104.0122134257071,25.294461884817235,1.0,0.0,0.0,0.24
ppo_T3,450.8751814946637,510.5522027428625,104.72835938842236,29.51289380746515,1.0,0.0,0.0,0.28
ppo_T3,446.6574254884852,510.5555259791189,105.4439328848325,33.73490806245803,1.0,0.0,0.0,0.32
ppo_T3,442.4110692871117,510.55868039497335,106.1589343251509,37.95970261919995,1.0,0.0,0.0,0.36
ppo_T3,438.1361357706992,510.56167456650246,106.87336412434988,42.18587463236319,1.0,0.0,0.0,0.3999999999999999
ppo_T3,433.8326478011,510.5645166341179,107.58722270161242,46.41182243176803,1.0,0.0,0.0,0.4399999999999999
ppo_T3,429.5006282218764,510.5672143246985,108.30051047984254,50.63595256105219,1.0,0.0,0.0,0.4799999999999999
ppo_T3,425.14009985831615,510.5697749725976,109.01322788522882,54.85693498789338,1.0,0.0,0.0,0.5199999999999999
ppo_T3,420.7510855174468,510.5722055395834,109.7253753468545,59.074167442933934,1.0,0.0,0.0,0.5599999999999999
ppo_T3,416.33360798805006,510.5745126337664,110.43695329634978,63.28811784119786,1.0,0.0,0.0,0.6
ppo_T3,411.8876900406769,510.5767025275648,111.14796216758121,67.50010869432553,1.0,0.0,0.0,0.64
ppo_T3,407.4133544276616,510.5787811747583,111.85840239637481,71.71163607499322,1.0,0.0,0.0,0.68
ppo_T3,402.9106238831368,510.5807542266743,112.5682744202685,78.0298536358866,1.0,0.0,0.0,0.7200000000000001
ppo_T3,398.3795211230475,510.582627047553,113.2775786782913,82.24232690342328,1.0,0.0,0.0,0.7600000000000001
ppo_T3,393.8200688451663,510.5844047291311,113.9863156107663,86.45432982656557,1.0,0.0,0.0,0.8000000000000002
ppo_T3,389.2322897291074,510.586092104485,114.69448565913444,90.66588487667563,1.0,0.0,0.0,0.8400000000000002
ppo_T3,384.61620643634143,510.5876937611709,115.4020892657973,94.87795197917696,1.0,0.0,0.0,0.8800000000000002
ppo_T3,379.9718416102097,510.5892140536972,116.10912687397699,101.20017130717711,1.0,0.0,0.0,0.9200000000000004
ppo_T3,375.2992178759388,510.5906571153631,116.81559892759046,105.4193129810934,1.0,0.0,0.0,0.9600000000000004
ppo_T3,370.5983578406553,510.5920268694964,117.52150587113775,109.64204742599328,1.0,0.0,0.0,1.0000000000000002
ppo_T3,365.8692840934,510.5933270401197,118.22684814960203,113.86755140500544,1.0,0.0,0.0,1.0400000000000005
ppo_T3,361.1120192051426,510.5945611620754,118.93162620836014,120.20858548661076,1.0,0.0,0.0,1.0800000000000003
ppo_T3,356.3265857287957,510.59573259063575,119.63584049310302,124.43640432264164,1.0,0.0,0.0,1.1200000000000003
ppo_T3,351.51300619923,510.5968445106252,120.33949144976432,128.6636044346831,1.0,0.0,0.0,1.1600000000000004
ppo_T3,346.6713031332879,510.5978999450792,121.04257952445685,132.88919812330704,1.0,0.0,0.0,1.2000000000000004
ppo_T3,341.8014990297985,510.5989017634629,121.74510516341577,139.22221567612866,1.0,0.0,0.0,1.2400000000000004
ppo_T3,336.903616369592,510.5998526894728,122.4470688129478,143.4397245932658,1.0,0.0,0.0,1.2800000000000005
ppo_T3,331.9776776155136,510.6007553084413,123.14847091938574,147.65410350363828,1.0,0.0,0.0,1.3200000000000005
ppo_T3,327.0237052124385,510.60161207436624,123.84931192904828,153.97316580271874,1.0,0.0,0.0,1.3600000000000003
ppo_T3,322.0417215872858,510.6024253165822,124.54959228820343,158.18708413757426,1.0,0.0,0.0,1.4000000000000006
ppo_T3,317.03174914903326,510.6031972460936,125.24931244303657,162.403968824581,1.0,0.0,0.0,1.4400000000000006
ppo_T3,311.9938102887313,510.6039299615858,125.94847283962137,168.7361595658841,1.0,0.0,0.0,1.4800000000000006
ppo_T3,306.9279273795176,510.604625455131,126.64707392389403,172.9613747697306,1.0,0.0,0.0,1.520000000000001
ppo_T3,301.83412277663126,510.60528561760407,127.34511614163047,179.30187737956953,1.0,0.0,0.0,1.5600000000000007
ppo_T3,296.71241881742725,510.6059122438235,128.04259993842544,183.5288922616636,1.0,0.0,0.0,1.6000000000000008
ppo_T3,291.5628378213906,510.6065070374311,128.73952575967454,189.86641085673085,1.0,0.0,0.0,1.6400000000000008
ppo_T3,286.3854020901508,510.60707161552335,129.43589405055755,194.08773928707413,1.0,0.0,0.0,1.6800000000000008
ppo_T3,281.180133907496,510.60760751304855,130.13170525602388,198.3054178158405,1.0,0.0,0.0,1.7200000000000009
ppo_T3,275.9470555393872,510.6081161869794,130.8269598207797,204.62640370840367,1.0,0.0,0.0,1.760000000000001
ppo_T3,270.6861892339729,510.60859902027465,131.52165818927614,208.83900874371307,1.0,0.0,0.0,1.800000000000001
ppo_T3,265.397557221603,510.6090573256385,132.21580080569888,215.1607448848471,1.0,0.0,0.0,1.840000000000001
ppo_T3,260.08118171484296,510.60949234908975,132.90938811395904,219.37928536225505,1.0,0.0,0.0,1.880000000000001
ppo_T3,254.81702090822392,510.609898771556,131.6040205577015,225.7137592303495,1.0,0.0,1.0,1.920000000000001
ppo_T3,249.6050330300148,510.6102784135465,130.2996973008922,229.93990489004847,1.0,0.0,1.0,1.960000000000001
ppo_T3,244.36524034210828,510.6106387697239,130.9948175074479,236.2808836745556,1.0,0.0,0.0,2.000000000000001
ppo_T3,239.09766508835207,510.6109808198075,131.68938162154296,240.5077260220824,1.0,0.0,0.0,2.040000000000001
ppo_T3,233.8822654946324,510.6113003344436,130.38499008767556,246.84434681056783,1.0,0.0,1.0,2.080000000000001
ppo_T3,228.7616408870863,510.6115981002919,128.01561540509218,251.0647652056624,0.0,0.0,1.0,2.120000000000001
ppo_T3,223.69307437909276,510.6118761202008,126.71416289046212,257.3887304257384,1.0,0.0,1.0,2.160000000000001
ppo_T3,218.67652432418683,510.6121356595746,125.41375154049351,261.60170331243944,1.0,0.0,1.0,2.200000000000001
ppo_T3,213.71194910921923,510.6123779049427,124.11438052194383,265.8143907026294,1.0,0.0,1.0,2.240000000000001
ppo_T3,208.84194822098368,510.61260344978,121.75002233645998,272.13715273544983,0.0,0.0,1.0,2.280000000000001
ppo_T3,204.0238049333741,510.6128138590226,120.45358230509719,276.35666922698994,1.0,0.0,1.0,2.320000000000001
ppo_T3,199.25747776031935,510.6130101116867,119.15817942737617,280.5797608718205,1.0,0.0,1.0,2.360000000000001
ppo_T3,194.54292524893623,510.6131931253151,117.86381287338301,284.80554472533447,1.0,0.0,1.0,2.400000000000001
ppo_T3,189.8801059795028,510.61336375974525,116.57048181388994,291.14695913428136,1.0,0.0,1.0,2.4400000000000013
ppo_T3,185.2689785654321,510.6135228206516,115.27818542035237,295.3750214248508,1.0,0.0,1.0,2.4800000000000013
ppo_T3,180.71122879484693,510.59181687135526,113.94503641971467,299.601517826048,1.0,0.0,1.0,2.5200000000000014
ppo_T3,176.24923174105044,510.55267797488574,111.55421765140022,303.82127002932435,0.0,0.0,1.0,2.5600000000000014
ppo_T3,171.88280199496631,510.4977459127227,109.16938175073922,308.01842613280104,0.0,0.0,1.0,2.6000000000000014
ppo_T3,167.569231934556,510.4257519410647,107.8542703084329,312.15120778416264,1.0,0.0,1.0,2.640000000000001
ppo_T3,163.3509121294234,510.3409541772153,105.4793008104195,316.1270424426183,0.0,0.0,1.0,2.680000000000001
ppo_T3,159.2276738849471,510.2447028550352,103.10903796992447,321.39855876907905,0.0,0.0,1.0,2.720000000000001
ppo_T3,155.1568275720699,510.1353438215049,101.80787390128783,325.0024314186101,1.0,0.0,1.0,2.7600000000000016
ppo_T3,151.1382511446019,510.01403620756827,100.51017374064794,325.9906033650447,1.0,0.0,1.0,2.8000000000000016
ppo_T3,147.1718270359471,509.8818643852383,99.21564140905407,325.9906033650447,1.0,0.0,1.0,2.8400000000000016
ppo_T3,143.29996511126456,509.742868607356,96.8589005657056,340.7778439684817,0.0,0.0,1.0,2.8800000000000017
ppo_T3,139.52252008230872,509.59801900759794,94.50553010714884,340.7778439684817,0.0,0.0,1.0,2.9200000000000017
ppo_T3,135.83935073112852,509.4482244848129,92.15535411917737,343.9307344392788,0.0,0.0,1.0,2.9600000000000017
ppo_T3,132.25031971134783,509.29433639320814,89.80821651471312,348.7605843889425,0.0,0.0,1.0,3.0000000000000018
ppo_T3,128.7127739576001,509.1340260820893,88.52940668116209,352.5970388662521,1.0,0.0,1.0,3.040000000000002
ppo_T3,125.26913717013667,508.9711772010909,86.1871295569043,354.6109919425781,0.0,0.0,1.0,3.080000000000002
ppo_T3,121.92220334396892,508.792407021368,83.79261905854241,358.7370127106125,0.0,0.0,1.0,3.120000000000002
ppo_T3,118.62942243505128,508.59396963642615,82.46887105855095,360.826235444619,1.0,0.0,1.0,3.160000000000002
ppo_T3,115.39048278964697,508.3778231635412,81.15359405285324,365.0255010705461,1.0,0.0,1.0,3.200000000000002
ppo_T3,112.24725904978864,508.15181446263057,78.78346674468,367.1295101211553,0.0,0.0,1.0,3.240000000000002
ppo_T3,109.15726063801274,507.9116073686076,77.4830208529447,371.339985256244,1.0,0.0,1.0,3.280000000000002
ppo_T3,106.16238247532964,507.6649347140254,75.12548921568941,373.44571359025576,0.0,0.0,1.0,3.320000000000002
ppo_T3,103.22487508809932,507.39271170358353,73.7523517313464,377.6578954701085,1.0,0.0,1.0,3.360000000000002
ppo_T3,100.3507552803752,507.08429604034393,72.2655039182063,379.76435808082897,1.0,0.0,1.0,3.400000000000002
ppo_T3,97.5389502115873,506.74345914030346,70.80968126468723,381.87103929946176,1.0,0.0,1.0,3.440000000000002
ppo_T3,94.83624533184135,506.37593439442816,68.18947914558184,386.0845221953591,0.0,0.0,1.0,3.480000000000002
ppo_T3,92.21044995312892,505.96146305800806,66.45763622217127,388.1909026667931,1.0,0.0,1.0,3.5200000000000022
ppo_T3,89.65936512842248,505.5051895994789,64.78917372816626,390.296728154916,1.0,0.0,1.0,3.5600000000000023
ppo_T3,87.19085397247257,505.0030760800045,62.976510072646256,392.40179217942256,1.0,0.0,1.0,3.6000000000000023
ppo_T3,84.81289905924575,504.4532186852525,61.01748071200061,396.6089953920204,1.0,0.0,1.0,3.6400000000000015
ppo_T3,82.5332969384031,503.8557069207389,58.91522584444174,398.71085915213945,1.0,0.0,1.0,3.6800000000000015
ppo_T3,80.35938700464831,503.21244723468527,56.67708655058241,400.8113134997613,1.0,0.0,1.0,3.7200000000000015
ppo_T3,78.29781902332435,502.5269584491517,54.31365744861304,402.9100037737304,1.0,0.0,1.0,3.7600000000000025
ppo_T3,76.35436216861264,501.8041465080072,51.83797864733828,405.0063384054607,1.0,0.0,1.0,3.8000000000000025
ppo_T3,74.53375702198605,501.050066060583,49.26484814950948,407.0993412949658,1.0,0.0,1.0,3.8400000000000025
ppo_T3,72.83961062276407,500.2716762674704,46.61023688538466,409.1874754023045,1.0,0.0,1.0,3.8800000000000026
ppo_T3,71.27433337439678,499.4765979287285,43.89079081220273,409.1874754023045,1.0,0.0,1.0,3.9200000000000026
ppo_T3,69.83911540275354,498.67287859481263,41.12340721716401,411.268441824224,1.0,0.0,1.0,3.960000000000002
ppo_T3,68.46479668019377,497.8286578349724,40.32261030212721,413.3389217263451,1.0,0.0,0.0,4.000000000000003
ppo_T3,67.15536951377017,496.9490613739996,39.43578196197588,415.394340854812,1.0,0.0,0.0,4.040000000000003
ppo_T3,65.91402299587928,496.0395913195635,38.471393247091676,417.4286487324947,1.0,0.0,0.0,4.080000000000003
ppo_T3,64.73733139693942,495.10020095260273,37.64187645224975,417.4286487324947,1.0,0.0,0.0,4.120000000000003
ppo_T3,63.622042988217785,494.1308471788223,36.94180366951511,419.43424150966274,1.0,0.0,0.0,4.160000000000003
ppo_T3,62.56507120260824,493.13149034355433,36.36536332634575,421.4021185732524,1.0,0.0,0.0,4.200000000000003
ppo_T3,61.5634862444417,492.1020940560247,35.90638126786504,423.32238896441294,1.0,0.0,0.0,4.240000000000003
ppo_T3,60.61450712551804,491.0426250225476,35.558367519562374,443.3070682904252,1.0,0.0,0.0,4.280000000000003
ppo_T3,59.71549410570759,489.9530528881948,35.31458485656881,445.15481969933273,1.0,0.0,0.0,4.320000000000003
ppo_T3,58.9205517969424,488.9002801857666,32.97976308703237,445.15481969933273,1.0,0.0,1.0,4.360000000000003
ppo_T3,58.18027715851064,487.82610583554447,32.613811060083734,447.06446000120826,1.0,0.0,0.0,4.400000000000003
ppo_T3,57.49218600845785,486.7300814185272,32.3529263888813,447.06446000120826,1.0,0.0,0.0,4.440000000000003
ppo_T3,56.85935463069959,485.61701162844463,32.00976325933517,447.06446000120826,1.0,0.0,0.0,4.480000000000003
ppo_T3,56.28415450852096,484.4919629280361,31.5890582208177,449.0262093399718,1.0,0.0,0.0,4.520000000000003
ppo_T3,55.76824636885515,483.36016083899455,31.095992279274913,449.0262093399718,1.0,0.0,0.0,4.560000000000003
ppo_T3,55.3125889449677,482.2268908139407,30.536091736146158,451.0296608812852,1.0,0.0,0.0,4.600000000000003
ppo_T3,54.91490641619124,481.090867910162,30.09048262744148,451.0296608812852,1.0,0.0,0.0,4.640000000000003
ppo_T3,54.57581719107082,479.9573175150879,29.579532627788826,451.0296608812852,1.0,0.0,0.0,4.680000000000003
ppo_T3,54.29324102672981,478.8248244229737,29.18036467751041,453.0649826457389,1.0,0.0,0.0,4.720000000000003
ppo_T3,54.0674711525233,477.6985470269871,28.717076896961984,453.0649826457389,1.0,0.0,0.0,4.760000000000003
ppo_T3,53.89816642039233,476.58353608719455,28.19478551278406,453.0649826457389,1.0,0.0,0.0,4.800000000000003
ppo_T3,53.783558867121656,475.4780955087392,27.784143001925674,455.1235882170324,1.0,0.0,0.0,4.840000000000003
ppo_T3,53.72303364047087,474.3871541701777,27.315475321274967,455.1235882170324,1.0,0.0,0.0,4.8800000000000034
ppo_T3,53.71540888628539,473.3154320954974,26.793729936235316,457.1984008723572,1.0,0.0,0.0,4.920000000000004
ppo_T3,53.758986395261466,472.2673788893453,26.22396950089488,457.1984008723572,1.0,0.0,0.0,4.960000000000004
ppo_T3,53.85256303804043,471.2346319145869,25.924444328017493,457.1984008723572,1.0,0.0,0.0,5.000000000000004
ppo_T3,53.99487117424373,470.2154892232615,25.725758381821535,459.2838232736565,1.0,0.0,0.0,5.040000000000004
ppo_T3,54.18343718502529,469.2019501303366,25.773273866898656,459.2838232736565,1.0,0.0,0.0,5.080000000000004
ppo_T3,54.41474370270559,468.18647174535175,26.037221619885294,461.3754715848512,1.0,0.0,0.0,5.120000000000004
ppo_T3,54.69024634062757,467.1742879464279,26.225199550074553,461.3754715848512,1.0,0.0,0.0,5.160000000000004
ppo_T3,55.00888476539544,466.1642086511923,26.47865447395829,463.4698584165016,1.0,0.0,0.0,5.200000000000004
ppo_T3,55.37164783138981,465.1616225339449,26.654924082462127,463.4698584165016,1.0,0.0,0.0,5.240000000000004
ppo_T3,55.77537667885237,464.1587001405571,27.02834518417935,465.5640164887556,1.0,0.0,0.0,5.280000000000004
ppo_T3,56.21591682198758,463.1481922115478,27.559049016432354,465.5640164887556,1.0,0.0,0.0,5.320000000000004
ppo_T3,56.68822378065466,462.1235665067228,28.206068697549416,467.6551754607351,1.0,0.0,0.0,5.360000000000004
ppo_T3,57.19607927872388,461.0901897719427,28.78568093366879,467.6551754607351,1.0,0.0,0.0,5.400000000000004
ppo_T3,57.74244856971224,460.0537952104016,29.28985627874163,469.7404964788325,1.0,0.0,0.0,5.440000000000004
ppo_T3,58.3227109727076,459.0070959414696,29.919515118824645,469.7404964788325,1.0,0.0,0.0,5.480000000000004
ppo_T3,58.93136958070704,457.943611908908,30.633555831446838,471.81695165118776,1.0,0.0,0.0,5.520000000000004
ppo_T3,59.5621885968367,456.8577803721751,31.39429443858432,473.88132774304313,1.0,0.0,0.0,5.560000000000004
ppo_T3,60.20834338702462,455.745042119881,32.16852529065871,473.88132774304313,1.0,0.0,0.0,5.600000000000004
ppo_T3,60.862579045875385,454.6019022904137,32.92788490613427,475.9304704115636,1.0,0.0,0.0,5.640000000000004
ppo_T3,61.52514393393423,453.4285051166906,33.6883989508031,477.9616644289837,1.0,0.0,0.0,5.680000000000004
ppo_T3,62.18838911859268,452.2223828256009,34.411345840038244,479.9731768921646,1.0,0.0,0.0,5.720000000000004
ppo_T3,62.84455831981701,450.9822006239286,35.07678999334943,481.9648068351803,1.0,0.0,0.0,5.760000000000004
ppo_T3,63.48595103135922,449.7077409715143,35.66889415207789,483.9383140827056,1.0,0.0,0.0,5.800000000000004
ppo_T3,64.10507800382179,448.3998640698816,36.17544227316812,485.8975513528115,1.0,0.0,0.0,5.840000000000004
ppo_T3,64.69480572938853,447.06044660437306,36.58737775185873,487.8481988111333,1.0,0.0,0.0,5.880000000000004
ppo_T3,65.2566600646417,445.6895452769176,37.03925910150902,491.75129508953256,1.0,0.0,0.0,5.920000000000004
ppo_T3,65.79208932674923,444.2872151454332,37.526776210378,493.7170975417724,1.0,0.0,0.0,5.960000000000004
ppo_T3,66.30246823248785,442.8535097063534,38.046007621281746,495.6992604371584,1.0,0.0,0.0,6.000000000000004
ppo_T3,66.78910163716354,441.3884809729625,38.59340342117444,497.7005875443321,1.0,0.0,0.0,6.0400000000000045
ppo_T3,67.25322808359498,439.8921795497516,39.165763966919215,497.7005875443321,1.0,0.0,0.0,6.0800000000000045
ppo_T3,67.69602317080857,438.364654702999,39.76021603552913,499.7218942563138,1.0,0.0,0.0,6.1200000000000045
ppo_T3,68.11860275160375,436.80595442776496,40.37418768625419,501.7622999086613,1.0,0.0,0.0,6.160000000000005
ppo_T3,68.5220259676819,435.21612551148456,41.00538283500197,503.81969568892913,1.0,0.0,0.0,6.200000000000005
ppo_T3,68.90729813059083,433.59521359433074,41.65175628562782,505.89126272170864,1.0,0.0,0.0,6.240000000000005
ppo_T3,69.27537345631714,431.9432632265115,42.31148974530084,505.89126272170864,1.0,0.0,0.0,6.280000000000005
ppo_T3,69.62715766096132,430.2603179226571,42.98296917386667,507.9739466669427,1.0,0.0,0.0,6.320000000000005
ppo_T3,69.96351042455252,428.5464202134458,43.66476367747304,510.0647997884872,1.0,0.0,0.0,6.360000000000005
ppo_T3,70.28524772970158,426.8016116946068,44.35560605026335,512.1612180491213,1.0,0.0,0.0,6.400000000000005
ppo_T3,70.59314408145036,425.02593307343545,45.05437498945776,512.1612180491213,1.0,0.0,0.0,6.440000000000005
ppo_T3,70.88793461435279,423.2194242129461,45.76007895340744,514.2610591049371,1.0,0.0,0.0,6.480000000000005
ppo_T3,71.17031709251617,421.3821241737825,46.47184159442927,516.3626775800581,1.0,0.0,0.0,6.520000000000005
ppo_T3,71.44095380804036,419.514071254,47.18888867425332,518.4648873784496,1.0,0.0,0.0,6.560000000000005
ppo_T3,71.70047338301617,417.6153030268278,47.91053635627904,520.5668887578513,1.0,0.0,0.0,6.600000000000005
ppo_T3,71.94947247998236,415.6858563765137,48.63618076274539,520.5668887578513,1.0,0.0,0.0,6.640000000000005
ppo_T3,72.18851742549126,413.7257675323482,49.36528868417574,522.6681915115336,1.0,0.0,0.0,6.680000000000005
ppo_T3,72.41814575119732,411.73507210096176,50.09738933136603,524.7685338231288,1.0,0.0,0.0,6.720000000000005
ppo_T3,72.63886765665835,409.7138050969812,50.832067025468774,526.867818649792,1.0,0.0,0.0,6.760000000000005
ppo_T3,72.8511673978264,407.66200097213056,51.568954728440495,528.9660659303992,1.0,0.0,0.0,6.800000000000005
ppo_T3,73.05550460500332,405.5796936428534,52.30772832358449,531.0633749996499,1.0,0.0,0.0,6.840000000000005
ppo_T3,73.25231553384414,403.4669165165335,53.048101563649816,533.159907542084,1.0,0.0,0.0,6.880000000000005
ppo_T3,73.44201425280946,401.3237025163839,53.789821611611366,535.2558852765278,1.0,0.0,0.0,6.920000000000005
ppo_T3,73.62499377029526,399.1500841050723,54.53266510663582,537.3515835420523,1.0,0.0,0.0,6.960000000000005
ppo_T3,73.80162710450452,396.9460933071474,55.27643469469773,541.5434485504261,1.0,0.0,0.0,7.000000000000005
ppo_T3,73.97226829896928,394.7117617303264,56.02095596977413,543.6403207706378,1.0,0.0,0.0,7.040000000000005
ppo_T3,74.13725338648423,392.4471205857021,56.76607477747857,545.7382705259677,1.0,0.0,0.0,7.080000000000005
ppo_T3,74.29690130407239,390.1522007069241,57.51165483839208,547.8375645410235,1.0,0.0,0.0,7.120000000000005
ppo_T3,74.45151476147059,387.82703256840665,58.25757565322177,549.9383757237719,1.0,0.0,0.0,7.1600000000000055
ppo_T3,74.60138106549583,385.4716463026119,59.00373065629456,552.0407528978232,1.0,0.0,0.0,7.2000000000000055
ppo_T3,74.7467729025338,383.08607171645616,59.75002558780485,556.2497254312783,1.0,0.0,0.0,7.240000000000005
ppo_T3,74.88794908127703,380.6703383068837,60.4963770587193,558.3557914770288,1.0,0.0,0.0,7.280000000000006
ppo_T3,75.02515523773182,378.2244752756497,61.24271128533534,560.4624312753882,1.0,0.0,0.0,7.320000000000006
ppo_T3,75.15862450441092,375.7485115433534,61.988962973230954,562.5692646457121,1.0,0.0,0.0,7.360000000000006
ppo_T3,75.28857814553112,373.2424757627589,62.73507433276584,566.7822056290873,1.0,0.0,0.0,7.400000000000006
ppo_T3,75.41522615994282,370.7063963314402,63.48099421043324,568.8878583852817,1.0,0.0,0.0,7.440000000000006
ppo_T3,75.53876785343077,368.1403014037846,64.22667732224816,570.9928176000643,1.0,0.0,0.0,7.480000000000006
ppo_T3,75.6593923819419,365.5442189023868,64.97208357701807,573.0970752779331,1.0,0.0,0.0,7.520000000000006
ppo_T3,75.77727926721715,362.9181765288655,65.7171774788051,577.3037055439852,1.0,0.0,0.0,7.560000000000006
ppo_T3,75.89259888622922,360.26220177413086,66.46192759917466,579.4062401620735,1.0,0.0,0.0,7.600000000000006
ppo_T3,76.00551293575684,357.57632192813134,67.2063061109562,581.5083618724974,1.0,0.0,0.0,7.640000000000006
ppo_T3,76.11617487335864,354.8605640891059,67.95028837623676,585.7115937113208,1.0,0.0,0.0,7.680000000000006
ppo_T3,76.22473033594561,352.11495517236733,68.69385258218027,587.81278046638,1.0,0.0,0.0,7.720000000000006
ppo_T3,76.33131753708992,349.33952191864,69.43697941903575,589.9137123239627,1.0,0.0,0.0,7.760000000000006
ppo_T3,76.43606764415057,346.5342909019746,70.17965179536967,594.114866372881,1.0,0.0,0.0,7.800000000000006
ppo_T3,76.53910513624099,343.69928853726185,70.9218545861529,596.2151184232981,1.0,0.0,0.0,7.840000000000006
ppo_T3,76.64054814401186,340.83454108736527,71.66357440985288,598.315177171302,1.0,0.0,0.0,7.880000000000006
ppo_T3,76.74050877217296,337.94007466989217,72.40479943113988,602.5147951746736,1.0,0.0,0.0,7.920000000000006
ppo_T3,76.83909340563086,335.01591526362165,73.14551918621935,604.6143957992869,1.0,0.0,0.0,7.960000000000006
ppo_T3,76.9364030000749,332.0620887146065,73.8857244281563,608.8132735024383,1.0,0.0,0.0,8.000000000000005
ppo_T3,77.03253335780126,329.0786207419664,74.62540698986953,610.9125800263946,1.0,0.0,0.0,8.040000000000004
ppo_T3,77.1275753895252,326.06553694338703,75.36455966274697,615.1109927528587,1.0,0.0,0.0,8.080000000000004
ppo_T3,77.2216153628933,323.02286280034104,76.10317608907567,617.2101257181741,1.0,0.0,0.0,8.120000000000003
ppo_T3,77.31473513837109,319.95062368304417,76.84125066669128,619.3092299371438,1.0,0.0,0.0,8.160000000000002
ppo_T3,77.40701239314777,316.8488448551607,77.5787784644397,623.5074182201271,1.0,0.0,0.0,8.200000000000001
ppo_T3,77.49852083366639,313.7175514782703,78.3157551472074,625.6065301888794,1.0,0.0,0.0,8.24
ppo_T3,77.58933039735761,310.5567686161091,79.05217690942311,629.8048258944525,1.0,0.0,0.0,8.28
ppo_T3,77.67950744412526,307.3665212385955,79.78804041606031,631.9040076861194,1.0,0.0,0.0,8.319999999999999
ppo_T3,77.7691149381045,304.1468342256531,80.5233427502835,636.1024076049238,1.0,0.0,0.0,8.359999999999998
ppo_T3,77.85821262018658,300.89773237083904,81.25808136698026,640.3008046340007,1.0,0.0,0.0,8.399999999999997
ppo_T3,77.94685717177941,297.6192403847899,81.99225405150916,642.3999863988494,1.0,0.0,0.0,8.439999999999996
ppo_T3,78.035102370249,294.3113828984925,82.72585888307059,646.5982966321367,1.0,0.0,0.0,8.479999999999995
ppo_T3,78.12299923646451,290.9741844663897,83.45889420217607,648.6974209320005,1.0,0.0,0.0,8.519999999999994
ppo_T3,78.21059617484794,287.607669569329,84.19135858175187,652.8956172535569,1.0,0.0,0.0,8.559999999999993
ppo_T3,78.29793910630933,284.21186261736227,84.92325080146637,654.9947030381005,1.0,0.0,0.0,8.599999999999993
ppo_T3,78.38507159442887,280.78678795240376,85.65456982491708,659.1929138704411,1.0,0.0,0.0,8.639999999999992
ppo_T3,78.47203496522881,277.33246985075414,86.38531477935513,663.391284096279,1.0,0.0,0.0,8.67999999999999
ppo_T3,78.5588684208611,273.8489325254968,87.1154849376621,665.4905628084108,1.0,0.0,0.0,8.71999999999999
ppo_T3,78.66278711320976,270.3378345381561,87.81588755504082,669.689331074947,1.0,0.0,0.0,8.75999999999999
ppo_T3,78.7830757006813,266.7991241884152,88.51885492523286,673.8883523403274,1.0,0.0,0.0,8.799999999999988
ppo_T3,78.91905505896442,263.23275356375893,89.22405021310924,675.9879338811243,1.0,0.0,0.0,8.839999999999987
ppo_T3,79.07008044128978,259.6386783461242,89.93117276604684,680.1871891665776,1.0,0.0,0.0,8.879999999999987
ppo_T3,79.23553973214837,256.01685762837366,90.63995424362571,684.3865173576909,1.0,0.0,0.0,8.919999999999986
ppo_T3,79.41485178972107,252.3672537400928,91.3501551563595,688.5858857412705,1.0,0.0,0.0,8.959999999999985
ppo_T3,79.60746487251255,248.68983208223776,92.06156177160727,690.6855782415486,1.0,0.0,0.0,8.999999999999984
ppo_T3,79.81285514591222,244.9845609701832,92.77398334875787,694.8849709058479,1.0,0.0,0.0,9.039999999999983
ppo_T3,80.03052526462173,241.25141148474484,93.48724966943337,699.0843636174847,1.0,0.0,0.0,9.079999999999982
ppo_T3,80.26000302709508,237.4903573307699,94.2012088318201,703.2837540734287,1.0,0.0,0.0,9.11999999999998
ppo_T3,80.50084009833314,233.70137470291277,94.91572528131873,707.4831456222115,1.0,0.0,0.0,9.15999999999998
ppo_T3,80.75261079756011,229.8844421582292,95.63067805251406,709.5828417658041,1.0,0.0,0.0,9.19999999999998
ppo_T3,81.0149109474859,226.0395404952442,96.34595920002216,713.7822350801101,1.0,0.0,0.0,9.23999999999998
ppo_T3,81.28735678202594,222.16665263916352,97.06147239808773,717.9816366784579,1.0,0.0,0.0,9.279999999999978
ppo_T3,81.56958390950875,218.26576353291716,97.77713169089849,722.181081068368,1.0,0.0,0.0,9.319999999999975
ppo_T3,81.86124632855248,214.3368600337388,98.49286037747247,726.3806315999047,1.0,0.0,0.0,9.359999999999976
ppo_T3,82.16201549393485,210.37993081499985,99.20859001667561,730.5803654360716,1.0,0.0,0.0,9.399999999999975
ppo_T3,82.47157942991677,206.3949662730305,99.92425953945563,734.7803546524123,1.0,0.0,0.0,9.439999999999976
ppo_T3,82.78964188860915,202.38195843867564,100.63981445675155,736.8804590978538,1.0,0.0,0.0,9.479999999999974
ppo_T3,83.11592155109449,198.34090089334404,101.35520615277035,741.0808873827541,1.0,0.0,0.0,9.519999999999971
ppo_T3,83.45015126913144,194.27178868932324,102.07039125442456,745.2815480748149,1.0,0.0,0.0,9.559999999999972
ppo_T3,83.80481914549496,190.25825372545103,100.72937818962254,749.4823137191828,1.0,0.0,1.0,9.599999999999971
ppo_T3,84.19617762895166,186.3066678455382,99.27295839282036,753.6830402667822,1.0,0.0,1.0,9.63999999999997
ppo_T3,84.62884446734728,182.336666846216,99.83770745460596,757.8836240703558,1.0,0.0,0.0,9.67999999999997
ppo_T3,85.10110905109376,178.34779707560128,100.4182375243206,762.0840228821218,1.0,0.0,0.0,9.719999999999969
ppo_T3,85.61134735928621,174.33962903863835,101.01285234958486,766.2842391280473,1.0,0.0,0.0,9.759999999999968
ppo_T3,86.1478327671756,170.39104068244754,99.6216799933752,770.4843022412613,1.0,0.0,1.0,9.799999999999969
ppo_T3,86.71874002578865,166.42214447843585,100.2436786540545,774.6842578083929,1.0,0.0,0.0,9.839999999999966
ppo_T3,87.32270797119658,162.4325843176866,100.87544162021538,778.8841671354517,1.0,0.0,0.0,9.879999999999963
ppo_T3,87.96313273589035,158.47111670220696,100.32250977387602,780.9841285635437,0.0,0.0,0.0,9.919999999999964
ppo_T3,88.65077257826502,154.49645396859688,100.84267573419024,785.1841215243817,1.0,0.0,0.0,9.959999999999964
ppo_T3,89.37067254498416,150.5483782251789,100.32932658826475,789.3842815375098,0.0,0.0,0.0,9.999999999999964
ppo_T3,90.10652396459082,146.70480181791106,97.83454435372973,793.5846774703643,0.0,0.0,1.0,10.039999999999962
ppo_T3,90.8682601893195,142.92415074090852,96.4156517444926,797.7853148651571,1.0,0.0,1.0,10.07999999999996
ppo_T3,91.65294270424955,139.2054205858475,95.01539551369186,801.986067191175,1.0,0.0,1.0,10.11999999999996
ppo_T3,92.45782305265436,135.5476632945648,93.63166123559584,806.1865983321042,1.0,0.0,1.0,10.15999999999996
ppo_T3,93.28033130344856,131.94998436135276,92.2625788480298,808.2866156346594,1.0,0.0,1.0,10.199999999999958
ppo_T3,94.10456111953512,128.45191160685383,89.84663246852213,812.4857605016447,0.0,0.0,1.0,10.239999999999958
ppo_T3,94.92822549341736,125.05259635407567,87.4420064548963,816.683271236177,0.0,0.0,1.0,10.279999999999957
ppo_T3,95.74918300484602,121.75123620961983,85.0475971110168,818.7813256468773,0.0,0.0,1.0,10.319999999999956
ppo_T3,96.56542913234776,118.54707258300049,82.66242453048157,822.9761543087245,0.0,0.0,1.0,10.359999999999957
ppo_T3,97.37508804975351,115.43938831834772,80.28561924196468,825.0730933603063,0.0,0.0,1.0,10.399999999999954
ppo_T3,98.176404884106,112.4275054353034,77.91641021870791,829.2666386185292,0.0,0.0,1.0,10.439999999999952
ppo_T3,98.96773841201,109.51078297581954,75.55411412541753,831.3635121074213,0.0,0.0,1.0,10.479999999999952
ppo_T3,99.76146694470118,106.64834454881952,74.26118910631587,835.5580012789819,1.0,0.0,1.0,10.519999999999952
ppo_T3,100.55617113999364,103.8396606897087,72.9737100710128,837.6557417677283,1.0,0.0,1.0,10.55999999999995
ppo_T3,101.35052892446107,101.08423336826846,71.6911082940351,839.7538393725794,1.0,0.0,1.0,10.59999999999995
ppo_T3,102.129233296671,98.421819398617,69.34888537809253,843.9509797264947,0.0,0.0,1.0,10.639999999999947
ppo_T3,102.89113056821628,95.85193776142644,67.01109554374791,846.0498817425633,0.0,0.0,1.0,10.679999999999948
ppo_T3,103.66148905687734,93.3403970772075,65.67576041403653,848.1488626874933,1.0,0.0,1.0,10.719999999999947
ppo_T3,104.43811858736268,90.88624239829628,64.3526835864463,852.3464629331007,1.0,0.0,1.0,10.759999999999946
ppo_T3,105.21898128064024,88.48857662814333,63.040402179454595,854.4447096355678,1.0,0.0,1.0,10.799999999999946
ppo_T3,106.01288417403364,86.1541451749649,61.643389820640905,856.5422929415146,1.0,0.0,1.0,10.839999999999945
ppo_T3,106.8023572504087,83.9254583435162,59.10960545352363,858.6389636952491,0.0,1.0,1.0,10.879999999999944
ppo_T3,107.58641983531096,81.80170600625175,56.59658849634748,860.7344604611285,0.0,0.0,1.0,10.919999999999945
ppo_T3,108.391084307672,79.75376669445224,55.008751223634455,862.8284939747692,1.0,0.0,1.0,10.959999999999942
ppo_T3,109.21232721079798,77.77894133076938,53.46947214871708,864.9207494489468,1.0,0.0,1.0,10.99999999999994
ppo_T3,110.03971160643536,75.88294268022658,51.716630672615544,867.0108557505048,1.0,1.0,1.0,11.03999999999994
ppo_T3,110.88270926310864,74.06443276214097,50.11002501578623,869.0983306685823,1.0,0.0,1.0,11.07999999999994
ppo_T3,111.7373405254658,72.32031800398985,48.5562231091361,871.1825194131193,1.0,0.0,1.0,11.11999999999994
ppo_T3,112.60475324453344,70.65709787467124,46.89553566019735,873.262501293931,1.0,0.0,1.0,11.159999999999938
ppo_T3,113.4844077568922,69.08081741375396,45.12795802342691,875.3370098728461,1.0,0.0,1.0,11.199999999999935
ppo_T3,114.37427324698596,67.5968731797335,43.25759384303492,877.4043416314523,1.0,0.0,1.0,11.239999999999936
ppo_T3,115.27103927605914,66.20985502145336,41.291711352722864,879.4623113270999,1.0,0.0,1.0,11.279999999999935
ppo_T3,116.17033564530684,64.92342442456193,39.23994807877966,881.5082335591177,1.0,0.0,1.0,11.319999999999936
ppo_T3,117.06695419225504,63.74022898241505,37.11364534312671,883.5389796373714,1.0,0.0,1.0,11.359999999999934
ppo_T3,117.95506660750358,62.66185140998241,34.92529393974672,885.551151517952,1.0,0.0,1.0,11.399999999999933
ppo_T3,118.82843293021746,61.6887904680725,32.68807437661116,887.5413437854468,1.0,0.0,1.0,11.439999999999932
ppo_T3,119.68059604993236,60.82047019616528,30.41547793894617,889.506557272218,1.0,0.0,1.0,11.479999999999931
ppo_T3,120.56213259657822,59.999306089238914,30.118694086651715,891.4447132357195,1.0,0.0,0.0,11.51999999999993
ppo_T3,121.40931696198469,59.28200141852527,27.75165918031668,893.3552060050152,1.0,0.0,1.0,11.55999999999993
ppo_T3,122.27797433678288,58.61484784359612,27.38224250463325,895.2394076392692,1.0,0.0,0.0,11.599999999999929
ppo_T3,123.1636882185521,58.00005830003275,26.95430465660264,897.1009706041242,1.0,0.0,0.0,11.639999999999928
ppo_T3,124.06189985818904,57.43926276749493,26.47257754372488,898.9457814576047,1.0,0.0,0.0,11.679999999999929
ppo_T3,124.967986672198,56.93351542592691,25.941926586416663,900.7815247601168,1.0,0.0,0.0,11.719999999999926
ppo_T3,125.87733598850863,56.483312171474594,25.36729130930799,902.6168624050335,1.0,0.0,0.0,11.759999999999923
ppo_T3,126.78541281678736,56.08861731799341,24.753630458749125,904.4603823234715,1.0,0.0,0.0,11.799999999999924
ppo_T3,127.6878205734722,55.748898161041645,24.105871495926227,906.3196065514104,1.0,0.0,0.0,11.839999999999923
ppo_T3,128.58604446512064,55.46239534585065,23.570241071110125,908.2002373342732,1.0,0.0,0.0,11.879999999999924
ppo_T3,129.48149329202283,55.22743806614553,23.14402629307038,908.2002373342732,1.0,0.0,0.0,11.919999999999922
ppo_T3,130.37550333040627,55.04243956654304,22.823759462256852,910.1057967912294,1.0,0.0,0.0,11.95999999999992
ppo_T3,131.26934201742375,54.90589287342714,22.60520678143103,910.1057967912294,1.0,0.0,0.0,11.99999999999992
ppo_T3,132.16421144894332,54.81636674269558,22.483413713667932,912.0376870569944,1.0,0.0,0.0,12.03999999999992
ppo_T3,133.06125169964997,54.77250181336035,22.452802489520117,913.9955285920076,1.0,0.0,0.0,12.079999999999918
ppo_T3,133.9615439744855,54.77300695654477,22.507310413760038,913.9955285920076,1.0,0.0,0.0,12.119999999999918
ppo_T3,134.86611359999458,54.81665580995097,22.640553076798692,915.9776728408189,1.0,0.0,0.0,12.159999999999917
ppo_T3,135.77593286370998,54.90228348837592,22.845995162446894,915.9776728408189,1.0,0.0,0.0,12.199999999999916
ppo_T3,136.6919237092962,55.02878346133266,23.117113146376525,917.9817259980872,1.0,0.0,0.0,12.239999999999917
ppo_T3,137.61496029477934,55.19510458928792,23.447537927049837,917.9817259980872,1.0,0.0,0.0,12.279999999999914
ppo_T3,138.54587142081832,55.40024831045828,23.831170120752482,920.0050062894436,1.0,0.0,0.0,12.319999999999911
ppo_T3,139.48544283561915,55.64326597051664,24.262265282366553,920.0050062894436,1.0,0.0,0.0,12.359999999999912
ppo_T3,140.4344194227591,55.923256287948966,24.735489948599767,922.0448526372472,1.0,0.0,0.0,12.399999999999912
ppo_T3,141.3935072778687,56.23936294817047,25.24595183459062,922.0448526372472,1.0,0.0,0.0,12.43999999999991
ppo_T3,142.36337567981778,56.59077231986016,25.78920878500573,924.0988066084948,1.0,0.0,0.0,12.47999999999991
ppo_T3,143.3446589617645,56.97671128730501,26.361261422072186,924.0988066084948,1.0,0.0,0.0,12.519999999999907
ppo_T3,144.3379582871547,57.39644519286061,26.95853414613756,926.16468671096,1.0,0.0,0.0,12.559999999999908
ppo_T3,145.3438433354996,57.84927588393424,27.57784850724918,926.16468671096,1.0,0.0,0.0,12.599999999999907
ppo_T3,146.36285390251572,58.33453985918066,28.216392192333064,928.2405837817672,1.0,0.0,0.0,12.639999999999906
ppo_T3,147.3955014189768,58.85160650887069,28.871686102855563,928.2405837817672,1.0,0.0,0.0,12.679999999999906
ppo_T3,148.44227039240758,59.3998764446485,29.54155131140637,930.3248068124252,1.0,0.0,0.0,12.719999999999905
ppo_T3,149.50361977553888,59.97877991413674,30.224077116376904,932.4158417672252,1.0,0.0,0.0,12.759999999999904
ppo_T3,150.5799842652446,60.58777529607918,30.91759096702384,932.4158417672252,1.0,0.0,0.0,12.799999999999905
ppo_T3,151.67177553549217,61.2263476719296,31.620630696073906,934.51231346587,1.0,0.0,0.0,12.839999999999902
ppo_T3,152.7793834076582,61.89400747000345,32.33191925605637,934.51231346587,1.0,0.0,0.0,12.8799999999999
ppo_T3,153.9031769613921,62.59028917850607,33.05034198961848,936.6129863365936,1.0,0.0,0.0,12.9199999999999
ppo_T3,155.04350558904653,63.31475012393855,33.77492635544524,938.7167540587308,1.0,0.0,0.0,12.9599999999999
ppo_T3,156.20069999654274,64.0669693115601,34.50482396497748,938.7167540587308,1.0,0.0,0.0,12.9999999999999
ppo_T3,157.375073153391,64.84654632475436,35.239294748783394,940.8226561814364,1.0,0.0,0.0,13.039999999999898
ppo_T3,158.56692119444952,65.65310028030741,35.97769305584852,942.9298922005296,1.0,0.0,0.0,13.079999999999895
ppo_T3,159.77652427587356,66.48626883675715,36.71945548723995,942.9298922005296,1.0,0.0,0.0,13.119999999999896
ppo_T3,161.00414738758136,67.34570725311796,37.46409027251899,945.0378109555912,1.0,0.0,0.0,13.159999999999895
ppo_T3,162.2500411244466,68.23108749542173,38.21116800934891,947.1459256288746,1.0,0.0,0.0,13.199999999999894
ppo_T3,163.51444241831342,69.14209738864598,38.960313601508,947.1459256288746,1.0,0.0,0.0,13.239999999999894
ppo_T3,164.79757523282464,70.07843981172357,39.71119924632629,949.2538950704782,1.0,0.0,0.0,13.279999999999893
ppo_T3,166.09270616527496,71.0460309524949,40.41655561067148,951.3615056639272,1.0,0.0,0.0,13.319999999999892
ppo_T3,167.4003004290893,72.04438084180148,41.12864923200313,953.4686513234266,1.0,0.0,0.0,13.359999999999893
ppo_T3,168.72079874507634,73.07302352294552,41.846606552949844,953.4686513234266,1.0,0.0,0.0,13.39999999999989
ppo_T3,170.05461858634123,74.13151583255927,42.5696586378096,955.57530470427,1.0,0.0,0.0,13.43999999999989
ppo_T3,171.40215535995628,75.21943624340574,43.29712877735911,957.6814955620242,1.0,0.0,0.0,13.479999999999889
ppo_T3,172.76378352860198,76.33638376596441,44.02842148686037,959.7872834970292,1.0,0.0,0.0,13.519999999999888
ppo_T3,174.13985767522843,77.48197690581603,44.76301276646294,961.892744240214,1.0,0.0,0.0,13.559999999999889
ppo_T3,175.53071351363124,78.65585267399155,45.50044149736907,961.892744240214,1.0,0.0,0.0,13.599999999999886
ppo_T3,176.93666884768956,79.85766564759481,46.24030185406567,963.9979525972386,1.0,0.0,0.0,13.639999999999883
ppo_T3,178.35802448187445,81.08708707814513,46.98223662144517,966.1029761220752,1.0,0.0,0.0,13.679999999999884
ppo_T3,179.79506508550278,82.34380404521536,47.72593131489592,968.2078754820516,1.0,0.0,0.0,13.719999999999883
ppo_T3,181.239540853603,83.63391121169188,48.41801540763724,970.3127000015248,1.0,0.0,0.0,13.759999999999884
ppo_T3,182.6920450978388,84.95688611459816,49.11740509510629,972.417489640748,1.0,0.0,0.0,13.799999999999882
ppo_T3,184.15314021282688,86.3122318930696,49.82319436180362,974.5222789693872,1.0,0.0,0.0,13.83999999999988
ppo_T3,185.61381340455017,87.70491284845508,50.454970125056526,976.6270982245588,1.0,0.0,0.0,13.87999999999988
ppo_T3,187.06468244019877,89.13838629207119,50.98938046395295,978.731974359952,1.0,0.0,0.0,13.91999999999988
ppo_T3,188.5070060022275,90.61189741761886,51.54811038423304,980.8369315553384,1.0,0.0,0.0,13.959999999999878
ppo_T3,189.94197822351765,92.12472870899737,52.128469860817845,982.9419897322542,1.0,0.0,0.0,13.999999999999876
ppo_T3,191.3707319669817,93.67619804680535,52.728042619777774,985.0471587070192,1.0,0.0,0.0,14.039999999999877
ppo_T3,192.7943419385645,95.26565691103106,53.34466252737673,987.15243494734,1.0,0.0,0.0,14.079999999999876
ppo_T3,194.21382764210287,96.89248867504512,53.97639096722607,989.2577982391482,1.0,0.0,0.0,14.119999999999877
ppo_T3,195.63015618407871,98.55610698625787,54.62149544946711,991.363212622078,1.0,0.0,0.0,14.159999999999874
ppo_T3,197.04424493588968,100.25595422903868,55.27842960181077,993.46862926918,1.0,0.0,0.0,14.199999999999871
ppo_T3,198.4569640608763,101.99150006571811,55.94581461846747,995.5739867875571,1.0,0.0,0.0,14.239999999999872
ppo_T3,199.86913891297584,103.76224005170674,56.62242218680573,997.6792133898643,1.0,0.0,0.0,14.279999999999871
ppo_T3,201.2815523135241,105.56769432096507,57.30715887015843,999.7842328685128,1.0,0.0,0.0,14.31999999999987
ppo_T3,202.694946712395,107.40740633825104,57.9990518958401,1001.8889674598609,1.0,0.0,0.0,14.35999999999987
ppo_T3,204.1100262393546,109.2809417147526,58.69723627769381,1003.9933484859912,1.0,0.0,0.0,14.399999999999867
ppo_T3,205.52745865120517,111.18788708388551,59.40094319022779,1008.200907055967,1.0,0.0,0.0,14.439999999999868
ppo_T3,206.94787718001425,113.12784903419998,60.109489504840866,1010.3041138573798,1.0,0.0,0.0,14.479999999999867
ppo_T3,208.37188228745364,115.1004530964949,60.822268396307344,1012.4070345922812,1.0,0.0,0.0,14.519999999999866
ppo_T3,209.80004333001705,117.10534278238607,61.5387409284213,1014.5097856917106,1.0,0.0,0.0,14.559999999999864
ppo_T3,211.2329001396444,119.14217867171456,62.25842853056161,1016.612493077884,1.0,0.0,0.0,14.599999999999865
ppo_T3,212.6822783615561,121.20404432180057,63.0078724702148,1018.7152707800576,1.0,0.0,0.0,14.639999999999864
ppo_T3,214.14819426935165,123.29089921224468,63.756728970843405,1022.92130064038,1.0,0.0,0.0,14.679999999999865
ppo_T3,215.6306626254825,125.40270389629066,64.50499714405774,1025.024574887343,1.0,0.0,0.0,14.719999999999862
ppo_T3,217.1296967585661,127.53941994707216,65.25267625649997,1027.1279776814824,1.0,0.0,0.0,14.75999999999986
ppo_T3,218.65588650935007,129.69246699186897,65.97758488923675,1029.2314476098868,1.0,0.0,0.0,14.79999999999986
ppo_T3,220.21808719856412,131.85208388434248,66.63527648530986,1033.4383609500528,1.0,0.0,0.0,14.83999999999986
ppo_T3,221.8233040789396,134.0076243563551,67.18945210897444,1035.541714566043,1.0,0.0,0.0,14.87999999999986
ppo_T3,223.470483613882,136.16027233514552,67.76380736113667,1037.6449632699796,1.0,0.0,0.0,14.919999999999858
ppo_T3,225.15862488110724,138.31115082297265,68.35614094352793,1039.748089415532,1.0,0.0,0.0,14.959999999999855
ppo_T3,226.88677690055877,140.46132499272974,68.96447619347651,1043.953897613169,1.0,0.0,0.0,14.999999999999856
ppo_T3,228.6540360980661,142.61180512630088,69.5870402628001,1046.0565152942215,1.0,0.0,0.0,15.039999999999855
ppo_T3,230.45954389784904,144.76354940364843,70.2222447402491,1048.1588787976077,1.0,0.0,0.0,15.079999999999854
ppo_T3,232.302484437322,146.91746655021436,70.86866773433499,1050.26092995382,1.0,0.0,0.0,15.119999999999854
ppo_T3,234.18208239798537,149.0744183498329,71.52503739778747,1054.463893296546,1.0,0.0,0.0,15.159999999999853
ppo_T3,236.1048598336686,151.22254160195158,72.07420903774032,1056.564781989933,1.0,0.0,0.0,15.199999999999852
ppo_T3,238.06982638251512,153.36315894040337,72.64354809516041,1058.6653485402885,1.0,0.0,0.0,15.239999999999853
ppo_T3,240.0816311523596,155.4838524759077,73.07829492870458,1060.7657311928772,1.0,0.0,0.0,15.27999999999985
ppo_T3,242.13916680251515,157.5864047130307,73.54496439887978,1064.9667811226657,1.0,0.0,0.0,15.31999999999985
ppo_T3,244.24522612885227,159.6581202325401,73.8558184904365,1067.0679247335352,1.0,0.0,0.0,15.359999999999848
ppo_T3,246.39867659561335,161.70122698204997,74.21099186898815,1069.1697514048617,1.0,0.0,0.0,15.399999999999848
ppo_T3,248.5984421338838,163.7178392002817,74.60602045949284,1071.2723518575465,1.0,0.0,0.0,15.439999999999849
ppo_T3,250.84350027392887,165.70996319389909,75.0368411937125,1075.4794758745832,1.0,0.0,0.0,15.479999999999846
ppo_T3,253.12812452166867,167.69391987657914,75.64552230680724,1077.583391673763,1.0,0.0,0.0,15.519999999999843
ppo_T3,255.416109514146,169.647401420765,75.21205633605264,1081.7891712312726,0.0,0.0,0.0,15.559999999999844
ppo_T3,257.7103538696255,171.5596880122766,74.6675848792698,1083.8894947004717,0.0,0.0,0.0,15.599999999999843
ppo_T3,259.94848843707155,173.3815052027217,72.14683039381387,1088.080331013119,0.0,0.0,1.0,15.639999999999842
ppo_T3,262.186846132587,175.17812770696818,71.75521582016748,1090.168701694607,0.0,0.0,0.0,15.679999999999842
ppo_T3,264.3909662517151,176.93652852105058,70.48988811573842,1094.3255099570467,1.0,0.0,1.0,15.71999999999984
ppo_T3,266.58143271274,178.69098441802907,70.16168296922041,1098.4480978017582,0.0,0.0,0.0,15.75999999999984
ppo_T3,268.7374728816586,180.4075582197235,68.89818043068348,1102.5301811910715,1.0,0.0,1.0,15.79999999999984
ppo_T3,270.8499061539209,182.09797295521756,67.63817481522665,1106.5734992281057,1.0,0.0,1.0,15.839999999999838
ppo_T3,272.90901282881543,183.77127203765775,66.33178969153174,1112.598079761474,1.0,0.0,1.0,15.879999999999836
ppo_T3,274.9049038892056,185.43388437056487,64.94161269209496,1116.6204351447102,1.0,0.0,1.0,15.919999999999837
ppo_T3,276.8278625083136,187.0897526918543,63.44126096364388,1120.6684250251603,1.0,0.0,1.0,15.959999999999836
ppo_T3,278.6686514123509,188.74051337462296,61.81380620966596,1122.7039756967736,1.0,0.0,1.0,15.999999999999837
ppo_T3,280.41878124692755,190.3857166906089,60.0502309987554,1126.796292726238,1.0,0.0,1.0,16.039999999999836
ppo_T3,282.1286573666644,192.07816733201997,60.14599694939738,1128.8513944210658,1.0,0.0,0.0,16.079999999999835
ppo_T3,283.7883714379782,193.81608488714485,60.07811699637541,1130.9113875094204,1.0,0.0,0.0,16.119999999999834
ppo_T3,285.38867146650165,195.59624362424853,59.84315599224156,1132.9757076441765,1.0,0.0,0.0,16.159999999999833
ppo_T3,286.9211456436751,197.41412298388545,59.44095005706007,1135.0440402751872,1.0,0.0,0.0,16.199999999999832
ppo_T3,288.3783764821287,199.2640798967437,58.874136384176545,1137.1162662983809,1.0,0.0,0.0,16.23999999999983
ppo_T3,289.7540630452655,201.139537477001,58.14773563594069,1139.1923593091956,1.0,0.0,0.0,16.27999999999983
ppo_T3,291.05225180521984,203.0407258023065,57.55329652129902,1141.2722719889364,1.0,0.0,0.0,16.31999999999983
ppo_T3,292.2767837501233,204.9678620419556,57.081808454280655,1143.3558350552712,1.0,0.0,0.0,16.35999999999983
ppo_T3,293.4313048226305,206.92115111361056,56.72442763213879,1145.4426875959484,1.0,0.0,0.0,16.399999999999828
ppo_T3,294.5096231296947,208.8940824268103,56.20958736035277,1147.5322384969818,1.0,0.0,0.0,16.439999999999827
ppo_T3,295.5153865316832,210.8871699347988,55.811948963008575,1149.6236646150371,1.0,0.0,0.0,16.479999999999826
ppo_T3,296.4432230826285,212.893416239594,55.26020777181299,1149.6236646150371,1.0,0.0,0.0,16.519999999999825
ppo_T3,297.2889938793709,214.9052538190575,54.559707470141845,1151.7159167013092,1.0,0.0,0.0,16.559999999999825
ppo_T3,298.06433989220244,216.9319647684893,54.24895570516035,1153.807738847588,1.0,0.0,0.0,16.599999999999824
ppo_T3,298.781810116639,218.9809207211192,54.27352035506338,1155.8976689554763,1.0,0.0,0.0,16.639999999999823
ppo_T3,299.45454654428767,221.05749682749004,54.570726050212386,1157.984051816894,1.0,0.0,0.0,16.679999999999822
ppo_T3,300.084726290462,223.16180571243484,54.91608596159455,1160.0650776942784,1.0,0.0,0.0,16.71999999999982
ppo_T3,300.6857793289637,225.29701212156792,55.45477416719403,1162.1388511444611,1.0,0.0,0.0,16.75999999999982
ppo_T3,301.2710678286491,227.4642672707284,56.12239698544286,1166.2575289110714,1.0,0.0,0.0,16.79999999999982
ppo_T3,301.8415505984583,229.6634460715797,56.799196675453096,1168.2997687194274,1.0,0.0,0.0,16.83999999999982
ppo_T3,302.398137613461,231.89442858788252,57.48408526126293,1172.3488697445257,1.0,0.0,0.0,16.879999999999818
ppo_T3,302.94169249571814,234.15709977473048,58.17609479963305,1174.3582736322428,1.0,0.0,0.0,16.919999999999817
ppo_T3,303.4854040738736,236.4503989494954,58.921788124161765,1178.3606978727428,1.0,0.0,0.0,16.959999999999816
ppo_T3,304.04175942975775,238.77140913659576,59.66898048109183,1182.3662332090817,1.0,0.0,0.0,16.999999999999815
ppo_T3,304.62229214014826,241.11551947232445,60.37317023057186,1186.401744108289,1.0,0.0,0.0,17.039999999999814
ppo_T3,305.2373642084852,243.4766205710935,60.9975001939455,1188.435765738578,1.0,0.0,0.0,17.079999999999814
ppo_T3,305.89598555491574,245.8473263688281,61.51233645267097,1190.481372115852,1.0,0.0,0.0,17.119999999999813
ppo_T3,306.6056737658936,248.2192156027392,61.894647864052565,1194.6048975423864,1.0,0.0,0.0,17.159999999999812
ppo_T3,307.3723556267633,250.5830859281536,62.12730876575897,1196.6804266272914,1.0,0.0,0.0,17.19999999999981
ppo_T3,308.200310804041,252.9292137064143,62.19839893190314,1198.7632123323835,1.0,0.0,0.0,17.23999999999981
ppo_T3,309.08748289947744,255.25957890289496,62.33817187270475,1200.8518291863263,1.0,0.0,0.0,17.27999999999981
ppo_T3,310.03191913482533,257.57606003781314,62.540210320389804,1202.9449896052936,1.0,0.0,0.0,17.31999999999981
ppo_T3,311.0317650886194,259.8804393403344,62.79856637101074,1205.0416041159542,1.0,0.0,0.0,17.359999999999808
ppo_T3,312.08525970032747,262.17440764084773,63.10775239945656,1209.2418792082292,1.0,0.0,0.0,17.399999999999807
ppo_T3,313.1907305282897,264.45956901471243,63.46272654124743,1211.3443421433126,1.0,0.0,0.0,17.439999999999806
ppo_T3,314.3465892485545,266.73744519010245,63.85887395079468,1213.4477981863347,1.0,0.0,0.0,17.479999999999805
ppo_T3,315.5513273823728,269.0094797319314,64.29198497061991,1215.551967977134,1.0,0.0,0.0,17.519999999999804
ppo_T3,316.803512240735,271.2770420132338,64.75823122920914,1217.6566425320043,1.0,0.0,0.0,17.559999999999803
ppo_T3,318.1017830749251,273.5414309847997,65.25414054610773,1219.7616620937208,1.0,0.0,0.0,17.599999999999802
ppo_T3,319.4448474226258,275.803878753311,65.77657137664154,1221.8669011612044,1.0,0.0,0.0,17.6399999999998
ppo_T3,320.83147763964143,278.065553977708,66.32268738614293,1223.9722540912676,1.0,0.0,0.0,17.6799999999998
ppo_T3,322.26050760780845,280.32756509302027,66.88993261188395,1228.1830055810506,1.0,0.0,0.0,17.7199999999998
ppo_T3,323.7380356164764,282.57919051272063,67.32804972223303,1230.2883223947406,1.0,0.0,0.0,17.7599999999998
ppo_T3,325.2682613428058,284.8092536303886,67.61458922776609,1232.3935873327134,1.0,0.0,0.0,17.799999999999798
ppo_T3,326.84971962374266,287.0197302940551,67.94858982605014,1234.4988157121827,1.0,0.0,0.0,17.839999999999797
ppo_T3,328.4810187570114,289.2124952742847,68.32530241757382,1238.7092915856113,1.0,0.0,0.0,17.879999999999797
ppo_T3,330.16505539650257,291.37599461606817,68.541542170817,1240.814617382099,1.0,0.0,0.0,17.919999999999796
ppo_T3,331.9028202121762,293.4987260123908,68.58304790328658,1242.9200526043833,1.0,0.0,0.0,17.959999999999795
ppo_T3,333.69292729507447,295.5834273853334,68.69526540540734,1245.025627194536,1.0,0.0,0.0,17.999999999999794
ppo_T3,335.53111985754094,297.64642120125194,69.07828611992215,1249.2372566918257,1.0,0.0,0.0,18.039999999999797
ppo_T3,337.41623330663526,299.68958427884786,69.49895717566362,1251.343307260972,1.0,0.0,0.0,18.079999999999792
ppo_T3,339.3471611882189,301.7146974751726,69.95340387449724,1253.4494919831952,1.0,0.0,0.0,18.11999999999979
ppo_T3,341.322852234322,303.7234505609749,70.43811144087972,1255.555780707714,1.0,0.0,0.0,18.15999999999979
ppo_T3,343.3423075605035,305.7174468483802,70.94989873419854,1259.7685340156113,1.0,0.0,0.0,18.19999999999979
ppo_T3,345.4045780055845,307.6982075834829,71.48589230741227,1261.874923592292,1.0,0.0,0.0,18.23999999999979
ppo_T3,347.50876160652246,309.6671761157954,72.04350121494831,1266.087505844077,1.0,0.0,0.0,18.279999999999788
ppo_T3,349.65400120156147,311.6257218558882,72.62039286659879,1268.1935829932215,1.0,0.0,0.0,18.319999999999787
ppo_T3,351.8394821551416,313.5751440319812,73.21447013357734,1270.299421951794,1.0,0.0,0.0,18.359999999999783
ppo_T3,354.0644301983822,315.51667525570065,73.82384983779693,1274.5100080556806,1.0,0.0,0.0,18.399999999999785
ppo_T3,356.328109379268,317.4514849066945,74.44684269478262,1276.6145270096242,1.0,0.0,0.0,18.439999999999785
ppo_T3,358.62982011696533,319.380682345309,75.08193473294669,1280.8213676481205,1.0,0.0,0.0,18.479999999999784
ppo_T3,360.9616656388474,321.31872312582016,75.80198548210056,1282.9234262724597,1.0,0.0,0.0,18.519999999999783
ppo_T3,363.2892183015742,323.24044197469465,75.45903164915853,1287.1243006974637,0.0,0.0,0.0,18.559999999999786
ppo_T3,365.6045301363328,325.1563265747634,75.1302314857088,1289.223020830073,0.0,0.0,0.0,18.59999999999978
ppo_T3,367.83701449842016,327.0238496211096,72.76515630608749,1293.4171366578826,0.0,0.0,1.0,18.63999999999978
ppo_T3,369.9886216978376,328.84108652564254,70.4084667661723,1295.5126444403052,0.0,1.0,1.0,18.67999999999978
ppo_T3,372.0604673255816,330.6069969607476,68.0578061743064,1299.7005773060469,0.0,1.0,1.0,18.71999999999978
ppo_T3,374.043626497243,332.3276547702447,65.6390870476961,1301.7926255881534,0.0,0.0,1.0,18.759999999999778
ppo_T3,375.9566828888324,334.03907443637297,64.17136253331597,1305.9697513792707,1.0,0.0,1.0,18.799999999999777
ppo_T3,377.47094437241367,335.44528828684435,51.66251804932768,1308.051997810633,1.0,0.0,0.0,18.839999999999776
ppo_T3,378.9044454794637,336.8410031377934,50.01840516920691,1310.1267564600537,1.0,0.0,1.0,18.87999999999977
ppo_T3,380.0271119197221,337.99260725543405,40.20705768152944,1312.1901212817254,1.0,0.0,0.0,18.91999999999977
ppo_T3,381.06505883563176,339.1267030013721,38.434253612510226,1314.2366833483206,1.0,0.0,1.0,18.959999999999773
ppo_T3,382.0685288725451,340.2988608550709,38.57546296684747,1349.4400961864485,1.0,0.0,0.0,18.999999999999773
ppo_T3,383.03100570520826,341.506455690644,38.605755240605234,1349.4400961864485,1.0,0.0,0.0,19.03999999999977
ppo_T3,383.8974987062124,342.6829112070795,36.52788064393982,1347.4428245886218,1.0,0.0,1.0,19.07999999999977
ppo_T3,384.71445076313046,343.88738993810694,36.38491855151089,1347.4428245886218,1.0,0.0,0.0,19.11999999999977
ppo_T3,385.4842809837909,345.1200191690372,36.33191941655614,1347.4428245886218,1.0,0.0,0.0,19.15999999999977
ppo_T3,386.20928566340245,346.3809184783955,36.36188641454497,1345.486669130356,1.0,0.0,0.0,19.19999999999977
ppo_T3,386.84553885254206,347.5960311999353,34.2902778380602,1345.486669130356,1.0,0.0,1.0,19.239999999999768
ppo_T3,387.3943063168873,348.7596975630796,32.16427691008204,1345.486669130356,1.0,0.0,1.0,19.279999999999767
ppo_T3,387.8633956885456,349.8716199847493,30.170518623469594,1345.486669130356,1.0,0.0,1.0,19.31999999999977
ppo_T3,388.2548612578815,350.9266922321598,28.133862372940097,1345.486669130356,1.0,0.0,1.0,19.359999999999765
ppo_T3,388.5764159464271,351.92512746660447,26.223442936452432,1345.486669130356,1.0,0.0,1.0,19.399999999999764
ppo_T3,388.83080328106297,352.8624508301578,24.280753745071017,1345.486669130356,1.0,0.0,1.0,19.439999999999763
ppo_T3,389.0256363627807,353.73937471863053,22.457674577772064,1345.486669130356,1.0,0.0,1.0,19.47999999999976
ppo_T3,389.1839807794919,354.63500870651507,22.738090214406007,1345.486669130356,1.0,0.0,0.0,19.51999999999976
ppo_T3,389.29462577243794,355.4708895699212,21.07930164095581,1345.486669130356,1.0,0.0,1.0,19.55999999999976
ppo_T3,389.368864274106,356.3231953473068,21.388321774024686,1345.486669130356,1.0,0.0,0.0,19.59999999999976
ppo_T3,389.3988056045595,357.1081334989062,19.63772493673907,1345.486669130356,1.0,0.0,1.0,19.63999999999976
ppo_T3,389.3884960238649,357.82291581793464,17.87141661721483,1345.486669130356,1.0,0.0,1.0,19.67999999999976
ppo_T3,389.3427427959939,358.4652801975185,16.09979336083977,1345.486669130356,1.0,0.0,1.0,19.71999999999976
ppo_T3,389.2587624246923,359.1130927728731,16.330834247510598,1345.486669130356,1.0,0.0,0.0,19.75999999999976
ppo_T3,389.13564377770734,359.7623984351818,16.521880271733526,1345.486669130356,1.0,0.0,0.0,19.79999999999976
ppo_T3,388.9914206775883,360.3360576711957,14.787774124085352,1347.4428245886218,1.0,0.0,1.0,19.839999999999755
ppo_T3,388.831858120969,360.8335827957751,13.062146145032665,1347.4428245886218,1.0,0.0,1.0,19.879999999999757
ppo_T3,388.6357535917593,361.33037895255495,13.352513990064882,1347.4428245886218,1.0,0.0,0.0,19.919999999999757
ppo_T3,388.4029882156281,361.82269574242304,13.61422835472857,1347.4428245886218,1.0,0.0,0.0,19.959999999999752
ppo_T3,388.1339777905164,362.3114047730503,13.946395713486826,1347.4428245886218,1.0,0.0,0.0,19.99999999999975
ppo_T3,387.8699479160745,362.7240595722037,12.247340473091352,1347.4428245886218,1.0,0.0,1.0,20.03999999999975
ppo_T3,387.5710059192578,363.128159217593,12.566394691411206,1347.4428245886218,1.0,0.0,0.0,20.07999999999975
ppo_T3,387.2373907265911,363.5245323317257,12.9520930351356,1349.4400961864485,1.0,0.0,0.0,20.11999999999975
ppo_T3,386.8697208691673,363.909396087802,13.306512381142884,1349.4400961864485,1.0,0.0,0.0,20.159999999999748
ppo_T3,386.4690070260705,364.279051950381,13.629403893521825,1349.4400961864485,1.0,0.0,0.0,20.199999999999747
ppo_T3,386.03663935404825,364.629929295141,13.920684135392428,1349.4400961864485,1.0,0.0,0.0,20.239999999999743
ppo_T3,385.574369570782,364.9586267284169,14.180430070242123,1349.4400961864485,1.0,0.0,0.0,20.279999999999745
ppo_T3,385.0842882403033,365.261950457238,14.408873024755753,1351.469194839242,1.0,0.0,0.0,20.319999999999744
ppo_T3,384.5662476722026,365.5409255240951,14.709544480667454,1351.469194839242,1.0,0.0,0.0,20.359999999999744
ppo_T3,384.0201089271568,365.796525110474,15.074786014179454,1351.469194839242,1.0,0.0,0.0,20.399999999999743
ppo_T3,383.4457413713752,366.0296731712255,15.497098667305611,1351.469194839242,1.0,0.0,0.0,20.439999999999745
ppo_T3,382.8430222536805,366.24124693510936,15.96938070963077,1351.469194839242,1.0,0.0,0.0,20.47999999999974
ppo_T3,382.21183630407535,366.4320792783117,16.485082009787906,1353.5220967862008,1.0,0.0,0.0,20.51999999999974
ppo_T3,381.55207535270137,366.60296097738654,17.038285345740206,1353.5220967862008,1.0,0.0,0.0,20.55999999999974
ppo_T3,380.8636379681572,366.7546428477493,17.623730844992682,1353.5220967862008,1.0,0.0,0.0,20.59999999999974
ppo_T3,380.1464291141896,366.887837773534,18.236800508590306,1355.5922244838252,1.0,0.0,0.0,20.639999999999738
ppo_T3,379.4003598238266,367.0032226343344,18.873477622789892,1355.5922244838252,1.0,0.0,0.0,20.679999999999737
ppo_T3,378.6253468900641,367.1014401340666,19.53029257257691,1355.5922244838252,1.0,0.0,0.0,20.719999999999736
ppo_T3,377.8213125722679,367.18310053692585,20.204263250443738,1357.6744139336215,1.0,0.0,0.0,20.75999999999973
ppo_T3,376.9881843174899,367.2487833151563,20.892835438635537,1357.6744139336215,1.0,0.0,0.0,20.79999999999973
ppo_T3,376.1258944959434,367.2990387131148,21.593826394462226,1357.6744139336215,1.0,0.0,0.0,20.839999999999733
ppo_T3,375.2343801499162,367.33438923188,22.30537334855354,1359.7647433200198,1.0,0.0,0.0,20.879999999999733
ppo_T3,374.31358275544,367.35533103844375,23.025887617748438,1359.7647433200198,1.0,0.0,0.0,20.91999999999973
ppo_T3,373.36344799606815,367.3623353033152,23.754014406687993,1361.8603303370887,1.0,0.0,0.0,20.95999999999973
ppo_T3,372.3839255481456,367.3558494701755,24.48859801029483,1361.8603303370887,1.0,0.0,0.0,20.99999999999973
ppo_T3,371.3749688769885,367.33629846103344,25.228651943660267,1361.8603303370887,1.0,0.0,0.0,21.03999999999973
ppo_T3,370.3365350434182,367.3040858201597,25.973333451536217,1363.9591266121004,1.0,0.0,0.0,21.07999999999973
ppo_T3,369.2685845201247,367.2595947999095,26.721921841974773,1363.9591266121004,1.0,0.0,0.0,21.119999999999727
ppo_T3,368.171081017359,367.2031893913851,27.473800118179806,1366.0597284500022,1.0,0.0,0.0,21.159999999999727
ppo_T3,367.0439913174813,367.1352153027413,28.22843943057908,1366.0597284500022,1.0,0.0,0.0,21.19999999999973
ppo_T3,365.8872851179152,367.0560008877927,28.985385926038578,1368.1612117290936,1.0,0.0,0.0,21.239999999999725
ppo_T3,364.70093488208033,366.9658580274485,29.744249626360958,1368.1612117290936,1.0,0.0,0.0,21.279999999999724
ppo_T3,363.4849156978984,366.8650829663696,30.50469502013136,1370.2630018716457,1.0,0.0,0.0,21.319999999999723
ppo_T3,362.2392051434879,366.7539571071246,31.266433098878107,1372.3647605304063,1.0,0.0,0.0,21.35999999999972
ppo_T3,360.9637831596826,366.632747764002,32.029214609810325,1372.3647605304063,1.0,0.0,0.0,21.39999999999972
ppo_T3,359.6586319290264,366.50170887852966,32.79282433312523,1374.4663065849725,1.0,0.0,0.0,21.43999999999972
ppo_T3,358.3237357609166,366.3610816986453,33.557076222428165,1374.4663065849725,1.0,0.0,0.0,21.47999999999972
ppo_T3,356.95908098258195,366.2110954233655,34.32180927271139,1376.5675667877845,1.0,0.0,0.0,21.51999999999972
ppo_T3,355.56465583560066,366.0519678147061,35.08688400217533,1378.6685224258226,1.0,0.0,0.0,21.55999999999972
ppo_T3,354.1404503776754,365.88390577851646,35.85217945251355,1378.6685224258226,1.0,0.0,0.0,21.59999999999972
ppo_T3,352.68645638939904,365.707105915808,36.61759062764052,1380.7691828441004,1.0,0.0,0.0,21.63999999999972
ppo_T3,351.2026672857578,365.5217550460749,37.3830263036859,1382.8695737611397,1.0,0.0,0.0,21.679999999999715
ppo_T3,349.6914513814186,365.31942460267845,38.11750842667983,1382.8695737611397,1.0,0.0,0.0,21.719999999999715
ppo_T3,348.1527109313229,365.1005943174147,38.85557285085824,1384.969720497309,1.0,0.0,0.0,21.759999999999717
ppo_T3,346.5863543486824,364.8657198579688,39.596708793797205,1387.0696501162804,1.0,0.0,0.0,21.799999999999716
ppo_T3,344.9922958911846,364.615234050127,40.34046902499412,1389.1693922666527,1.0,0.0,0.0,21.839999999999712
ppo_T3,343.37045536314,364.3495480379003,41.08646184801234,1389.1693922666527,1.0,0.0,0.0,21.87999999999971
ppo_T3,341.7207578327607,364.06905238471376,41.83434409366888,1391.268975849055,1.0,0.0,0.0,21.91999999999971
ppo_T3,340.0431333638026,363.7741181186561,42.58381500157771,1393.368424443809,1.0,0.0,0.0,21.95999999999971
ppo_T3,338.3352324007134,363.4746311814989,43.349006081807126,1395.467762245937,1.0,0.0,0.0,21.99999999999971
ppo_T3,336.5970838363589,363.1705675948042,44.11359694386585,1397.5670113529982,1.0,0.0,0.0,22.039999999999708
ppo_T3,334.8310687658399,362.8521244760972,44.86239550804148,1397.5670113529982,1.0,0.0,0.0,22.079999999999707
ppo_T3,333.040875649012,362.5101970123351,45.56386853920628,1399.666190564237,1.0,0.0,0.0,22.119999999999703
ppo_T3,331.2262898938322,362.14547575931465,46.27190734740023,1401.7653156679633,1.0,0.0,0.0,22.159999999999705
ppo_T3,329.38710896380286,361.7586165945573,46.985679379068614,1403.864400786632,1.0,0.0,0.0,22.199999999999704
ppo_T3,327.5231417646265,361.3502424786439,47.70444907286821,1405.963458440914,1.0,0.0,0.0,22.239999999999704
ppo_T3,325.6342080620192,360.92094512707416,48.42756671637647,1408.062499889381,1.0,0.0,0.0,22.279999999999703
ppo_T3,323.7201379291001,360.4712865971956,49.15445851615097,1410.1615360184153,1.0,0.0,0.0,22.319999999999705
ppo_T3,321.780771221854,360.00180079451684,49.884617769980785,1412.2605772927018,1.0,0.0,0.0,22.3599999999997
ppo_T3,319.81595708124166,359.51299490250057,50.61759703416022,1414.3596335963368,1.0,0.0,0.0,22.3999999999997
ppo_T3,317.82555346060275,359.0053507397232,51.353001184536424,1416.458714251544,1.0,0.0,0.0,22.4399999999997
ppo_T3,315.8094266770685,358.4793260480911,52.09048127711853,1418.557825052057,1.0,0.0,0.0,22.4799999999997
ppo_T3,313.76745098576254,357.93535571561534,52.82972912159753,1420.6569689899409,1.0,0.0,0.0,22.519999999999698
ppo_T3,311.6995081756335,357.3738529370706,53.57047248880308,1422.7561451069505,1.0,0.0,0.0,22.559999999999697
ppo_T3,309.6054871858199,356.79521031569186,54.31247088063631,1424.855348637854,1.0,0.0,0.0,22.599999999999696
ppo_T3,307.4852837415044,356.19980090890584,55.0555117981878,1426.9545717635017,1.0,0.0,0.0,22.63999999999969
ppo_T3,305.3351919528596,355.59930999092137,55.809296056861385,1429.0538063046035,1.0,0.0,0.0,22.67999999999969
ppo_T3,303.1589265028444,354.98217332645385,56.55190630938062,1431.153044479383,1.0,0.0,0.0,22.719999999999693
ppo_T3,300.956391382031,354.34874006203626,57.29528044965444,1433.2522829754696,1.0,0.0,0.0,22.75999999999969
ppo_T3,298.7274965987756,353.69934200472363,58.03926360482565,1435.3515221171629,1.0,0.0,0.0,22.79999999999969
ppo_T3,296.4721578726025,353.03429450262075,58.78371878031446,1437.4507661577268,1.0,0.0,0.0,22.83999999999969
ppo_T3,294.1902963431656,352.3538972806794,59.5285247756783,1439.5500223019008,1.0,0.0,0.0,22.87999999999969
ppo_T3,291.87815211669346,351.6705261335128,60.275446124376366,1441.64929757226,1.0,0.0,0.0,22.91999999999969
ppo_T3,289.535807246042,350.98395822014135,61.022306335155335,1443.748596690941,1.0,0.0,0.0,22.959999999999688
ppo_T3,287.1633407808285,350.29398231904025,61.769045001637096,1447.9472572884115,1.0,0.0,0.0,22.999999999999687
ppo_T3,284.7588720354835,349.61325976172554,62.47426043669008,1450.0466013649277,1.0,0.0,0.0,23.039999999999687
ppo_T3,282.3225471918091,348.9410702338832,63.18384635948257,1452.145937958389,1.0,0.0,0.0,23.07999999999969
ppo_T3,279.85450618919924,348.276730213362,63.89725176714218,1454.2452561644438,1.0,0.0,0.0,23.119999999999685
ppo_T3,277.3548830408069,347.61959110097115,64.61398695818824,1456.344548971191,1.0,0.0,0.0,23.159999999999684
ppo_T3,274.82380613365103,346.9690374462345,65.33361676631772,1460.5430567174376,1.0,0.0,0.0,23.199999999999683
ppo_T3,272.26139851347887,346.32448526327534,66.05575452067842,1462.6422797283835,1.0,0.0,0.0,23.23999999999968
ppo_T3,269.6677781551578,345.6853804322552,66.7800566605156,1464.741489725579,1.0,0.0,0.0,23.27999999999968
ppo_T3,267.04261388813615,345.0650294573927,67.43664972059047,1466.8406912877344,1.0,0.0,0.0,23.31999999999968
ppo_T3,264.38757535252813,344.4761923120532,67.9887803671275,1471.0390827672122,1.0,0.0,0.0,23.35999999999968
ppo_T3,261.7061831038192,343.93080692741853,68.40737172085896,1473.1382791763058,1.0,0.0,0.0,23.39999999999968
ppo_T3,258.9982862914986,343.42679104085875,68.8600807801631,1475.237479476389,1.0,0.0,0.0,23.43999999999968
ppo_T3,256.2637429199566,342.96216806861594,69.34335745576135,1479.4359038105056,1.0,0.0,0.0,23.47999999999968
ppo_T3,253.50241939770257,342.53506173739777,69.85398795308718,1481.5351350802662,1.0,0.0,0.0,23.51999999999968
ppo_T3,250.71133053426635,342.12965240780545,70.5094575576489,1483.6343876468045,1.0,0.0,0.0,23.559999999999675
ppo_T3,247.89050014192088,341.74483787215644,71.17393452498396,1487.8330146570645,1.0,0.0,0.0,23.599999999999675
ppo_T3,245.04265609866232,341.39387339927066,71.73471856409235,1489.932434181784,1.0,0.0,0.0,23.639999999999677
ppo_T3,242.1724093972508,341.08899622729854,72.15983221707131,1492.0319635491408,1.0,0.0,0.0,23.679999999999676
ppo_T3,239.28603667880668,340.84118454120085,72.42478038258527,1496.231483979138,1.0,0.0,0.0,23.719999999999672
ppo_T3,236.39123391528332,340.65995852041794,72.5117486614719,1498.331539936844,1.0,0.0,0.0,23.75999999999967
ppo_T3,233.49684889645656,340.55322633038327,72.40880642918374,1502.5324166647686,1.0,0.0,0.0,23.79999999999967
ppo_T3,230.61260032881825,340.5271766171751,72.10915505104961,1504.633329722581,1.0,0.0,0.0,23.83999999999967
ppo_T3,227.7860889832745,340.5683679840206,70.67028687499277,1506.734638344178,0.0,0.0,0.0,23.87999999999967
ppo_T3,224.99030501809204,340.6969180844446,69.96844426369307,1510.9387418721778,1.0,0.0,0.0,23.919999999999668
ppo_T3,222.2668255949424,340.884410482864,68.24813902126135,1513.0416728857963,0.0,1.0,0.0,23.959999999999667
ppo_T3,219.59467228683505,341.1590311425666,67.15569507106538,1515.145234446176,1.0,0.0,0.0,23.999999999999662
ppo_T3,217.00219510488748,341.4923618246086,65.34546312918997,1517.249379040412,0.0,0.0,0.0,24.039999999999665
ppo_T3,214.49654794112035,341.88012666466705,63.38685431775216,1521.4586365198925,0.0,0.0,0.0,24.079999999999664
ppo_T3,212.08394241918143,342.31679442176386,61.29510652663201,1523.5629785044928,0.0,0.0,0.0,24.119999999999663
ppo_T3,209.76948586742984,342.79579243030867,59.08758447283885,1525.6663153054533,0.0,0.0,0.0,24.159999999999663
ppo_T3,207.5342794516402,343.3416271444167,57.5221873297203,1527.7677995201527,1.0,0.0,0.0,24.199999999999665
ppo_T3,205.4042291599821,343.9144942869878,55.143511676523715,1529.866422890714,0.0,0.0,0.0,24.23999999999966
ppo_T3,203.3631626390764,344.5402165367966,53.37064312819847,1531.9610483963477,1.0,0.0,0.0,24.27999999999966
ppo_T3,201.41441219597087,345.2111502726935,51.525360063446534,1534.0504606079244,1.0,0.0,0.0,24.31999999999966
ppo_T3,199.5721913954268,345.88386230726303,49.03008616790922,1536.1334459980617,0.0,0.0,0.0,24.35999999999966
ppo_T3,197.8248888907501,346.5860602026135,47.07804641685347,1538.2088818962134,1.0,0.0,0.0,24.399999999999658
ppo_T3,196.17238689820047,347.3100298473667,45.10331807295777,1540.2758338109118,1.0,0.0,0.0,24.439999999999657
ppo_T3,194.6135850745934,348.0483492056392,43.12031568820479,1542.3336515638357,1.0,0.0,0.0,24.479999999999656
ppo_T3,193.1464942063905,348.7940172332632,41.142864075870314,1544.382036494106,1.0,0.0,0.0,24.51999999999965
ppo_T3,191.7683450493174,349.5405620452408,39.18405491580788,1546.4210708480362,1.0,0.0,0.0,24.55999999999965
ppo_T3,190.47570837783005,350.282126888089,37.256106719422135,1548.4511755285205,1.0,0.0,0.0,24.599999999999653
ppo_T3,189.26491934875293,351.0204080987808,35.45304305516262,1548.4511755285205,1.0,0.0,0.0,24.63999999999965
ppo_T3,188.13247499657945,351.75034646059606,33.6827127657799,1550.472978382894,1.0,0.0,0.0,24.67999999999965
ppo_T3,187.0744683457476,352.46753357629404,31.95441511089976,1552.4870918332822,1.0,0.0,0.0,24.71999999999965
ppo_T3,186.08670787705535,353.16823198854297,30.276321280409373,1554.493829284023,1.0,0.0,0.0,24.75999999999965
ppo_T3,185.16664725237516,353.8545149122468,28.6955550178779,1556.4928816557292,1.0,0.0,0.0,24.79999999999965
ppo_T3,184.3103305249875,354.5232994113909,27.163291450725225,1558.4830528088853,1.0,0.0,0.0,24.839999999999648
ppo_T3,183.5137241483932,355.17210128942355,25.68469383905291,1558.4830528088853,1.0,0.0,0.0,24.879999999999647
ppo_T3,182.76694330167285,355.79602157704545,24.327943788144488,1560.462086326318,1.0,1.0,0.0,24.919999999999646
ppo_T3,182.07778628755392,356.4083507898768,23.04729451307651,1562.4266334402566,1.0,0.0,0.0,24.95999999999965
ppo_T3,181.444446528276,357.0108221888869,21.85307525995228,1562.4266334402566,1.0,0.0,0.0,24.999999999999645
ppo_T3,180.8652083236584,357.60508006984026,20.74637508644213,1564.3724131027584,1.0,0.0,0.0,25.039999999999644
ppo_T3,180.33844223523667,358.1926842834615,19.728805459539384,1566.294538851993,1.0,0.0,0.0,25.079999999999643
ppo_T3,179.86254551775514,358.779581767932,18.889917002653707,1566.294538851993,1.0,0.0,0.0,25.11999999999964
ppo_T3,179.43595008692765,359.3670366545309,18.15018776404015,1568.188021616798,1.0,0.0,0.0,25.15999999999964
ppo_T3,179.0576386334471,359.9518250616907,17.412226971711533,1570.0484056093328,1.0,0.0,0.0,25.19999999999964
ppo_T3,178.7263733308982,360.5309266418121,16.678866507722034,1570.0484056093328,1.0,0.0,0.0,25.23999999999964
ppo_T3,178.44073229922094,361.1015313755787,15.952675347229695,1571.8724603177952,1.0,0.0,0.0,25.27999999999964
ppo_T3,178.19968887457586,361.6650089048776,15.321734125689925,1573.6588507140204,1.0,0.0,0.0,25.31999999999964
ppo_T3,178.00226751480724,362.2226585433858,14.789107322226108,1573.6588507140204,1.0,0.0,0.0,25.35999999999964
ppo_T3,177.8475412032879,362.7757128498448,14.357256383296857,1575.408695486498,1.0,0.0,0.0,25.39999999999964
ppo_T3,177.73462898464786,363.3253410198099,14.027657821636645,1577.1259289194795,1.0,0.0,0.0,25.439999999999635
ppo_T3,177.66269362568747,363.8726521051005,13.800455607306281,1578.8173623523317,1.0,0.0,0.0,25.479999999999634
ppo_T3,177.631256499892,364.41447325648977,13.568309883949965,1580.4924048352905,1.0,0.0,0.0,25.519999999999637
ppo_T3,177.63962018964034,364.9519069428671,13.437469036227217,1580.4924048352905,1.0,0.0,0.0,25.559999999999636
ppo_T3,177.68723640953905,365.4817350331599,13.299086191839873,1582.162448800302,1.0,0.0,0.0,25.599999999999632
ppo_T3,177.7735342933143,366.0050503555293,13.259577938481712,1583.8399281254135,1.0,0.0,0.0,25.63999999999963
ppo_T3,177.89797083616904,366.5228896572947,13.314512656554642,1585.5371398637774,1.0,0.0,0.0,25.67999999999963
ppo_T3,178.06005585476865,367.03183161852814,13.353217616893364,1585.5371398637774,1.0,0.0,0.0,25.71999999999963
ppo_T3,178.25935186616334,367.5329122415461,13.481484778249987,1587.2650594818206,1.0,0.0,0.0,25.75999999999963
ppo_T3,178.4954424314895,368.02711443253344,13.69248335339206,1587.2650594818206,1.0,0.0,0.0,25.799999999999628
ppo_T3,178.76780488083958,368.5107833008222,13.877069169311124,1589.0323042280943,1.0,0.0,0.0,25.839999999999627
ppo_T3,179.07611296387782,368.9849117556957,14.138857489809931,1589.0323042280943,1.0,0.0,0.0,25.879999999999622
ppo_T3,179.42005579069627,369.4504419003924,14.470119724391711,1590.8444247029877,1.0,0.0,0.0,25.919999999999625
ppo_T3,179.79898946461353,369.9034744989654,14.765442437459484,1590.8444247029877,1.0,0.0,0.0,25.959999999999624
ppo_T3,180.2126832847612,370.34497321650935,15.125799450386474,1590.8444247029877,1.0,0.0,0.0,25.999999999999623
ppo_T3,180.6609170324076,370.7758525009,15.543697481740766,1592.7036582587807,1.0,0.0,0.0,26.039999999999623
ppo_T3,181.1428412961914,371.1919757742164,15.91794534909887,1592.7036582587807,1.0,0.0,0.0,26.07999999999962
ppo_T3,181.65715462662905,371.5893435787991,16.248449425729632,1594.609125239572,1.0,0.0,0.0,26.11999999999962
ppo_T3,182.2037890372125,371.9689748041894,16.63822868662013,1594.609125239572,1.0,0.0,0.0,26.15999999999962
ppo_T3,182.78267873324577,372.33183652745015,17.080359890480576,1596.5573803230077,1.0,0.0,0.0,26.19999999999962
ppo_T3,183.39376000151063,372.6788466452826,17.56837247552949,1596.5573803230077,1.0,0.0,0.0,26.23999999999962
ppo_T3,184.03697110553608,373.0108763724306,18.09634396866481,1596.5573803230077,1.0,0.0,0.0,26.279999999999617
ppo_T3,184.71225218618736,373.3287526131665,18.658942934790232,1598.5431965682983,1.0,0.0,0.0,26.319999999999617
ppo_T3,185.4195451673048,373.6332602123054,19.25143239916269,1598.5431965682983,1.0,0.0,0.0,26.359999999999616
ppo_T3,186.1587936661344,373.9251440918675,19.869646168372203,1600.560413149107,1.0,0.0,0.0,26.39999999999961
ppo_T3,186.92994290830896,374.2051112791983,20.509948495917946,1600.560413149107,1.0,0.0,0.0,26.43999999999961
ppo_T3,187.73293964714617,374.47383283206045,21.169185086403388,1600.560413149107,1.0,0.0,0.0,26.479999999999613
ppo_T3,188.5677320870464,374.7319456659303,21.844631101298077,1602.6026951732258,1.0,0.0,0.0,26.51999999999961
ppo_T3,189.4342698107807,374.980054288468,22.53393989119791,1602.6026951732258,1.0,0.0,0.0,26.55999999999961
ppo_T3,190.3325037104718,375.2187324458772,23.23509470309024,1604.6641250290693,1.0,0.0,0.0,26.59999999999961
ppo_T3,191.2623859220806,375.4485246856283,23.946364558585177,1604.6641250290693,1.0,0.0,0.0,26.63999999999961
ppo_T3,192.2238697632198,375.6699478397963,24.666264790872617,1606.7395818080322,1.0,0.0,0.0,26.67999999999961
ppo_T3,193.2169096741259,375.883492433045,25.39352227879894,1606.7395818080322,1.0,0.0,0.0,26.719999999999608
ppo_T3,194.241461161629,376.089624019085,26.127045150908902,1608.8249218170122,1.0,0.0,0.0,26.759999999999607
ppo_T3,195.29748074596804,376.2887844492405,26.865896591302697,1608.8249218170122,1.0,0.0,0.0,26.799999999999606
ppo_T3,196.3849259103072,376.4813930765714,27.609272318903187,1610.9169771493068,1.0,0.0,0.0,26.83999999999961
ppo_T3,197.50375505281596,376.6678478988281,28.356481301344125,1610.9169771493068,1.0,0.0,0.0,26.879999999999605
ppo_T3,198.65392744118253,376.8485266433418,29.10692928324817,1613.013453195358,1.0,0.0,0.0,26.919999999999604
ppo_T3,199.8354031694377,377.02378779680464,29.860104742461946,1613.013453195358,1.0,0.0,0.0,26.959999999999603
ppo_T3,201.0481431169708,377.19397158273466,30.615566928198017,1615.1127690037422,1.0,0.0,0.0,26.9999999999996
ppo_T3,202.29210890962676,377.35940088928766,31.37293567675666,1617.213881589892,1.0,0.0,0.0,27.0399999999996
ppo_T3,203.56726288277903,377.5203821499346,32.131882740566574,1617.213881589892,1.0,0.0,0.0,27.0799999999996
ppo_T3,204.8735680462777,377.6772061794016,32.89212440312909,1619.316126152842,1.0,0.0,0.0,27.1199999999996
ppo_T3,206.21098805117668,377.8301489671432,33.65341518540667,1621.4190865406515,1.0,0.0,0.0,27.1599999999996
ppo_T3,207.57948715815127,377.97947243050817,34.41554247812246,1621.4190865406515,1.0,0.0,0.0,27.1999999999996
ppo_T3,208.9790302075187,378.12542512964376,35.178321959496564,1623.522503215186,1.0,0.0,0.0,27.2399999999996
ppo_T3,210.4095825907811,378.26824294608286,35.941593679453,1625.6262141953223,1.0,0.0,0.0,27.2799999999996
ppo_T3,211.87111022361336,378.4081497268592,36.70521870966983,1625.6262141953223,1.0,0.0,0.0,27.319999999999595
ppo_T3,213.3635795202222,378.5453578959012,37.469076274408174,1627.7301218683797,1.0,0.0,0.0,27.359999999999594
ppo_T3,214.88695736900704,378.6800690343669,38.23306129022268,1629.8341769931876,1.0,0.0,0.0,27.399999999999597
ppo_T3,216.4412111094568,378.81247443149846,38.997082253768646,1629.8341769931876,1.0,0.0,0.0,27.439999999999596
ppo_T3,218.02630851021905,378.9427556074922,39.76105942629062,1631.9383679035898,1.0,0.0,0.0,27.479999999999592
ppo_T3,219.64221774828303,379.07108480980776,40.524923271269365,1634.042711567744,1.0,0.0,0.0,27.51999999999959
ppo_T3,221.28890738921905,379.1976254842642,41.288613108351676,1636.14724025306,1.0,0.0,0.0,27.55999999999959
ppo_T3,222.96634636842077,379.3225327222046,42.05207595228742,1638.2519854215025,1.0,0.0,0.0,27.59999999999959
ppo_T3,224.6745039733,379.4459536849443,42.81526551031715,1638.2519854215025,1.0,0.0,0.0,27.63999999999959
ppo_T3,226.413349826385,379.5680280066578,43.57814131543483,1640.3569612886906,1.0,0.0,0.0,27.679999999999588
ppo_T3,228.1828538692767,379.6888881767985,44.34066797630933,1642.462152496276,1.0,0.0,0.0,27.719999999999587
ppo_T3,229.9829863474189,379.8086599030912,45.10281452748824,1644.5675119860696,1.0,0.0,0.0,27.759999999999582
ppo_T3,231.8137177956418,379.9274624560855,45.86455386590895,1646.672968533996,1.0,0.0,0.0,27.799999999999585
ppo_T3,233.6750190244386,380.04540899620486,46.6258622617762,1648.7784480250502,1.0,0.0,0.0,27.839999999999584
ppo_T3,235.566861106939,380.1626068841821,47.38671893359073,1650.8838988710925,1.0,0.0,0.0,27.879999999999583
ppo_T3,237.4892153665433,380.2791579757246,48.14710567857784,1650.8838988710925,1.0,0.0,0.0,27.919999999999582
ppo_T3,239.44205336518408,380.3951589012106,48.90700655101063,1652.9893131375316,1.0,0.0,0.0,27.95999999999958
ppo_T3,241.42534689218328,380.5107013311764,49.666407581982554,1655.0947364142012,1.0,0.0,0.0,27.99999999999958
ppo_T3,243.4390679536747,380.6258722283175,50.425296535087824,1657.200269865878,1.0,0.0,0.0,28.03999999999958
ppo_T3,245.48318876256295,380.7407540866875,51.183662693239896,1659.30605669006,1.0,0.0,0.0,28.07999999999958
ppo_T3,247.5576817289918,380.8554251587461,51.94149667251708,1661.4122623130866,1.0,0.0,0.0,28.119999999999575
ppo_T3,249.6625194512958,380.9699596708724,52.698790259489364,1663.519052054073,1.0,0.0,0.0,28.159999999999577
ppo_T3,251.79767470741095,381.08442802793087,53.45553626896326,1665.6265671965705,1.0,0.0,0.0,28.199999999999577
ppo_T3,253.963120446721,381.1988970074447,54.21172841949683,1667.7348990488304,1.0,0.0,0.0,28.239999999999576
ppo_T3,256.1588297823168,381.3134299439053,54.96736122439303,1669.844067271825,1.0,0.0,0.0,28.27999999999957
ppo_T3,258.38477598364847,381.42808690371913,55.72242989618604,1671.954006397464,1.0,0.0,0.0,28.31999999999957
ppo_T3,260.64093246955,381.542924851267,56.476930262898925,1674.064564527636,1.0,0.0,0.0,28.359999999999573
ppo_T3,262.92727280161733,381.6579978065272,57.23085869457833,1678.286585644052,1.0,0.0,0.0,28.39999999999957
ppo_T3,265.2437706779221,381.7733569946918,57.98421203880827,1680.3974830731845,1.0,0.0,0.0,28.43999999999957
ppo_T3,267.59039992704385,381.8890509881824,58.73698756407405,1682.5079374155778,1.0,0.0,0.0,28.47999999999957
ppo_T3,269.9671345024049,382.0051258414508,59.489182909994405,1684.617734638733,1.0,0.0,0.0,28.51999999999957
ppo_T3,272.373948476892,382.12162521893305,60.240796043566434,1686.7267432616047,1.0,0.0,0.0,28.55999999999957
ppo_T3,274.81081603775044,382.2385905165018,60.99182522067743,1688.834928707799,1.0,0.0,0.0,28.599999999999568
ppo_T3,277.2777114817369,382.3560609767502,61.74226895223391,1690.942353150445,1.0,0.0,0.0,28.639999999999567
ppo_T3,279.7746092105176,382.4740737984185,62.492125974339565,1695.1555619805274,1.0,0.0,0.0,28.679999999999566
ppo_T3,282.3014837262997,382.5926642402622,63.24139522202663,1697.2617961360168,1.0,0.0,0.0,28.719999999999565
ppo_T3,284.8583096276836,382.7118657196434,63.99007580610723,1699.3681213008235,1.0,0.0,0.0,28.759999999999565
ppo_T3,287.44506160572524,382.83170990611393,64.7381669927654,1701.474788588567,1.0,0.0,0.0,28.799999999999564
ppo_T3,290.0617144401978,382.952226810244,65.48566818555814,1703.5820240013115,1.0,0.0,0.0,28.839999999999563
ppo_T3,292.70824299604243,383.07344486793903,66.23257890953477,1707.798876955923,1.0,0.0,0.0,28.87999999999956
ppo_T3,295.3846222199985,383.1953910204722,66.9788987972202,1709.90867910657,1.0,0.0,0.0,28.91999999999956
ppo_T3,298.0908271374043,383.3180907904524,67.72462757623832,1712.019405778112,1.0,0.0,0.0,28.95999999999956
ppo_T3,300.8268328491594,383.44156835393176,68.46976505838015,1714.130984277978,1.0,0.0,0.0,28.99999999999956
ppo_T3,303.59261452884107,383.5658466088515,69.21431112994453,1718.3562122875444,1.0,0.0,0.0,29.03999999999956
ppo_T3,306.3881474199654,383.6909472400093,69.95826574320037,1720.4695857747656,1.0,0.0,0.0,29.07999999999956
ppo_T3,309.21340683338786,383.8168907807273,70.70162890883773,1722.583294051471,1.0,0.0,0.0,29.11999999999956
ppo_T3,312.0683681448345,383.9436966713867,71.4444006892913,1726.8113253856186,1.0,0.0,0.0,29.15999999999956
ppo_T3,314.95300679255814,384.0713833149894,72.18658119283344,1728.925512483467,1.0,0.0,0.0,29.199999999999555
ppo_T3,317.8672982751125,384.1999681298963,72.92817056834653,1733.154033559546,1.0,0.0,0.0,29.239999999999554
ppo_T3,320.811218149239,384.3294675998872,73.66916900069528,1735.2683283424287,1.0,0.0,0.0,29.279999999999557
ppo_T3,323.78474202786,384.4598973216772,74.4095767066291,1737.3826325174057,1.0,0.0,0.0,29.319999999999556
ppo_T3,326.7878455781733,384.59127205001903,75.1493939311523,1741.611253684063,1.0,0.0,0.0,29.359999999999552
ppo_T3,329.8205045198425,384.7236057405152,75.88862094430861,1743.72556668276,1.0,0.0,0.0,29.39999999999955
ppo_T3,332.8826946232786,384.8569115902538,76.62725803833152,1747.9541927185742,1.0,0.0,0.0,29.43999999999955
ppo_T3,335.9743917080085,384.9912020763809,77.36530552511803,1750.0685057364813,1.0,0.0,0.0,29.47999999999955
ppo_T3,339.095571641125,385.1264889927134,78.10276373398935,1754.2971317722954,1.0,0.0,0.0,29.51999999999955
ppo_T3,342.24621033581514,385.2627834844917,78.83963300970427,1756.4114447902025,1.0,0.0,0.0,29.559999999999548
ppo_T3,345.4262837499626,385.4000960813666,79.57591371069758,1760.6400708260169,1.0,0.0,0.0,29.599999999999547
ppo_T3,348.6357678848201,385.53843672871136,80.31160620751676,1762.7543838439235,1.0,0.0,0.0,29.639999999999542
ppo_T3,351.8746387837489,385.6778148173421,81.04671088143472,1766.983009879738,1.0,0.0,0.0,29.679999999999545
ppo_T3,355.142872531021,385.81823921172855,81.78122812321855,1769.097322897645,1.0,0.0,0.0,29.719999999999544
ppo_T3,358.4404452506819,385.9597182767727,82.51515833203607,1773.3259489334591,1.0,0.0,0.0,29.759999999999543
ppo_T3,361.7673331054702,386.1022599032253,83.24850191448533,1775.4402613246268,1.0,0.0,0.0,29.799999999999542
ppo_T3,365.1235122957913,386.2458715318129,83.98125928373229,1779.6688758878188,1.0,0.0,0.0,29.83999999999954
ppo_T3,368.5089590587428,386.39056017613774,84.713430858745,1783.8974525251394,1.0,0.0,0.0,29.87999999999954
ppo_T3,371.9236496671879,386.5363324444155,85.44501706361304,1786.0117026327623,1.0,0.0,0.0,29.91999999999954
ppo_T3,375.367560428876,386.683194560108,86.17601832694282,1790.240008674146,1.0,0.0,0.0,29.95999999999954
ppo_T3,378.8406676856069,386.8311523815079,86.90643508132017,1792.3539749960837,1.0,0.0,0.0,29.999999999999535
ppo_T3,382.34294781243625,386.9802114203284,87.63626776283243,1796.5811530060598,1.0,0.0,0.0,30.039999999999537
ppo_T3,385.8743772169215,387.1303768593492,88.3655168106438,1800.8065488258585,1.0,0.0,0.0,30.079999999999536
ppo_T3,389.4349323384046,387.2816535691648,89.09418266661748,1802.918234824996,1.0,0.0,0.0,30.119999999999536
ppo_T3,393.0245896473308,387.434046124083,89.82226577497975,1807.13899139836,1.0,0.0,0.0,30.15999999999953
ppo_T3,396.6433256446013,387.58755881721527,90.5497665820212,1811.3560292438565,1.0,0.0,0.0,30.19999999999953
ppo_T3,400.2911168609577,387.7421956748005,91.2766855358307,1815.570035350884,1.0,0.0,0.0,30.239999999999533
ppo_T3,403.9679398563977,387.8979604698015,92.00302308605907,1817.6763828685212,1.0,0.0,0.0,30.27999999999953
ppo_T3,407.6737712196189,388.05485673480985,92.72877968370844,1821.888984292848,1.0,0.0,0.0,30.31999999999953
ppo_T3,411.4085875674906,388.2128877742962,93.45395578094498,1826.1029781746315,1.0,0.0,0.0,30.35999999999953
ppo_T3,415.1723655445516,388.3720566762375,94.17855183093214,1830.319551389996,1.0,0.0,0.0,30.39999999999953
ppo_T3,418.9644158770107,388.5139411841536,94.86759502554587,1832.42885079973,1.0,0.0,0.0,30.43999999999953
ppo_T3,422.7847496261257,388.6393586855477,95.55979641134026,1836.648775322712,1.0,0.0,0.0,30.479999999999528
ppo_T3,426.63337613340497,388.7490850931658,96.2547592234453,1840.8686929019543,1.0,0.0,0.0,30.519999999999527
ppo_T3,430.51030310889706,388.8438569518752,96.95212890423512,1845.0860808592436,1.0,0.0,0.0,30.55999999999953
ppo_T3,434.4155367149943,388.92437343851407,97.6515886417488,1849.2986901608167,1.0,0.0,0.0,30.599999999999525
ppo_T3,438.34908164597846,388.9912982601487,98.3528553723218,1853.5051424525527,1.0,0.0,0.0,30.639999999999525
ppo_T3,442.310941203525,389.04526145589904,99.05567620099674,1855.6060090650951,1.0,0.0,0.0,30.679999999999524
ppo_T3,446.297906315621,389.0678863900294,99.67573266822066,1859.8040299130332,1.0,0.0,0.0,30.719999999999523
ppo_T3,450.30411019742417,389.04222190650336,100.157152166887,1863.9999883444848,1.0,0.0,0.0,30.75999999999952
ppo_T3,454.2396279080695,388.9732345162725,98.40305797717296,1868.198104727642,1.0,1.0,1.0,30.79999999999952
ppo_T3,458.1211348786331,388.88069254094165,97.06524989579079,1872.4016062792296,1.0,0.0,1.0,30.83999999999952
ppo_T3,462.03133626468,388.78338473180736,97.78529953794748,1876.611707145683,1.0,0.0,0.0,30.87999999999952
ppo_T3,465.9276070760049,388.6831061349724,97.43902590904348,1880.8280257274512,0.0,0.0,0.0,30.91999999999952
ppo_T3,469.8500463870027,388.55961139628965,98.10957235071244,1885.0492973702324,1.0,0.0,0.0,30.95999999999952
ppo_T3,473.79340135769394,388.3955904267866,98.66911656932002,1887.161264908292,1.0,0.0,0.0,30.99999999999952
ppo_T3,477.7580221367832,388.1928016879402,99.2450918011476,1891.386711537587,1.0,0.0,0.0,31.03999999999952
ppo_T3,481.7442399552894,387.95291455160105,99.83573488097137,1895.6126541749863,1.0,0.0,0.0,31.079999999999515
ppo_T3,485.75236808846864,387.6775138255546,100.43946152997422,1899.837368168338,1.0,0.0,0.0,31.119999999999514
ppo_T3,489.7407908580802,387.3755571514124,99.9959187361391,1904.0593689615912,0.0,0.0,0.0,31.159999999999517
ppo_T3,493.702913759866,387.0334173061745,99.42169520078058,1908.277766897744,0.0,0.0,0.0,31.199999999999516
ppo_T3,497.55062298416976,386.6464777935973,96.67790744653537,1912.4926130655829,0.0,0.0,1.0,31.23999999999951
ppo_T3,501.285672125544,386.2199331174734,93.98315157918685,1914.5989597180967,0.0,0.0,1.0,31.27999999999951
ppo_T3,504.91802694140944,385.7719769795089,91.49681077051461,1918.810232820736,0.0,0.0,1.0,31.31999999999951
ppo_T3,508.45426445884,385.3200097294106,89.12508827080244,1923.0204722866465,0.0,0.0,1.0,31.35999999999951
ppo_T3,511.96858590776384,384.8416301728043,88.66828014623053,1927.230204018543,0.0,0.0,0.0,31.39999999999951
ppo_T3,515.4539187499827,384.325729803268,88.08269627293895,1929.3348159772563,0.0,0.0,0.0,31.439999999999507
ppo_T3,518.9409238317405,383.7473162457844,88.36630679904763,1933.5428635537912,1.0,0.0,0.0,31.479999999999507
ppo_T3,522.3018182049382,383.1282832228721,85.43569537687165,1935.645856786281,0.0,0.0,1.0,31.519999999999506
ppo_T3,525.5276213990466,382.46671612428594,82.32358893814883,1939.848376626723,0.0,0.0,1.0,31.559999999999505
ppo_T3,528.6119418124265,381.7677531903792,79.06319306165788,1941.947263773077,0.0,1.0,1.0,31.599999999999504
ppo_T3,531.6221965987612,381.0119639303148,77.59208756487064,1946.1384475509587,0.0,0.0,0.0,31.639999999999503
ppo_T3,534.5489658167746,380.2010582075874,75.92572911513061,1948.2297093295972,0.0,0.0,0.0,31.679999999999502
ppo_T3,537.3835161385169,379.33853235949584,74.07186698198831,1952.398875098498,0.0,0.0,0.0,31.7199999999995
ppo_T3,540.1180554051149,378.4294732105565,72.04206035728399,1954.473436931504,0.0,0.0,0.0,31.7599999999995
ppo_T3,542.7459457363686,377.4803299089601,69.8510943009404,1958.5892788756037,0.0,0.0,0.0,31.7999999999995
ppo_T3,545.2618717051881,376.4986613936244,67.51646352271023,1960.623618798353,0.0,0.0,0.0,31.8399999999995
ppo_T3,547.6803977751807,375.4579483365892,65.82340018145896,1964.627688765828,1.0,0.0,0.0,31.879999999999495
ppo_T3,549.9938807265928,374.3766982455292,63.84211543865252,1966.592831517639,1.0,1.0,0.0,31.919999999999497
ppo_T3,552.187165574909,373.2896157719885,61.19766503987929,1970.4511710427064,0.0,0.0,0.0,31.959999999999496
ppo_T3,554.2708873285585,372.1691632849206,59.14658761505371,1974.241554716889,1.0,0.0,0.0,31.999999999999496
ppo_T3,556.2436483488135,371.0244457212109,57.02063411445488,1976.1281375973092,1.0,0.0,0.0,32.039999999999495
ppo_T3,558.1053556584801,369.8644887368547,54.837568739544054,1979.9213618397732,1.0,0.0,0.0,32.079999999999494
ppo_T3,559.8571467671716,368.698048877697,52.61507646056902,1981.840006786576,1.0,0.0,0.0,32.11999999999949
ppo_T3,561.5012899091632,367.5334438881762,50.37057333512665,1983.7784994789165,1.0,0.0,0.0,32.15999999999949
ppo_T3,563.0427665905905,366.369081692492,48.29524874484635,1985.7384092751795,1.0,0.0,0.0,32.19999999999949
ppo_T3,564.4897109119456,365.1946919863995,46.588887159907415,1987.719676315775,1.0,0.0,0.0,32.23999999999949
ppo_T3,565.8515375531778,364.0013188142896,45.26803044562321,1989.7209668350165,1.0,0.0,0.0,32.27999999999949
ppo_T3,567.1387049391305,362.781491340902,44.33381147817427,1991.740053596028,1.0,0.0,0.0,32.31999999999949
ppo_T3,568.354908152131,361.53500201253246,43.537956867051754,1991.740053596028,1.0,0.0,0.0,32.35999999999949
ppo_T3,569.496948152567,360.26799654111653,42.64356800264576,1993.774174967538,1.0,0.0,0.0,32.39999999999949
ppo_T3,570.562564792334,358.986873196071,41.65945156990873,1995.820344367414,1.0,0.0,0.0,32.439999999999486
ppo_T3,571.5504297053188,357.69814095153845,40.59485715891559,1995.820344367414,1.0,0.0,0.0,32.479999999999485
ppo_T3,572.4601187040544,356.4082850723672,39.459332415262594,1997.8755851911096,1.0,0.0,0.0,32.519999999999484
ppo_T3,573.2920657141515,355.12364295093647,38.262589494859554,1997.8755851911096,1.0,0.0,0.0,32.559999999999484
ppo_T3,574.0494927209355,353.8425585170415,37.20612346588416,1999.9370999222808,1.0,0.0,0.0,32.59999999999948
ppo_T3,574.7354586147234,352.5634609418128,36.28567050500185,2002.0023988970995,1.0,0.0,0.0,32.63999999999948
ppo_T3,575.3528674755847,351.2848603065663,35.496595663554004,2002.0023988970995,1.0,0.0,0.0,32.67999999999948
ppo_T3,575.9044764372372,350.005343491676,34.83385320132629,2004.0693945852147,1.0,0.0,0.0,32.71999999999948
ppo_T3,576.389906019878,348.7306993054861,34.09875072024758,2004.0693945852147,1.0,0.0,0.0,32.75999999999948
ppo_T3,576.8116783188699,347.45935687847486,33.48696984384053,2006.1364503028567,1.0,0.0,0.0,32.79999999999948
ppo_T3,577.172187978985,346.1898261999644,32.99313715300995,2006.1364503028567,1.0,0.0,0.0,32.83999999999948
ppo_T3,577.4710719804291,344.92772653293,32.42517555703569,2008.2024114789208,1.0,0.0,0.0,32.87999999999948
ppo_T3,577.7086890340167,343.6785604610206,31.789126869156092,2008.2024114789208,1.0,0.0,0.0,32.91999999999948
ppo_T3,577.8871014990889,342.4405048126748,31.27112082351381,2010.266602657748,1.0,0.0,0.0,32.959999999999475
ppo_T3,578.008267807133,341.21182996636253,30.865870635759237,2010.266602657748,1.0,0.0,0.0,32.999999999999474
ppo_T3,578.0740477406465,339.9908950974972,30.567639687097746,2012.328798559724,1.0,0.0,0.0,33.03999999999947
ppo_T3,578.0862074438337,338.77614366680484,30.37030721723395,2012.328798559724,1.0,0.0,0.0,33.07999999999947
ppo_T3,578.0444553201444,337.5730551045961,30.09532073626644,2012.328798559724,1.0,0.0,0.0,33.11999999999947
ppo_T3,577.9492013787586,336.3869973330373,29.746915289914405,2014.3891685401693,1.0,0.0,0.0,33.15999999999947
ppo_T3,577.8019350573693,335.2161315268087,29.50226798073023,2014.3891685401693,1.0,0.0,0.0,33.19999999999947
ppo_T3,577.6040711129982,334.0587130518457,29.355234484965536,2016.448205641637,1.0,0.0,0.0,33.23999999999947
ppo_T3,577.356953414988,332.9130866798001,29.299391429220847,2016.448205641637,1.0,0.0,0.0,33.27999999999947
ppo_T3,577.0618585453105,331.7776820456067,29.32815057092895,2018.50665034852,1.0,0.0,0.0,33.31999999999947
ppo_T3,576.7199992159806,330.6510093358068,29.434877229845462,2018.50665034852,1.0,0.0,0.0,33.35999999999947
ppo_T3,576.3325275128651,329.5316551959047,29.613004018834104,2020.56541184677,1.0,0.0,0.0,33.399999999999466
ppo_T3,575.9005379747081,328.4182788456312,29.856132728736142,2020.56541184677,1.0,0.0,0.0,33.439999999999465
ppo_T3,575.425070515741,327.30960839155244,30.15811955638883,2022.62548180305,1.0,0.0,0.0,33.479999999999464
ppo_T3,574.907113199826,326.2044373269982,30.51314125747568,2022.62548180305,1.0,0.0,0.0,33.51999999999946
ppo_T3,574.3476048736725,325.1016212097949,30.91574189832691,2024.6878518918184,1.0,0.0,0.0,33.55999999999946
ppo_T3,573.7474376662876,324.00007450877,31.360861469343316,2024.6878518918184,1.0,0.0,0.0,33.59999999999946
ppo_T3,573.1074593614547,322.89876761045434,31.843848649841743,2024.6878518918184,1.0,0.0,0.0,33.63999999999946
ppo_T3,572.4284756496909,321.7967239778447,32.36046052878537,2026.7534245512893,1.0,0.0,0.0,33.67999999999946
ppo_T3,571.7112522658055,320.6930174535016,32.906852195530625,2028.82293241665,1.0,0.0,0.0,33.71999999999946
ppo_T3,570.9565170178714,319.58676969965035,33.479558944366936,2028.82293241665,1.0,0.0,0.0,33.75999999999946
ppo_T3,570.1618147645896,318.4846919159168,33.96806508297732,2030.8968545420155,1.0,0.0,0.0,33.79999999999946
ppo_T3,569.3278855623049,317.38571501612387,34.48902126675394,2030.8968545420155,1.0,0.0,0.0,33.839999999999456
ppo_T3,568.4554329047139,316.2888249094735,35.038742359396544,2032.9753881985005,1.0,0.0,0.0,33.879999999999455
ppo_T3,567.5451255794218,315.1930597062329,35.6139088622111,2032.9753881985005,1.0,0.0,0.0,33.919999999999455
ppo_T3,566.5975994301864,314.0975070653722,36.21154332859102,2035.0584565988784,1.0,0.0,0.0,33.959999999999454
ppo_T3,565.6134590296415,313.0013016769428,36.8289846928201,2037.145733704458,1.0,0.0,0.0,33.99999999999945
ppo_T3,564.5932792670459,311.90362287235064,37.46386180424864,2037.145733704458,1.0,0.0,0.0,34.03999999999945
ppo_T3,563.5376068553757,310.803692356029,38.1140671332223,2039.236724849046,1.0,0.0,0.0,34.07999999999945
ppo_T3,562.4469617618572,309.70077205234185,38.77773133756346,2041.330838450068,1.0,0.0,0.0,34.11999999999945
ppo_T3,561.318545349518,308.6026561113669,39.36354769532719,2041.330838450068,1.0,0.0,0.0,34.15999999999945
ppo_T3,560.152927557706,307.5083589384078,39.969919465571685,2043.4274432918533,1.0,0.0,0.0,34.19999999999945
ppo_T3,558.9506504519253,306.4169456002052,40.59443707186892,2045.525908259348,1.0,0.0,0.0,34.23999999999945
ppo_T3,557.7122296389639,305.32752925086106,41.23495249932239,2045.525908259348,1.0,0.0,0.0,34.27999999999945
ppo_T3,556.4381556101341,304.23926868852686,41.88955480240877,2047.625621794515,1.0,0.0,0.0,34.319999999999446
ppo_T3,555.1288950162769,303.1513660362117,42.5565468196562,2049.725994918384,1.0,0.0,0.0,34.359999999999445
ppo_T3,553.7848918779964,302.06306454040623,43.234423361774866,2051.826467344665,1.0,0.0,0.0,34.399999999999444
ppo_T3,552.4065687344156,300.9736464815367,43.92185101917811,2051.826467344665,1.0,0.0,0.0,34.43999999999944
ppo_T3,550.9943277335758,299.88243119056847,44.61764964461839,2053.926513742439,1.0,0.0,0.0,34.47999999999944
ppo_T3,549.5485516674444,298.78877316636607,45.32077550156179,2056.0256716598838,1.0,0.0,0.0,34.51999999999944
ppo_T3,548.0696049543449,297.6920602886923,46.030306023881415,2058.123584608208,1.0,0.0,0.0,34.55999999999944
ppo_T3,546.5578345714804,296.5917121219867,46.74542610298042,2060.2200389824498,1.0,0.0,0.0,34.59999999999944
ppo_T3,545.0135709400854,295.4871783053131,47.465415800775396,2060.2200389824498,1.0,0.0,0.0,34.63999999999944
ppo_T3,543.4371287656127,294.3779370240977,48.18963937798568,2062.315007528708,1.0,0.0,0.0,34.67999999999944
ppo_T3,541.8288078352393,293.2634935595037,48.9175355244255,2064.408668436989,1.0,0.0,0.0,34.71999999999944
ppo_T3,540.1888937748599,292.14337891149734,49.64860867957661,2066.501383208254,1.0,0.0,0.0,34.75999999999944
ppo_T3,538.5176587676257,291.0171484918636,50.38242133617665,2068.593648132777,1.0,0.0,0.0,34.79999999999944
ppo_T3,536.815362235982,289.884380883616,51.11858722581402,2070.686013472145,1.0,0.0,0.0,34.839999999999435
ppo_T3,535.0822514890592,288.74467666342986,51.856765292783166,2072.7790007877925,1.0,0.0,0.0,34.879999999999434
ppo_T3,533.3185623371771,287.5976572838951,52.59665437016258,2074.8730305278223,1.0,0.0,0.0,34.91999999999943
ppo_T3,531.5245196751325,286.44296401255207,53.337988479840526,2074.8730305278223,1.0,0.0,0.0,34.95999999999943
ppo_T3,529.7003380358573,285.280256924824,54.080532685767864,2076.96838673048,1.0,0.0,0.0,34.99999999999943
ppo_T3,527.8462221159504,284.10921394810936,54.82407943689643,2079.065213728872,1.0,0.0,0.0,35.03999999999943
ppo_T3,525.9623672745145,282.92952995443426,55.56844534296555,2081.163538984021,1.0,0.0,0.0,35.07999999999943
ppo_T3,524.0489600066518,281.7409158991988,56.313468332479594,2083.263307040646,1.0,0.0,0.0,35.11999999999943
ppo_T3,522.1061783929068,280.5430980036754,57.059005147858734,2085.364419636135,1.0,0.0,0.0,35.15999999999943
ppo_T3,520.1341925258788,279.3358169790366,57.80492913785167,2087.466767073952,1.0,0.0,0.0,35.19999999999943
ppo_T3,518.1331649151621,278.1188272898024,58.55112831189261,2089.570238070754,1.0,0.0,0.0,35.23999999999943
ppo_T3,516.1032508717168,276.89189645470515,59.29750362519815,2091.674714047835,1.0,0.0,0.0,35.279999999999426
ppo_T3,514.0397469198099,275.6664266964355,59.99908690955649,2095.8861636787988,1.0,0.0,0.0,35.319999999999425
ppo_T3,511.94298492297634,274.4417318237642,60.7056854962574,2097.9928342210137,1.0,0.0,0.0,35.359999999999424
ppo_T3,509.8132809856866,273.2171609935512,61.416674134126374,2100.0999042082262,1.0,0.0,0.0,35.39999999999942
ppo_T3,507.65093625302745,271.9920969146712,62.13149734746576,2102.207191095236,1.0,0.0,0.0,35.43999999999942
ppo_T3,505.4562376697596,270.76595414317984,62.849661730785634,2104.314514749581,1.0,0.0,0.0,35.47999999999942
ppo_T3,503.229458700816,269.5381774640859,63.57072906543045,2106.4217066579,1.0,0.0,0.0,35.51999999999942
ppo_T3,500.9708600151996,268.30824035532976,64.29431017867878,2110.6351247256684,1.0,0.0,0.0,35.55999999999942
ppo_T3,498.6806901351396,267.07564352979216,65.02005947138025,2112.741134029095,1.0,0.0,0.0,35.59999999999942
ppo_T3,496.35918605227175,265.839913551369,65.7476700459128,2114.846585639116,1.0,0.0,0.0,35.63999999999942
ppo_T3,494.0065738125164,264.6006015213501,66.47686937196937,2116.95145391446,1.0,0.0,0.0,35.67999999999942
ppo_T3,491.6230690712465,263.3572818315299,67.20741543326363,2121.159498522245,1.0,0.0,0.0,35.719999999999416
ppo_T3,489.2088776202532,262.109550980661,67.93909330357474,2123.262777341516,1.0,0.0,0.0,35.759999999999415
ppo_T3,486.76419588794266,260.85702645103163,68.67171210556826,2127.4682710786537,1.0,0.0,0.0,35.799999999999415
ppo_T3,484.360376436765,259.63575036225205,67.40670978695613,2129.570690764212,1.0,0.0,1.0,35.839999999999414
ppo_T3,482.0038283931698,258.43243320432447,66.14988125620204,2131.673020581733,1.0,0.0,1.0,35.87999999999941
ppo_T3,479.63088481106325,257.1998145000144,66.8496920060016,2135.877636689589,1.0,0.0,0.0,35.91999999999941
ppo_T3,477.2411345567736,255.9385562382966,67.55404632879473,2137.9798899361326,1.0,0.0,0.0,35.95999999999941
ppo_T3,474.8341883774412,254.6492874403297,68.26237957146404,2140.081943730177,1.0,0.0,0.0,35.99999999999941
ppo_T3,472.48010042651055,253.37042667684207,66.97581155305673,2144.284345899971,1.0,0.0,1.0,36.03999999999941
ppo_T3,470.187286998565,252.0930036476008,65.61632328831617,2146.383903989262,1.0,0.0,1.0,36.07999999999941
ppo_T3,467.9645633283709,250.81055763226004,64.1539568942593,2150.5772964210773,1.0,0.0,1.0,36.11999999999941
ppo_T3,465.75171381039854,249.4788221274931,64.56693447426933,2152.670160337242,1.0,0.0,0.0,36.15999999999941
ppo_T3,463.5472324013606,248.09918549977712,65.01507280685736,2154.7599466550746,1.0,0.0,0.0,36.199999999999406
ppo_T3,461.41730840646375,246.7155993893001,63.49648981017732,2158.9295287956884,1.0,0.0,1.0,36.239999999999405
ppo_T3,459.3708588343443,245.3254801193274,61.84854199967752,2161.009360684929,1.0,0.0,1.0,36.27999999999941
ppo_T3,457.416307105836,243.9283915592051,60.06313815602339,2165.1603416645644,1.0,0.0,1.0,36.3199999999994
ppo_T3,455.5613297164292,242.52582330418596,58.13851361833034,2167.2323502375825,1.0,0.0,1.0,36.3599999999994
ppo_T3,453.74921423973456,241.0722988825753,58.07589724390165,2171.3722675889594,1.0,0.0,0.0,36.3999999999994
ppo_T3,451.9892625092924,239.56983941178075,57.8511805998091,2173.441536363004,1.0,0.0,0.0,36.4399999999994
ppo_T3,450.2783545840133,238.01948421092973,57.7213520804285,2175.511325828283,1.0,0.0,0.0,36.4799999999994
ppo_T3,448.6135293918337,236.4222209590032,57.67848828024512,2177.5823664557856,1.0,0.0,0.0,36.5199999999994
ppo_T3,447.0611473056584,234.83653407947452,55.47687030075685,2181.7306946185063,1.0,0.0,1.0,36.5599999999994
ppo_T3,445.5698410528813,233.21095911338804,55.15029640638402,2183.808813293103,1.0,0.0,0.0,36.5999999999994
ppo_T3,444.1362849267138,231.54601185374923,54.92684079898317,2185.8897603903606,1.0,0.0,0.0,36.6399999999994
ppo_T3,442.757322344716,229.84218309969648,54.79832471029152,2187.973402365624,1.0,0.0,0.0,36.6799999999994
ppo_T3,441.4797884750111,228.1624428357237,52.75900481585149,2190.0594055729284,1.0,0.0,1.0,36.7199999999994
ppo_T3,440.3074912571324,226.51248764448823,50.600351407692195,2192.147313092478,1.0,0.0,1.0,36.759999999999394
ppo_T3,439.2428079979914,224.8987395307322,48.333046516761186,2194.236612918153,1.0,0.0,1.0,36.79999999999939
ppo_T3,438.2433591636911,223.2608987836932,47.96756902484843,2196.326803887524,1.0,0.0,0.0,36.83999999999939
ppo_T3,437.30599171216994,221.59865876453455,47.708094311025704,2198.417464383694,1.0,0.0,0.0,36.87999999999939
ppo_T3,436.42771264720994,219.9117296361085,47.54671387356416,2200.5082854379853,1.0,0.0,0.0,36.91999999999939
ppo_T3,435.6056808882105,218.19983750845023,47.475723201061,2202.59910754504,1.0,0.0,0.0,36.95999999999939
ppo_T3,434.8371995529779,216.46272362768272,47.487683912226856,2204.689898119097,1.0,0.0,0.0,36.99999999999939
ppo_T3,434.12838619494096,214.70571346977255,47.3649466346885,2206.780742939645,1.0,0.0,0.0,37.03999999999939
ppo_T3,433.4843705797319,212.934845148017,47.10845681530077,2208.8717938984387,1.0,0.0,0.0,37.07999999999939
ppo_T3,432.9022747563312,211.1493406840683,46.94985182618533,2208.8717938984387,1.0,0.0,0.0,37.119999999999386
ppo_T3,432.3793666426117,209.3484628064573,46.881459724649346,2210.9632116874905,1.0,0.0,0.0,37.159999999999386
ppo_T3,431.9130526154637,207.53151288173552,46.895867360978414,2213.0551173772205,1.0,0.0,0.0,37.199999999999385
ppo_T3,431.5008704773413,205.69782895071583,46.98597446224627,2215.147536863491,1.0,0.0,0.0,37.23999999999938
ppo_T3,431.1404827801085,203.8467838644732,47.14503687836407,2217.2403796148246,1.0,0.0,0.0,37.27999999999938
ppo_T3,430.8375965351139,201.98438303142893,47.171740350626315,2219.333439853578,1.0,0.0,0.0,37.31999999999938
ppo_T3,430.5898254989872,200.1097652079046,47.2730266022451,2221.4264164003075,1.0,0.0,0.0,37.35999999999938
ppo_T3,430.3949042216569,198.2221140518932,47.442209523451645,2223.518956445322,1.0,0.0,0.0,37.39999999999938
ppo_T3,430.2506819103932,196.3206558411337,47.67299682689058,2225.6107161368386,1.0,0.0,0.0,37.43999999999938
ppo_T3,430.15511660555694,194.40465730710855,47.9595083760436,2225.6107161368386,1.0,0.0,0.0,37.47999999999938
ppo_T3,430.1062696522204,192.47342357907436,48.29628438831582,2227.701417238617,1.0,0.0,0.0,37.51999999999938
ppo_T3,430.1102764222158,190.53324994202583,48.50444435889166,2229.79089996642,1.0,0.0,0.0,37.55999999999938
ppo_T3,430.1651032416584,188.58320647046,48.77035165655749,2231.87915058463,1.0,0.0,0.0,37.599999999999376
ppo_T3,430.2688192262605,186.62241158634745,49.08839974362542,2233.966315005384,1.0,0.0,0.0,37.639999999999375
ppo_T3,430.4195910600369,184.6500296021953,49.45340507278195,2236.0526932135904,1.0,0.0,0.0,37.679999999999374
ppo_T3,430.6232788551856,182.672925349806,49.689221307974115,2238.1387134226743,1.0,0.0,0.0,37.719999999999374
ppo_T3,430.8779581704927,180.69001597117668,49.979940710632384,2240.2248881289497,1.0,0.0,0.0,37.75999999999937
ppo_T3,431.1818017154058,178.7002746756905,50.320170674568594,2242.311769740684,1.0,0.0,0.0,37.79999999999937
ppo_T3,431.5330744152701,176.70272789104678,50.70494099758921,2244.3999026235115,1.0,0.0,0.0,37.83999999999937
ppo_T3,431.93012872724825,174.6964525589246,51.12969315220892,2246.4897710914806,1.0,0.0,0.0,37.87999999999937
ppo_T3,432.3714001941928,172.68057356802748,51.590264424839106,2248.581766174136,1.0,0.0,0.0,37.91999999999937
ppo_T3,432.8554032243801,170.65426131753006,52.0828682830692,2250.67615309995,1.0,0.0,0.0,37.95999999999937
ppo_T3,433.3807270856345,168.61672940430222,52.604072184487165,2252.773069269792,1.0,0.0,0.0,37.99999999999937
ppo_T3,433.94603210294986,166.56723242762305,53.1507738655974,2254.872519567941,1.0,0.0,0.0,38.03999999999937
ppo_T3,434.5500460492716,164.50506390541585,53.72017696669724,2256.9743820547656,1.0,0.0,0.0,38.079999999999366
ppo_T3,435.1997819356088,162.43771993538417,54.17603144161632,2259.0784380399846,1.0,0.0,0.0,38.119999999999365
ppo_T3,435.893782972504,160.3642175848982,54.66402745797755,2261.184392610004,1.0,0.0,0.0,38.15999999999936
ppo_T3,436.6306656826961,158.2836248509821,55.18073856091234,2263.2919004831897,1.0,0.0,0.0,38.19999999999936
ppo_T3,437.4091161774147,156.19505807229015,55.723067271235394,2265.40059767238,1.0,0.0,0.0,38.23999999999936
ppo_T3,438.2278866218391,154.09767947255523,56.28822052219789,2267.5101288195583,1.0,0.0,0.0,38.27999999999936
ppo_T3,439.0857918801103,151.99069482883078,56.87368526535372,2269.6201729015274,1.0,0.0,0.0,38.31999999999936
ppo_T3,439.9817063307771,149.87335125818674,57.47720471555006,2271.730462944554,1.0,0.0,0.0,38.35999999999936
ppo_T3,440.9145608440162,147.74493511684184,58.09675557640924,2273.8407952489188,1.0,0.0,0.0,38.39999999999936
ppo_T3,441.8916268738036,145.61391650057158,58.60833115615289,2275.9510267511228,1.0,0.0,0.0,38.43999999999936
ppo_T3,442.9186081435778,143.48949631861086,58.9907388811433,2278.061070711175,1.0,0.0,0.0,38.47999999999936
ppo_T3,443.9940257818205,141.37026017871534,59.412145818861426,2280.17087524624,1.0,0.0,0.0,38.51999999999936
ppo_T3,445.1164751982279,139.25486640312005,59.86852009936303,2282.280403902864,1.0,0.0,0.0,38.55999999999936
ppo_T3,446.284622310902,137.14204233395324,60.35619906076084,2286.4984996371954,1.0,0.0,0.0,38.59999999999936
ppo_T3,447.49719996519946,135.0305808263357,60.87186473369742,2288.606984867259,1.0,0.0,0.0,38.63999999999936
ppo_T3,448.7530045345019,132.919336919631,61.41251882697929,2290.715036895285,1.0,0.0,0.0,38.67999999999935
ppo_T3,450.0508926936674,130.8072246777972,61.975457823068105,2292.822623205725,1.0,0.0,0.0,38.71999999999935
ppo_T3,451.3477353110492,128.76120055972464,60.55996752183075,2294.929737312409,1.0,0.0,1.0,38.75999999999935
ppo_T3,452.68395111363145,126.71163385628728,61.16676151569948,2297.0364066715606,1.0,0.0,0.0,38.79999999999935
ppo_T3,454.0215709623265,124.73529668902786,59.661207341506135,2299.1426967511256,1.0,0.0,1.0,38.83999999999935
ppo_T3,455.3627692375959,122.84061547123036,58.03355565242176,2301.248704260473,1.0,0.0,1.0,38.87999999999935
ppo_T3,456.75064247980765,120.9587712814782,58.456873478185116,2305.460314774031,1.0,0.0,0.0,38.91999999999935
ppo_T3,458.1840418402852,119.08822398966582,58.915091962523576,2307.5661038646813,1.0,0.0,0.0,38.95999999999935
ppo_T3,459.6618758540732,117.2275124147042,59.404550212424425,2309.6719386285017,1.0,0.0,0.0,38.99999999999935
ppo_T3,461.13316975596894,115.43766812536492,57.9237015706661,2311.7777857491355,1.0,0.0,1.0,39.03999999999935
ppo_T3,462.6462945555291,113.65405295416735,58.4745122786957,2313.883538980725,1.0,0.0,0.0,39.07999999999935
ppo_T3,464.1527997373426,111.94776059539925,56.90447849478452,2315.9890103476405,1.0,0.0,1.0,39.119999999999344
ppo_T3,465.7058255468748,110.2670647964349,57.209196888096514,2318.0939388534266,1.0,0.0,0.0,39.15999999999934
ppo_T3,467.2509783445683,108.68039543535969,55.368181462792975,2320.197996243658,1.0,0.0,1.0,39.19999999999934
ppo_T3,468.785205804176,107.1823052170229,53.60811622372825,2322.300773395997,1.0,0.0,1.0,39.23999999999934
ppo_T3,470.3631329395183,105.72359317434572,53.72205592154919,2324.401785587156,1.0,0.0,0.0,39.27999999999934
ppo_T3,471.9824957325745,104.31313802516642,53.68728657338948,2326.5004483109856,1.0,0.0,0.0,39.31999999999934
ppo_T3,473.5820297846132,103.00024066866956,51.73374534774096,2328.596054287081,1.0,0.0,1.0,39.35999999999934
ppo_T3,475.1593108650637,101.77856891758616,49.87670720225087,2330.68773424502,1.0,0.0,1.0,39.39999999999934
ppo_T3,476.7120877437428,100.64214439518231,48.10520196715277,2332.7744578527654,1.0,0.0,1.0,39.43999999999934
ppo_T3,478.23827615387,99.58533233726008,46.40920429301072,2334.85501331844,1.0,0.0,1.0,39.479999999999336
ppo_T3,479.7359518562576,98.60283087157931,44.77961059167204,2336.92807455819,1.0,0.0,1.0,39.519999999999335
ppo_T3,481.2019096321032,97.6994787872164,43.048498731700036,2338.9922841925045,1.0,0.0,1.0,39.55999999999933
ppo_T3,482.6319775527889,96.87885800930042,41.21978225714241,2338.9922841925045,1.0,0.0,1.0,39.59999999999933
ppo_T3,484.0212720016263,96.14325993784009,39.30047382273734,2341.046390909504,1.0,0.0,1.0,39.63999999999933
ppo_T3,485.4355127111795,95.4570975361941,39.297706882766875,2343.0894055751382,1.0,0.0,0.0,39.67999999999933
ppo_T3,486.8749674849023,94.81805339721676,39.37327343162668,2345.1207385287285,1.0,0.0,0.0,39.71999999999933
ppo_T3,488.3349371256617,94.23137632041492,39.33590395859746,2347.1402812167844,1.0,0.0,0.0,39.75999999999933
ppo_T3,489.8101337059351,93.70149189698414,39.18691149992461,2349.148388020656,1.0,0.0,0.0,39.79999999999933
ppo_T3,491.2948152891518,93.2319518201388,38.929000174250106,2351.1457796280806,1.0,0.0,0.0,39.83999999999933
ppo_T3,492.78994273267074,92.82026180063224,38.76930764571351,2351.1457796280806,1.0,0.0,0.0,39.87999999999933
ppo_T3,494.2964269281405,92.4640538021488,38.700603753234326,2353.133354062068,1.0,0.0,0.0,39.91999999999933
ppo_T3,495.8083608945563,92.16663598243235,38.52273418293726,2355.111965096547,1.0,0.0,0.0,39.959999999999326
ppo_T3,497.31955923052976,91.93039699000433,38.238799603547406,2359.044697886205,1.0,0.0,0.0,39.999999999999325
ppo_T3,498.82369421578346,91.7568029665577,37.85297989293959,2360.999500108074,1.0,0.0,0.0,40.03999999999933
ppo_T3,500.3144269018612,91.6464143573422,37.370355784910195,2362.9470455825544,1.0,0.0,0.0,40.07999999999932
ppo_T3,501.78553040142776,91.59892095797112,36.796748577665404,2364.8881158150543,1.0,0.0,0.0,40.11999999999932
ppo_T3,503.2390934599588,91.61224237944016,36.3406025111377,2366.824234405172,1.0,0.0,0.0,40.15999999999932
ppo_T3,504.6770978413937,91.68440302475628,35.99534483581165,2368.757886215304,1.0,0.0,0.0,40.19999999999932
ppo_T3,506.101423763496,91.81352676621702,35.754171723220104,2370.6925128358184,1.0,0.0,0.0,40.23999999999932
ppo_T3,507.5138550570976,91.99783189308324,35.61013320438136,2372.6322643073872,1.0,0.0,0.0,40.27999999999932
ppo_T3,508.90813630653713,92.23756736103591,35.368535603108676,2374.5815154157167,1.0,0.0,0.0,40.31999999999932
ppo_T3,510.2861820203664,92.53111701860506,35.224116302454775,2376.544276196328,1.0,0.0,0.0,40.35999999999932
ppo_T3,511.6498086561135,92.8769458550474,35.169901779023185,2378.5236462975736,1.0,0.0,0.0,40.39999999999932
ppo_T3,513.00073960191,93.2735958791654,35.19894939788442,2378.5236462975736,1.0,0.0,0.0,40.43999999999932
ppo_T3,514.3406099050518,93.71968220748148,35.30443882813855,2380.5214410400567,1.0,0.0,0.0,40.47999999999932
ppo_T3,515.6709707603466,94.21388935113242,35.47975396384841,2382.538070408344,1.0,0.0,0.0,40.519999999999314
ppo_T3,516.9932937704548,94.75496769138898,35.7185518442141,2384.5726727356555,1.0,0.0,0.0,40.55999999999931
ppo_T3,518.3089749898035,95.34173013421837,36.014816701446414,2384.5726727356555,1.0,0.0,0.0,40.59999999999931
ppo_T3,519.6193387630693,95.97304893479448,36.36289872803381,2386.6234107528144,1.0,0.0,0.0,40.63999999999931
ppo_T3,520.925641368666,96.6478526833223,36.757538312024415,2388.6878613237204,1.0,0.0,0.0,40.67999999999931
ppo_T3,522.220918111594,97.36799203914104,37.050156313511366,2388.6878613237204,1.0,0.0,0.0,40.71999999999931
ppo_T3,523.4981644296778,98.13428774830584,37.23713931466136,2390.7634106634678,1.0,0.0,0.0,40.75999999999931
ppo_T3,524.7590702025527,98.94573556116828,37.48608842848092,2392.8475330176784,1.0,0.0,0.0,40.79999999999931
ppo_T3,526.0052388448212,99.8013811715676,37.791084394742185,2394.938008894371,1.0,0.0,0.0,40.83999999999931
ppo_T3,527.2381916989718,100.7003176805595,38.14658886909736,2394.938008894371,1.0,0.0,0.0,40.879999999999306
ppo_T3,528.4593722051379,101.64168318898663,38.54746140390028,2397.033020837347,1.0,0.0,0.0,40.919999999999305
ppo_T3,529.6701498590314,102.6246585123461,38.98896489313951,2399.1311727081525,1.0,0.0,0.0,40.959999999999305
ppo_T3,530.8718239688138,103.6484650117408,39.466761444951345,2399.1311727081525,1.0,0.0,0.0,40.9999999999993
ppo_T3,532.0656272211176,104.71236253501787,39.976900715021614,2401.2314699585063,1.0,0.0,0.0,41.0399999999993
ppo_T3,533.2527290659125,105.81564746249651,40.51580263549314,2403.333256754839,1.0,0.0,0.0,41.0799999999993
ppo_T3,534.434238929422,106.95765085197226,41.08023626958906,2405.436130511408,1.0,0.0,0.0,41.1199999999993
ppo_T3,535.6112092638215,108.13773667795428,41.66729626412695,2405.436130511408,1.0,0.0,0.0,41.1599999999993
ppo_T3,536.7846384420121,109.35530016034872,42.274378099282146,2407.539884010166,1.0,0.0,0.0,41.1999999999993
ppo_T3,537.9554735053399,110.6097661780445,42.89915307345268,2409.6444273355155,1.0,0.0,0.0,41.2399999999993
ppo_T3,539.12461277173,111.90058776308776,43.539543726283014,2411.749728616512,1.0,0.0,0.0,41.2799999999993
ppo_T3,540.2929083113273,113.2272446713521,44.193700202125214,2413.8557657337096,1.0,0.0,0.0,41.3199999999993
ppo_T3,541.4611682963747,114.58924202581778,44.859977891171795,2415.962510120153,1.0,0.0,0.0,41.359999999999296
ppo_T3,542.6301592317161,115.98610902877172,45.536916554400044,2415.962510120153,1.0,0.0,0.0,41.399999999999295
ppo_T3,543.8006080719906,117.41739773942712,46.22322103762777,2418.069897453682,1.0,0.0,0.0,41.439999999999294
ppo_T3,544.973204231272,118.88268191363927,46.917743604885345,2420.177843059406,1.0,0.0,0.0,41.47999999999929
ppo_T3,546.1486014906187,120.38155590256312,47.619467867355254,2422.2862410540693,1.0,0.0,0.0,41.51999999999929
ppo_T3,547.3274198087194,121.91363360725836,48.3274942470249,2424.394979323169,1.0,0.0,0.0,41.55999999999929
ppo_T3,548.5102470405577,123.47854748639996,49.041026890174024,2426.503951178186,1.0,0.0,0.0,41.59999999999929
ppo_T3,549.6976405687685,125.07594761439624,49.75936193169652,2428.613063969719,1.0,0.0,0.0,41.63999999999929
ppo_T3,550.8901288521201,126.70550078735393,50.48187700444676,2430.722244731735,1.0,0.0,0.0,41.67999999999929
ppo_T3,552.0882128953343,128.3668896744595,51.20802188623858,2432.8314417840497,1.0,0.0,0.0,41.71999999999929
ppo_T3,553.2923676442384,130.05981201246962,51.93731017920742,2434.940624582196,1.0,0.0,0.0,41.75999999999929
ppo_T3,554.5030433100433,131.78397984112095,52.6693119207486,2437.049780061198,1.0,0.0,0.0,41.79999999999929
ppo_T3,555.7206666263478,133.53911877738025,53.40364703125246,2439.158906693856,1.0,0.0,0.0,41.839999999999286
ppo_T3,556.9456420422871,135.32496732656207,54.13997951070041,2441.2680111286386,1.0,0.0,0.0,41.879999999999285
ppo_T3,558.1783528550685,137.14127622844092,54.87801230338359,2443.377104948388,1.0,0.0,0.0,41.91999999999928
ppo_T3,559.419162284974,138.98780783658023,55.61748275722386,2445.4862001372394,1.0,0.0,0.0,41.95999999999928
ppo_T3,560.6684144957527,140.8643355291909,56.35815861118798,2447.595308742021,1.0,0.0,0.0,41.99999999999928
ppo_T3,561.9264355631761,142.7706431499173,57.099834450947384,2449.704440788101,1.0,0.0,0.0,42.03999999999928
ppo_T3,563.1935343943917,144.70652447703094,57.8423285791599,2451.813602611279,1.0,0.0,0.0,42.07999999999928
ppo_T3,564.4700036005715,146.67178271958818,58.58548025249419,2453.92279797349,1.0,0.0,0.0,42.11999999999928
ppo_T3,565.756120325231,148.6662300391827,59.329147242767945,2456.032026103721,1.0,0.0,0.0,42.15999999999928
ppo_T3,567.052147030468,150.68968709599204,60.073203684332555,2458.141281437587,1.0,0.0,0.0,42.19999999999928
ppo_T3,568.3583322432609,152.74198261788456,60.81753817413116,2462.359825169892,1.0,0.0,0.0,42.23999999999928
ppo_T3,569.6749112638546,154.8229529914148,61.562052094707546,2464.469077006227,1.0,0.0,0.0,42.27999999999928
ppo_T3,571.0021068381596,156.932441873596,62.30665813388682,2466.5782860093905,1.0,0.0,0.0,42.31999999999928
ppo_T3,572.3401297959931,159.07029982339338,63.05127897791381,2468.687429611924,1.0,0.0,0.0,42.35999999999928
ppo_T3,573.6891796568966,161.2363839519375,63.79584615756059,2470.796488390994,1.0,0.0,0.0,42.39999999999928
ppo_T3,575.0494452051789,163.4305575905056,64.54029902912838,2475.0143039838617,1.0,0.0,0.0,42.43999999999927
ppo_T3,576.4211050357449,165.65268997536916,65.28458387440848,2477.1230543131787,1.0,0.0,0.0,42.47999999999927
ppo_T3,577.8043280721967,167.9026559486503,66.02865310555538,2479.231705504263,1.0,0.0,0.0,42.51999999999927
ppo_T3,579.1992740586152,170.18033567437425,66.77246456249348,2481.340266790462,1.0,0.0,0.0,42.55999999999927
ppo_T3,580.6060940263579,172.48561436894548,67.5159808919513,2485.557163603143,1.0,0.0,0.0,42.59999999999927
ppo_T3,582.0249307371437,174.81838204531508,68.2591689985133,2487.665520269233,1.0,0.0,0.0,42.63999999999927
ppo_T3,583.4559191036279,177.1785332701438,69.00199955922335,2489.77382862346,1.0,0.0,0.0,42.67999999999927
ppo_T3,584.8991865886127,179.56596693330044,69.74444659427978,2493.990336052441,1.0,0.0,0.0,42.71999999999927
ppo_T3,586.3548535839761,181.9805860290692,70.486487087249,2496.0985534053143,1.0,0.0,0.0,42.75999999999927
ppo_T3,587.8230337703521,184.42229744847089,71.22810064900438,2498.206758848956,1.0,0.0,0.0,42.79999999999927
ppo_T3,589.3038344585377,186.89101178213363,71.96926922028447,2502.423169526397,1.0,0.0,0.0,42.839999999999264
ppo_T3,590.7973569135568,189.3866431331772,72.70997680836876,2504.53139145808,1.0,0.0,0.0,42.879999999999264
ppo_T3,592.3036966622607,191.90910893960188,73.45020925390165,2506.639635696168,1.0,0.0,0.0,42.91999999999926
ppo_T3,593.8229437853028,194.4583298056996,74.18995402436387,2510.856231077661,1.0,0.0,0.0,42.95999999999926
ppo_T3,595.3551831942798,197.03422934202845,74.92920003110282,2512.9646052471976,1.0,0.0,0.0,42.99999999999926
ppo_T3,596.9004948947944,199.63673401351627,75.66793746719682,2517.1815609591176,1.0,0.0,0.0,43.03999999999926
ppo_T3,598.4589542361538,202.26577299527932,76.40615766374779,2519.290154973078,1.0,0.0,0.0,43.07999999999926
ppo_T3,600.0306321483827,204.92127803576528,77.14385296247916,2523.5075592087323,1.0,0.0,0.0,43.11999999999926
ppo_T3,601.6155953671966,207.60318332684747,77.88101660276357,2525.6163410698146,1.0,0.0,0.0,43.15999999999926
ppo_T3,603.2139066475456,210.311425380518,78.61764262142451,2529.8339506473035,1.0,0.0,0.0,43.19999999999926
ppo_T3,604.8256249663091,213.0459429118438,79.35372576384775,2531.942725775601,1.0,0.0,0.0,43.239999999999256
ppo_T3,606.4508057146945,215.80667672786865,80.08926140510991,2536.1601045443417,1.0,0.0,0.0,43.279999999999255
ppo_T3,608.0895008808609,218.5935696221572,80.82424547998043,2538.268680755974,1.0,0.0,0.0,43.31999999999925
ppo_T3,609.741759223265,221.40656627469647,81.55867442078619,2542.4855942228605,1.0,0.0,0.0,43.35999999999925
ppo_T3,611.4076264352017,224.24561315688115,82.29254510224443,2544.5939458243765,1.0,0.0,0.0,43.39999999999925
ppo_T3,613.0871453009838,227.11065844132528,83.02585479247307,2548.810499993416,1.0,0.0,0.0,43.43999999999925
ppo_T3,614.7803558441894,230.0016519162546,83.7586011094784,2550.9187279479097,1.0,0.0,0.0,43.47999999999925
ppo_T3,616.4872954683769,232.9185449042474,84.49078198250017,2555.1351360748467,1.0,0.0,0.0,43.51999999999925
ppo_T3,618.2079990906511,235.8612901851025,85.2223956176661,2559.351531745799,1.0,0.0,0.0,43.55999999999925
ppo_T3,619.9424992684444,238.8298419226248,85.95344046746911,2561.459744190797,1.0,0.0,0.0,43.59999999999925
ppo_T3,621.6908263198567,241.82415559512975,86.68391520363807,2565.676243077713,1.0,0.0,0.0,43.63999999999925
ppo_T3,623.4530084378821,244.84418792947736,87.41381869301925,2567.7845481342792,1.0,0.0,0.0,43.67999999999925
ppo_T3,625.229071798832,247.8898968384565,88.14314997613218,2572.0013092283834,1.0,0.0,0.0,43.719999999999246
ppo_T3,627.0190406652503,250.9612413613499,88.87190824809913,2576.2183051433303,1.0,0.0,0.0,43.759999999999245
ppo_T3,628.8229374835997,254.05818160751704,89.60009284168328,2580.4355402576007,1.0,0.0,0.0,43.79999999999925
ppo_T3,630.640782976986,257.1806787028433,90.32770321219982,2582.5442331920053,1.0,0.0,0.0,43.83999999999924
ppo_T3,632.4725962331704,260.32869473890827,91.05473892409121,2586.761705222981,1.0,0.0,0.0,43.87999999999924
ppo_T3,634.3183947881118,263.50219272473544,91.78119963898115,2590.979176376521,1.0,0.0,0.0,43.91999999999924
ppo_T3,636.1781947052636,266.70113654099305,92.50708510504285,2593.0878698813835,1.0,0.0,0.0,43.95999999999924
ppo_T3,638.0520106508425,269.92549089652044,93.23239514753563,2597.305118603553,1.0,0.0,0.0,43.99999999999924
ppo_T3,639.9398559652728,273.1752212870623,93.9571296603803,2601.5221560696286,1.0,0.0,0.0,44.03999999999924
ppo_T3,641.841742731002,276.4502939560985,94.68128859865804,2605.738984610957,1.0,0.0,0.0,44.07999999999924
ppo_T3,643.7576818368694,279.7506758576634,95.40487197193104,2609.9556245833555,1.0,0.0,0.0,44.11999999999924
ppo_T3,645.6876830392057,283.07633462105287,96.12787983829361,2612.063885266106,1.0,0.0,0.0,44.15999999999924
ppo_T3,647.6317550198279,286.427238517324,96.85031229907355,2616.2803237180437,1.0,0.0,0.0,44.19999999999924
ppo_T3,649.5899054410875,289.8033564274955,97.57216949411192,2620.496708675822,1.0,0.0,0.0,44.23999999999924
ppo_T3,651.5621409981223,293.2046578123636,98.29345159755755,2624.713102796109,1.0,0.0,0.0,44.279999999999234
ppo_T3,653.5484674684534,296.63111268384966,99.01415881411981,2628.929554707199,1.0,0.0,0.0,44.31999999999923
ppo_T3,655.5488897590615,300.08269157780364,99.73429137572909,2633.1461037051886,1.0,0.0,0.0,44.35999999999923
ppo_T3,657.5634119510725,303.55936552818787,100.45384953856053,2637.3627816423977,1.0,0.0,0.0,44.39999999999923
ppo_T3,659.5920373421721,307.061106042572,101.1728335803811,2641.579608662748,1.0,0.0,0.0,44.43999999999923
ppo_T3,661.6347684868657,310.587885078872,101.89124379818433,2645.796586576452,1.0,0.0,0.0,44.47999999999923
ppo_T3,663.6916072346917,314.13967502327006,102.60908050608194,2647.905123148264,1.0,0.0,0.0,44.51999999999923
ppo_T3,665.7625547664948,317.71644866925607,103.32634403342348,2652.122242471876,1.0,0.0,0.0,44.55999999999923
ppo_T3,667.8476116288551,321.3181791977324,104.04303472311977,2656.339305813163,1.0,0.0,0.0,44.59999999999923
ppo_T3,669.9467777667683,324.9448401581292,104.75915293014761,2660.5561114650523,1.0,0.0,0.0,44.639999999999226
ppo_T3,672.0600525546647,328.5964054504784,105.47469902021582,2664.7724185615966,1.0,0.0,0.0,44.679999999999225
ppo_T3,674.1874348258535,332.27284930839755,106.18967336857585,2668.9880126014955,1.0,0.0,0.0,44.71999999999922
ppo_T3,676.3289229004695,335.9741462829374,106.90407635896007,2673.202796344573,1.0,0.0,0.0,44.75999999999922
ppo_T3,678.4845146120001,339.7002712272496,107.61790838263494,2677.41686859248,1.0,0.0,0.0,44.79999999999922
ppo_T3,680.6542073324654,343.45119928203246,108.33116983755615,2683.737377351918,1.0,0.0,0.0,44.83999999999922
ppo_T3,682.7979737910445,347.1577117356045,107.04546112929523,2687.951326678819,1.0,0.0,1.0,44.87999999999922
ppo_T3,684.9345422478194,350.85210778173763,106.69315499415336,2692.16595496465,0.0,0.0,0.0,44.91999999999922
ppo_T3,687.0452350581526,354.502119522803,105.40875749169008,2696.381422840831,1.0,0.0,1.0,44.95999999999922
ppo_T3,689.1701006061468,358.17697459021633,106.12378787159987,2700.597677567314,1.0,0.0,0.0,44.99999999999922
ppo_T3,691.309133949743,361.8766494165085,106.83824650293974,2704.81453588255,1.0,0.0,0.0,45.03999999999922
ppo_T3,693.4223197107373,365.53191836627695,105.55373381484951,2709.031757400513,1.0,0.0,1.0,45.07999999999922
ppo_T3,695.5096888836935,369.14281100606127,104.27024899347042,2713.249088327981,1.0,0.0,1.0,45.119999999999216
ppo_T3,697.5499461909047,372.6724319328941,101.92176462477575,2717.466314787249,0.0,0.0,1.0,45.159999999999215
ppo_T3,699.5644639315426,376.1577662809528,100.64118579483005,2719.5748489470293,1.0,0.0,1.0,45.199999999999214
ppo_T3,701.553271172398,379.5988445850026,99.36163160357903,2723.791744688562,1.0,0.0,1.0,45.23999999999921
ppo_T3,703.4950716139894,382.9587718867445,97.01707461819235,2728.0084478824074,0.0,0.0,1.0,45.27999999999921
ppo_T3,705.4112350523012,386.27453462139977,95.74042000003053,2732.225014077765,1.0,0.0,1.0,45.31999999999921
ppo_T3,707.3017889504467,389.5461641050316,94.46478682544472,2736.441478950489,1.0,0.0,1.0,45.35999999999921
ppo_T3,709.1667602975233,392.77369188974944,93.19017426257307,2740.6578632989413,1.0,0.0,1.0,45.39999999999921
ppo_T3,711.0061756374683,395.95714974706624,91.916581481993,2742.766033630892,1.0,0.0,1.0,45.43999999999921
ppo_T3,712.798737376304,399.0596432457679,89.57798103127574,2746.982354471221,0.0,0.0,1.0,45.47999999999921
ppo_T3,714.5444884349721,402.081234017078,87.24125152453662,2751.198685809932,0.0,0.0,1.0,45.51999999999921
ppo_T3,716.2434713562031,405.021983841511,84.90639145750941,2753.306869207066,0.0,0.0,1.0,45.55999999999921
ppo_T3,717.8829088948862,407.8879783138455,82.54422965407359,2757.5233000279245,0.0,0.0,1.0,45.599999999999206
ppo_T3,719.4648838932682,410.6782622924548,80.18856517916507,2759.6315596945724,0.0,1.0,1.0,45.639999999999205
ppo_T3,720.9899334039699,413.39265828354905,77.83685505016453,2763.848196588006,0.0,0.0,1.0,45.6799999999992
ppo_T3,722.4781316604098,416.06886781611377,76.55403121595266,2765.9565790257,1.0,0.0,1.0,45.7199999999992
ppo_T3,723.9305847719215,418.706388258544,75.27505448925825,2770.1734503807984,1.0,0.0,1.0,45.7599999999992
ppo_T3,725.3483261173975,421.30475425107,73.99956230355427,2772.2819075933385,1.0,0.0,1.0,45.7999999999992
ppo_T3,726.732320948191,423.8635351927961,72.72723698606768,2774.3903437376684,1.0,0.0,1.0,45.8399999999992
ppo_T3,728.0694383683846,426.3869337105608,71.39425342264128,2778.6070006082923,1.0,0.0,1.0,45.8799999999992
ppo_T3,729.347483176283,428.8765814095745,69.96313402518021,2780.715129005122,1.0,0.0,1.0,45.9199999999992
ppo_T3,730.5561868341491,431.29113499426165,67.50478476497307,2782.8230534556983,0.0,0.0,1.0,45.9599999999992
ppo_T3,731.7121050381228,433.6699164653359,66.11896561031098,2787.0380394950503,1.0,0.0,1.0,45.9999999999992
ppo_T3,732.8181048573077,436.0119882865159,64.75210428821134,2789.144967603589,1.0,0.0,1.0,46.0399999999992
ppo_T3,733.8768637022207,438.3164861028072,63.40189506716623,2791.251435706407,1.0,0.0,1.0,46.0799999999992
ppo_T3,734.8908805485319,440.58261346427713,62.06631223440314,2793.357399229007,1.0,0.0,1.0,46.1199999999992
ppo_T3,735.8624866419465,442.809636894135,60.74357866215286,2795.462831471299,1.0,0.0,1.0,46.1599999999992
ppo_T3,736.7811737438374,444.99796050845913,59.33351831063437,2799.672106847176,1.0,0.0,1.0,46.19999999999919
ppo_T3,737.6501966581495,447.1467648785614,57.946964149179934,2801.7759261706587,1.0,0.0,1.0,46.23999999999919
ppo_T3,738.4603683436161,449.2547751843889,56.45842280722224,2803.8790619869237,1.0,0.0,1.0,46.27999999999919
ppo_T3,739.2039548942098,451.31911821281824,54.854541159145974,2805.9811885707586,1.0,0.0,1.0,46.31999999999919
ppo_T3,739.8747787881902,453.3356247011231,53.128988756790655,2808.0816549411284,1.0,0.0,1.0,46.35999999999919
ppo_T3,740.4682750659756,455.2991340558072,51.28112967796476,2810.1793313816165,1.0,0.0,1.0,46.39999999999919
ppo_T3,740.9907699108392,457.2096535009265,49.516950463249295,2812.2724470098983,1.0,0.0,1.0,46.43999999999919
ppo_T3,741.4390455744104,459.0617224490613,47.63868215008846,2814.358435027914,1.0,0.0,1.0,46.47999999999919
ppo_T3,741.8114630999345,460.849436249448,45.65232363616948,2816.433815309921,1.0,0.0,1.0,46.51999999999919
ppo_T3,742.1149584124921,462.5737284192051,43.76994467832698,2818.4941512402447,1.0,0.0,1.0,46.55999999999919
ppo_T3,742.3490366336266,464.2288923502359,41.790850166294575,2820.534184370136,1.0,0.0,1.0,46.599999999999184
ppo_T3,742.5249438196691,465.8884991637203,41.722581666477886,2822.548180893461,1.0,0.0,0.0,46.63999999999918
ppo_T3,742.6397659905797,467.5459715160548,41.53611929457898,2824.530546205561,1.0,0.0,0.0,46.67999999999918
ppo_T3,742.6916117234706,469.19452801668,41.23428879413168,2826.476717767935,1.0,0.0,0.0,46.71999999999918
ppo_T3,742.6796011645328,470.8273323535237,40.82121274489096,2828.38423907655,1.0,0.0,0.0,46.75999999999918
ppo_T3,742.6038337305423,472.4376348771168,40.302100763668044,2830.253837092528,1.0,0.0,0.0,46.79999999999918
ppo_T3,742.4653365151746,474.0189037130083,39.68306164179302,2833.902175863256,1.0,0.0,0.0,46.83999999999918
ppo_T3,742.2659957884895,475.564942904665,38.97093394003717,2837.503517281508,1.0,0.0,0.0,46.87999999999918
ppo_T3,742.0084742680893,477.0699955627856,38.17313221678984,2839.320603356124,1.0,0.0,0.0,46.91999999999918
ppo_T3,741.6943587996172,478.5368962737292,37.503884992927084,2841.164589649571,1.0,0.0,0.0,46.95999999999918
ppo_T3,741.326629843683,479.9602532345212,36.752292639945644,2843.0431981252004,1.0,0.0,0.0,46.999999999999176
ppo_T3,740.906582750444,481.3429143499587,36.1264387315685,2844.9600242848737,1.0,0.0,0.0,47.039999999999175
ppo_T3,740.4354482088418,482.6875823425691,35.62039239187467,2846.91492395784,1.0,0.0,0.0,47.07999999999917
ppo_T3,739.9420380440603,483.9218177581454,33.23016938502985,2846.91492395784,1.0,0.0,1.0,47.11999999999917
ppo_T3,739.4023288710516,485.1182056739251,32.812250346226755,2848.904893230119,1.0,0.0,0.0,47.15999999999917
ppo_T3,738.8193414535878,486.27196859526896,32.317209111295405,2850.925166195812,1.0,0.0,0.0,47.19999999999917
ppo_T3,738.1937576136996,487.3856612975492,31.93417620514065,2850.925166195812,1.0,0.0,0.0,47.23999999999917
ppo_T3,737.5262257502293,488.46170846200886,31.65711105827771,2852.970210564584,1.0,0.0,0.0,47.27999999999917
ppo_T3,736.8173625357571,489.5024112847923,31.479650392964693,2852.970210564584,1.0,0.0,0.0,47.31999999999917
ppo_T3,736.067754527326,490.5099537502376,31.395202519450194,2855.034517208459,1.0,0.0,0.0,47.35999999999917
ppo_T3,735.2779596953416,491.4864085854852,31.397053224660244,2857.1131042387183,1.0,0.0,0.0,47.39999999999917
ppo_T3,734.4503402632341,492.4264431242231,31.311128796544665,2857.1131042387183,1.0,0.0,0.0,47.439999999999166
ppo_T3,733.5852785247423,493.3321678530222,31.31163018513158,2859.2017599354062,1.0,0.0,0.0,47.479999999999166
ppo_T3,732.6831385844395,494.2055858374668,31.39183261057903,2859.2017599354062,1.0,0.0,0.0,47.519999999999165
ppo_T3,731.7442672807583,495.0485981793079,31.54509800837089,2861.297080514125,1.0,0.0,0.0,47.55999999999917
ppo_T3,730.7689950621267,495.86300919639217,31.764968963299204,2863.3963857722133,1.0,0.0,0.0,47.59999999999916
ppo_T3,729.7595867842753,496.6430749303249,31.892471884551306,2863.3963857722133,1.0,0.0,0.0,47.63999999999916
ppo_T3,728.7162249000498,497.39067041793385,32.088773684768135,2865.497561054136,1.0,0.0,0.0,47.67999999999916
ppo_T3,727.6390838350187,498.1075753399385,32.34758048497262,2865.497561054136,1.0,0.0,0.0,47.71999999999916
ppo_T3,726.5283303942655,498.79547886512427,32.66290390209537,2867.598881813057,1.0,0.0,0.0,47.75999999999916
ppo_T3,725.3841241485173,499.4559842484317,33.02910926541757,2869.6988892598024,1.0,0.0,0.0,47.79999999999916
ppo_T3,724.2066178006589,500.0906131954632,33.44094701538377,2869.6988892598024,1.0,0.0,0.0,47.83999999999916
ppo_T3,722.995957533628,500.7008100052727,33.89356897765598,2871.796297885737,1.0,0.0,0.0,47.87999999999916
ppo_T3,721.7522833406389,501.287945502701,34.38253181711288,2871.796297885737,1.0,0.0,0.0,47.91999999999916
ppo_T3,720.4757293386313,501.8533207709496,34.90379021314186,2873.889987590936,1.0,0.0,0.0,47.95999999999916
ppo_T3,719.1664240657967,502.3981706945381,35.45368225504549,2875.9790676012467,1.0,0.0,0.0,47.999999999999154
ppo_T3,717.8244907639917,502.923667322281,36.02890933214799,2875.9790676012467,1.0,0.0,0.0,48.039999999999154
ppo_T3,716.4500476468043,503.4309230594237,36.626512470887036,2878.062988491617,1.0,0.0,0.0,48.07999999999915
ppo_T3,715.0432081540047,503.9209936976191,37.243846714271385,2880.141705794941,1.0,0.0,0.0,48.11999999999915
ppo_T3,713.6040811930698,504.3948812909803,37.878554790535595,2882.215791794013,1.0,0.0,0.0,48.15999999999915
ppo_T3,712.1327713684394,504.8535368860309,38.52854100310754,2882.215791794013,1.0,0.0,0.0,48.19999999999915
ppo_T3,710.629379199127,505.2978631129727,39.19194600535112,2884.2864510895047,1.0,0.0,0.0,48.23999999999915
ppo_T3,709.0940013252764,505.7287166453174,39.86712290412195,2886.3554415524054,1.0,0.0,0.0,48.27999999999915
ppo_T3,707.5267307042267,506.14691053456914,40.55261496356596,2886.3554415524054,1.0,0.0,0.0,48.31999999999915
ppo_T3,705.927656796617,506.5532164263048,41.24713504942634,2888.4248355727245,1.0,0.0,0.0,48.35999999999915
ppo_T3,704.2968657430391,506.9483666636771,41.949546857842314,2890.496703386181,1.0,0.0,0.0,48.399999999999146
ppo_T3,702.6344405317154,507.3330562840608,42.65884790459179,2892.572791107543,1.0,0.0,0.0,48.439999999999145
ppo_T3,700.9404611576612,507.7079449142674,43.37415420486087,2894.6542774273125,1.0,0.0,0.0,48.47999999999914
ppo_T3,699.2150047737609,508.0736585694847,44.09468654465744,2894.6542774273125,1.0,0.0,0.0,48.51999999999914
ppo_T3,697.4589543549678,508.42079397101696,44.75081046989901,2896.7416636783078,1.0,0.0,0.0,48.55999999999914
ppo_T3,695.6745085902514,508.7404195189121,45.32112626911286,2898.834805581737,1.0,0.0,0.0,48.59999999999914
ppo_T3,693.8615854424776,509.03380469615433,45.91272428450371,2900.933047775099,1.0,0.0,0.0,48.63999999999914
ppo_T3,692.0201082616148,509.3021545984063,46.52317888480902,2903.035422898105,1.0,0.0,0.0,48.67999999999914
ppo_T3,690.1500055100944,509.5466132048031,47.150320196988375,2905.1408403540595,1.0,0.0,0.0,48.71999999999914
ppo_T3,688.2512105021219,509.7682664825901,47.79221077915683,2907.248241958556,1.0,0.0,0.0,48.75999999999914
ppo_T3,686.3236611562331,509.96814533404506,48.44712347043452,2907.248241958556,1.0,0.0,0.0,48.79999999999914
ppo_T3,684.3672997604207,510.1472283936967,49.11352062619451,2909.356707882014,1.0,0.0,0.0,48.83999999999914
ppo_T3,682.3820727491931,510.30644468344485,49.790034852799444,2911.465514205966,1.0,0.0,0.0,48.879999999999136
ppo_T3,680.3679304919599,510.4466761328002,50.4754512842661,2913.5741517092333,1.0,0.0,0.0,48.919999999999135
ppo_T3,678.3248270921679,510.5687599710962,51.168691390676535,2915.682317028382,1.0,0.0,0.0,48.959999999999134
ppo_T3,676.2527201966413,510.6734909981768,51.8687982709855,2917.7898849094267,1.0,0.0,0.0,48.99999999999913
ppo_T3,674.1515708146095,510.76162373973256,52.57492335792788,2919.896875686125,1.0,0.0,0.0,49.03999999999913
ppo_T3,672.0213431459272,510.833874493147,53.28631444721948,2922.003414366338,1.0,0.0,0.0,49.07999999999913
ppo_T3,669.8620044180235,510.8909232694128,54.002304954847204,2924.109694519324,1.0,0.0,0.0,49.11999999999913
ppo_T3,667.6735247311337,510.93341563639945,54.722304303073095,2926.2159502765726,1.0,0.0,0.0,49.15999999999913
ppo_T3,665.4558769113946,510.96196446848273,55.44578933633623,2928.3224309641864,1.0,0.0,0.0,49.19999999999913
ppo_T3,663.2090363714026,510.9771516072931,56.172296671361686,2930.4293778894544,1.0,0.0,0.0,49.23999999999913
ppo_T3,660.9329809778573,510.9795294380981,56.90141589059079,2934.645464895309,1.0,0.0,0.0,49.27999999999913
ppo_T3,658.6276909259284,510.9696223861048,57.632783493865546,2936.754852832495,1.0,0.0,0.0,49.319999999999126
ppo_T3,656.293148620007,510.9479283367498,58.36607752964555,2938.865178207264,1.0,0.0,0.0,49.359999999999125
ppo_T3,653.9293385605137,510.91491998383873,59.10101283355786,2940.9763782552063,1.0,0.0,0.0,49.399999999999125
ppo_T3,651.5362472364591,510.8710461092005,59.83733680853507,2943.0883297651594,1.0,0.0,0.0,49.43999999999912
ppo_T3,649.1138630234625,510.81673279733496,60.574825687020486,2945.2008674050267,1.0,0.0,0.0,49.47999999999912
ppo_T3,646.6621760869518,510.75238458835656,61.31328122160735,2947.313801343902,1.0,0.0,0.0,49.51999999999912
ppo_T3,644.1811782902818,510.6783855723685,62.05252775597047,2949.426930428637,1.0,0.0,0.0,49.55999999999912
ppo_T3,641.6708631075207,510.59510042824303,62.792409633015005,2953.6529570139683,1.0,0.0,0.0,49.59999999999912
ppo_T3,639.1312255406685,510.5028754096312,63.532788901800174,2955.7654536886066,1.0,0.0,0.0,49.63999999999912
ppo_T3,636.5622620410803,510.402039280884,64.27354328900405,2957.8773565967977,1.0,0.0,0.0,49.67999999999912
ppo_T3,633.963970434883,510.2929042054285,65.01456440449726,2959.988508950334,1.0,0.0,0.0,49.71999999999912
ppo_T3,631.3363498521812,510.17576658901424,65.75575615401146,2964.2081657835884,1.0,0.0,0.0,49.75999999999912
ppo_T3,628.6794006598606,510.0509078801235,66.49703333495071,2966.316630115344,1.0,0.0,0.0,49.79999999999912
ppo_T3,625.9931243978049,509.91859532972,67.23832039413104,2968.424276608831,1.0,0.0,0.0,49.83999999999912
ppo_T3,623.2775237183547,509.7790827124029,67.97955032866871,2970.531256263276,1.0,0.0,0.0,49.87999999999912
ppo_T3,620.5326023288419,509.6326110109264,68.72066371340777,2974.744055166566,1.0,0.0,0.0,49.91999999999911
ppo_T3,617.7583649370445,509.479409065945,69.46160784020054,2976.8503670507657,1.0,0.0,0.0,49.95999999999911
ppo_T3,614.9548171994124,509.3196941927528,70.20233595606085,2978.9569626904254,1.0,0.0,0.0,49.99999999999911
ppo_T3,612.1219656719256,509.15367276669167,70.94280658872168,2983.171925936428,1.0,0.0,0.0,50.03999999999911
ppo_T3,609.2598177634476,508.9815407788215,71.68298294946469,2985.280639045141,1.0,0.0,0.0,50.07999999999911
ppo_T3,606.3683816914506,508.8034843633615,72.42283240427217,2987.3902935123137,1.0,0.0,0.0,50.11999999999911
ppo_T3,603.4476664399904,508.6196802983385,73.16232600539588,2991.612353309036,1.0,0.0,0.0,50.15999999999911
ppo_T3,600.497681719816,508.4302964808021,73.90143807636044,2993.7245772835704,1.0,0.0,0.0,50.19999999999911
ppo_T3,597.5184379305082,508.2354923778982,74.64014584423342,2997.950743235027,1.0,0.0,0.0,50.23999999999911
ppo_T3,594.5099461245402,508.0354194550295,75.37842911371364,3000.0644153522903,1.0,0.0,0.0,50.27999999999911
ppo_T3,591.4722179731663,507.8302215822642,76.11626997822452,3002.1783305280733,1.0,0.0,0.0,50.31999999999911
ppo_T3,588.4052657340435,507.62003542009967,76.85365256375907,3006.406583738905,1.0,0.0,0.0,50.359999999999104
ppo_T3,585.3091022204987,507.40499078562976,77.59056280171814,3008.520822121835,1.0,0.0,0.0,50.3999999999991
ppo_T3,582.1837407723583,507.1852110001103,78.32698822742016,3012.7493886892617,1.0,0.0,0.0,50.4399999999991
ppo_T3,579.0291952282595,506.9608132188686,79.06291780134582,3014.863691931271,1.0,0.0,0.0,50.4799999999991
ppo_T3,575.84547989937,506.7319087444537,79.79834175052078,3019.092312214633,1.0,0.0,0.0,50.5199999999991
ppo_T3,572.6326095444432,506.4986033238784,80.53325142774075,3021.20662523254,1.0,0.0,0.0,50.5599999999991
ppo_T3,569.3905993461403,506.2609974307616,81.26763918660767,3025.435251268354,1.0,0.0,0.0,50.5999999999991
ppo_T3,566.119464888558,506.01918653313805,82.00149827057996,3027.549564286261,1.0,0.0,0.0,50.6399999999991
ppo_T3,562.8192221358966,505.773261347663,82.73482271444703,3031.7781903220757,1.0,0.0,0.0,50.6799999999991
ppo_T3,559.4898874122134,505.5233080809037,83.46760725682036,3036.0068163578894,1.0,0.0,0.0,50.7199999999991
ppo_T3,556.1314773822058,505.2694086583732,84.19984726239531,3038.1211293757965,1.0,0.0,0.0,50.759999999999096
ppo_T3,552.7440090329703,505.0116409419293,84.93153865288056,3042.3497554116107,1.0,0.0,0.0,50.799999999999095
ppo_T3,549.3274996566897,504.75007893612974,85.66267784561762,3044.4640684295177,1.0,0.0,0.0,50.83999999999909
ppo_T3,545.8819668342003,504.4847929841045,86.3932616990251,3048.692694465332,1.0,0.0,0.0,50.87999999999909
ppo_T3,542.4074284193945,504.21584995347786,87.12328746410068,3052.9213205011465,1.0,0.0,0.0,50.91999999999909
ppo_T3,538.9039025244168,503.9433134128461,87.85275274130068,3055.0356335190536,1.0,0.0,0.0,50.95999999999909
ppo_T3,535.3714075056124,503.6672437992895,88.58165544219517,3059.264259554868,1.0,0.0,0.0,50.99999999999909
ppo_T3,531.80996195019,503.3876985773752,89.3099937553639,3063.492885590682,1.0,0.0,0.0,51.03999999999909
ppo_T3,528.2195846635638,503.1047323900828,90.03776611605937,3065.607198608589,1.0,0.0,0.0,51.07999999999909
ppo_T3,524.6002946573382,502.8183972020629,90.76497117921681,3069.835824644403,1.0,0.0,0.0,51.11999999999909
ppo_T3,520.9521111379046,502.528742435618,91.49160779543821,3074.0644506802173,1.0,0.0,0.0,51.15999999999909
ppo_T3,517.2750534956174,502.2358150997762,92.21767498961943,3078.2930767160315,1.0,0.0,0.0,51.199999999999086
ppo_T3,513.5691412945212,501.9396599128074,92.9431719419268,3080.4073897339385,1.0,0.0,0.0,51.239999999999085
ppo_T3,509.8342194231858,501.6585494093366,93.63714707629676,3084.6360157697527,1.0,0.0,0.0,51.279999999999085
ppo_T3,506.0729028319133,501.4098681577384,94.23821167882966,3088.864639617072,1.0,0.0,0.0,51.31999999999909
ppo_T3,502.28508667260434,501.19209015082765,94.85178740084555,3093.093247774553,1.0,0.0,0.0,51.35999999999908
ppo_T3,498.4706725800028,501.00376680546543,95.4765041523479,3095.207536142271,1.0,0.0,0.0,51.39999999999908
ppo_T3,494.6295683414425,500.8435230294948,96.11113306747961,3099.4360241803324,1.0,0.0,0.0,51.43999999999908
ppo_T3,490.7616875833705,500.71005348847655,96.75457249221809,3103.664208804554,1.0,0.0,0.0,51.47999999999908
ppo_T3,486.866949473797,500.6021190620751,97.40583524155123,3107.89163263556,1.0,0.0,0.0,51.51999999999908
ppo_T3,482.9452784398605,500.518543480459,98.06403703785553,3112.117479240188,1.0,0.0,0.0,51.55999999999908
ppo_T3,478.9966038997419,500.45821013157325,98.72838604211144,2.111194139957832,1.0,0.0,0.0,0.0
