model_name,x,y,speed,progress,thr,rev,brk,time
ppo_T2,473.87644801789344,515.7498954645702,100.9084452640501,6.330827325767106,1.0,0.0,0.0,0.04
ppo_T2,469.81136835125136,515.7549239193266,101.6270694177489,10.546819549066598,1.0,0.0,0.0,0.08
ppo_T2,465.7175663483426,515.7596969285814,102.34511963400163,14.760193265681012,1.0,0.0,0.0,0.12
ppo_T2,461.5950649870362,515.764227468966,103.06259626972283,18.972769858080053,1.0,0.0,0.0,0.16
ppo_T2,457.4438872268189,515.7685278578991,103.77949969246173,23.186566332396907,1.0,0.0,0.0,0.2
ppo_T2,453.2640560088096,515.7726097870744,104.49583027922102,27.403216717001445,1.0,0.0,0.0,0.24
ppo_T2,449.0555942557749,515.7764843542476,105.21158841540287,31.62348328443753,1.0,0.0,0.0,0.28
ppo_T2,444.81852487214246,515.7801620934084,105.92677449386922,35.847037171066084,1.0,0.0,0.0,0.32
ppo_T2,440.552870744017,515.7836530034199,106.64138891410323,40.07271498810195,1.0,0.0,0.0,0.36
ppo_T2,436.25865473919407,515.7869665752028,107.35543208146119,44.29897816134598,1.0,0.0,0.0,0.3999999999999999
ppo_T2,431.935899707175,515.790111817539,108.06890440650515,48.52420900893191,1.0,0.0,0.0,0.4399999999999999
ppo_T2,427.5846284791815,515.7930972815647,108.7818063044073,52.74689780558138,1.0,0.0,0.0,0.4799999999999999
ppo_T2,423.2048638681704,515.7959310840178,109.49413819441837,56.96601664258752,1.0,0.0,0.0,0.5199999999999999
ppo_T2,418.79662866884814,515.7986209293063,110.20590049939358,61.18148367407845,1.0,0.0,0.0,0.5599999999999999
ppo_T2,414.3599456576853,515.8011741304541,110.91709364536895,65.3942593724105,1.0,0.0,0.0,0.6
ppo_T2,409.8948375929314,515.8035976289837,111.62771806118353,69.60585144094487,1.0,0.0,0.0,0.64
ppo_T2,405.40132721462936,515.8058980137879,112.33777417814206,73.81755615019415,1.0,0.0,0.0,0.68
ppo_T2,400.8794372446299,515.8080815390441,113.0472624297137,78.0298536358866,1.0,0.0,0.0,0.7200000000000001
ppo_T2,396.32919038660646,515.8101541412173,113.75618325126325,84.34840895663737,1.0,0.0,0.0,0.7600000000000001
ppo_T2,391.7506093260694,515.8121214552,114.46453707981091,88.56012252193192,1.0,0.0,0.0,0.8000000000000002
ppo_T2,387.1437167303809,515.8139888296324,115.17232435381793,92.77176706445437,1.0,0.0,0.0,0.8400000000000002
ppo_T2,382.5085352487688,515.8157613414437,115.87954551299525,96.98463288754544,1.0,0.0,0.0,0.8800000000000002
ppo_T2,377.8450875123421,515.817443809655,116.58620099813241,101.20017130717711,1.0,0.0,0.0,0.9200000000000004
ppo_T2,373.1533961341044,515.8190408084811,117.29229125094494,107.5302692387437,1.0,0.0,0.0,0.9600000000000004
ppo_T2,368.4334837089694,515.8205566797668,117.99781671393787,111.7545227860922,1.0,0.0,0.0,1.0000000000000002
ppo_T2,363.6853728137745,515.8219955447912,118.70277783028395,115.9809902787091,1.0,0.0,0.0,1.0400000000000005
ppo_T2,358.9090860072957,515.8233613154724,119.40717504371491,122.3225182231328,1.0,0.0,0.0,1.0800000000000003
ppo_T2,354.1046458302621,515.824657705003,120.1110087984242,126.55013850956384,1.0,0.0,0.0,1.1200000000000003
ppo_T2,349.2720748053701,515.8258882379455,120.81427953898014,130.77667152936786,1.0,0.0,0.0,1.1600000000000004
ppo_T2,344.4113954372981,515.8270562598144,121.51698771024833,137.1120782900282,1.0,0.0,0.0,1.2000000000000004
ppo_T2,339.5226302127205,515.8281649461725,122.21913375732255,141.33142008900705,1.0,0.0,0.0,1.2400000000000004
ppo_T2,334.6058016003226,515.8292173112635,122.92071812546257,145.54723122811632,1.0,0.0,0.0,1.2800000000000005
ppo_T2,329.6609320508146,515.8302162162079,123.6217412600391,151.8668208758029,1.0,0.0,0.0,1.3200000000000005
ppo_T2,324.68804399694625,515.8311643767811,124.32220360648428,156.07984235070572,1.0,0.0,0.0,1.3600000000000003
ppo_T2,319.68715985352094,515.8320643707972,125.02210561024738,160.29508276653016,1.0,0.0,0.0,1.4000000000000006
ppo_T2,314.6583020174104,515.8329186451173,125.72144771675578,166.62455589891152,1.0,0.0,0.0,1.4400000000000006
ppo_T2,309.6014928675687,515.833729522302,126.42023037137935,170.84848315554729,1.0,0.0,0.0,1.4800000000000006
ppo_T2,304.5167547650469,515.8344992069256,127.1184540193991,175.07467463323624,1.0,0.0,0.0,1.520000000000001
ppo_T2,299.4041100530072,515.8352297915703,127.81611910597923,181.4154823025462,1.0,0.0,0.0,1.5600000000000007
ppo_T2,294.26358105673705,515.8359232625152,128.51322607614182,185.6419541780242,1.0,0.0,0.0,1.6000000000000008
ppo_T2,289.17512608294555,515.8365707882714,127.21137537479026,191.97751903700703,1.0,0.0,1.0,1.6400000000000008
ppo_T2,284.05876747313306,515.8371854197192,127.90896616826309,196.19703064305463,1.0,0.0,0.0,1.6800000000000008
ppo_T2,278.91452755020845,515.8377688278894,128.60599890016988,202.51992202550483,1.0,0.0,0.0,1.7200000000000009
ppo_T2,273.8223646187144,515.8383135894281,127.30407401583558,206.7326804909377,1.0,0.0,1.0,1.760000000000001
ppo_T2,268.7023010175656,515.8388306770808,128.00159068149495,210.94564444626045,1.0,0.0,0.0,1.800000000000001
ppo_T2,263.55435906729764,515.8393214966806,128.69854934164968,217.2695436850437,1.0,0.0,0.0,1.840000000000001
ppo_T2,258.4584970702311,515.8397798083986,127.39655044190911,221.48995908678825,1.0,0.0,1.0,1.880000000000001
ppo_T2,253.4165714613605,515.8163282842223,126.04950371622756,227.8266158294861,1.0,0.0,1.0,1.920000000000001
ppo_T2,248.3484845306488,515.7703634479128,126.70738411648449,232.05347433971784,1.0,0.0,0.0,1.960000000000001
ppo_T2,243.3766332626113,515.7064496274413,124.30655153674657,236.2808836745556,0.0,0.0,1.0,2.000000000000001
ppo_T2,238.45830030625768,515.6234196910127,122.97584376590434,242.6205700321423,1.0,0.0,1.0,2.040000000000001
ppo_T2,233.51341548883929,515.5213974522405,123.64842901028722,246.84434681056783,1.0,0.0,0.0,2.080000000000001
ppo_T2,228.5419301645654,515.4012303703814,124.32343518277449,251.0647652056624,1.0,0.0,0.0,2.120000000000001
ppo_T2,223.6237111942174,515.2656849762874,123.00216053527029,257.3887304257384,1.0,0.0,1.0,2.160000000000001
ppo_T2,218.75862613812228,515.1160283582309,121.68465830366692,261.60170331243944,1.0,0.0,1.0,2.200000000000001
ppo_T2,213.8666501993968,514.9509627494577,122.3689994449894,265.8143907026294,1.0,0.0,0.0,2.240000000000001
ppo_T2,208.9477500617685,514.7711534180531,123.054637152619,272.13715273544983,1.0,0.0,0.0,2.280000000000001
ppo_T2,204.08177697271265,514.5801763876746,121.7429831898637,276.35666922698994,1.0,0.0,1.0,2.320000000000001
ppo_T2,199.3111360022728,514.3821241378321,119.36875628306885,280.5797608718205,0.0,0.0,1.0,2.360000000000001
ppo_T2,194.5931600258028,514.1748363580762,118.06318630871014,284.80554472533447,1.0,0.0,1.0,2.400000000000001
ppo_T2,189.92774171496964,513.959190489551,116.75998660625594,291.14695913428136,1.0,0.0,1.0,2.4400000000000013
ppo_T2,185.31477756022215,513.7360085315753,115.45899834830678,295.3750214248508,1.0,0.0,1.0,2.4800000000000013
ppo_T2,180.75416767978643,513.5060604411002,114.16008115208611,299.601517826048,1.0,0.0,1.0,2.5200000000000014
ppo_T2,176.2458156355991,513.2700673288363,112.86311095571747,303.82127002932435,1.0,0.0,1.0,2.5600000000000014
ppo_T2,171.80024931819312,513.0295904469381,111.30164254510667,308.01842613280104,1.0,1.0,1.0,2.6000000000000014
ppo_T2,167.44926275670443,512.7876210640475,108.94274081057382,312.15120778416264,0.0,0.0,1.0,2.640000000000001
ppo_T2,163.1927334598737,512.5447649811824,106.58629347787543,318.00630640059296,0.0,0.0,1.0,2.680000000000001
ppo_T2,158.9880301123156,512.2983082743253,105.29800315450247,321.39855876907905,1.0,0.0,1.0,2.720000000000001
ppo_T2,154.83507094212766,512.0487719685248,104.01123207724022,325.65690245456386,1.0,0.0,1.0,2.7600000000000016
ppo_T2,150.7374191054432,511.7769483170307,102.66644617459924,325.9906033650447,1.0,0.0,1.0,2.8000000000000016
ppo_T2,146.74283988185476,511.474836734977,100.1496835414847,340.7778439684817,0.0,0.0,1.0,2.8400000000000016
ppo_T2,142.85050746020923,511.1459545641966,97.6550535137908,340.7778439684817,0.0,0.0,1.0,2.8800000000000017
ppo_T2,139.0596373463636,510.7936013478537,95.18025336537556,341.11152807942284,0.0,0.0,1.0,2.9200000000000017
ppo_T2,135.2898917218556,510.4134716086499,94.72156793770718,345.36938618281954,0.0,0.0,0.0,2.9600000000000017
ppo_T2,131.62037805921096,510.0152454070667,92.27646851975257,348.7605843889425,0.0,0.0,1.0,3.0000000000000018
ppo_T2,128.00356707548227,509.6098583127765,90.98647010764023,352.5970388662521,1.0,0.0,1.0,3.040000000000002
ppo_T2,124.43925367741431,509.19837512106375,89.699667002966,356.6621490587106,1.0,0.0,1.0,3.080000000000002
ppo_T2,120.92724283962268,508.7817904086645,88.41578955201744,358.7370127106125,1.0,0.0,1.0,3.120000000000002
ppo_T2,117.4673490584145,508.3610329704104,87.13460061554672,362.92367077726976,1.0,0.0,1.0,3.160000000000002
ppo_T2,114.10151211337651,507.9435816190077,84.79063911839893,367.1295101211553,0.0,0.0,1.0,3.200000000000002
ppo_T2,110.78741369349912,507.5236226630898,83.5150205849581,369.2345200607248,1.0,0.0,1.0,3.240000000000002
ppo_T2,107.52947692681477,507.08597584295217,82.18001093213874,373.44571359025576,1.0,0.0,1.0,3.280000000000002
ppo_T2,104.3339760756581,506.6178833534676,80.74007782869855,375.5516815715444,1.0,0.0,1.0,3.320000000000002
ppo_T2,101.1999174517598,506.1226334682641,79.32368777210179,379.76435808082897,1.0,0.0,1.0,3.360000000000002
ppo_T2,98.16710025792644,505.615432546119,76.87340610801328,381.87103929946176,0.0,0.0,1.0,3.400000000000002
ppo_T2,95.23457981076363,505.0991934722664,74.4403240622987,386.0845221953591,0.0,0.0,1.0,3.440000000000002
ppo_T2,92.40146213798228,504.576643027114,72.02262975774903,388.1909026667931,0.0,0.0,1.0,3.480000000000002
ppo_T2,89.63369988135828,504.0253766265521,70.55318274881795,390.296728154916,1.0,0.0,1.0,3.5200000000000022
ppo_T2,86.93895714292243,503.4377705736647,68.9516102954759,394.5059257874741,1.0,0.0,1.0,3.5600000000000023
ppo_T2,84.3254870186427,502.8085743060396,67.20358079046122,396.6089953920204,1.0,0.0,1.0,3.6000000000000023
ppo_T2,81.80177416938294,502.1348266204604,65.30248123799637,398.71085915213945,1.0,0.0,1.0,3.6400000000000015
ppo_T2,79.37620431575978,501.4157238429845,63.24801340446931,400.8113134997613,1.0,0.0,1.0,3.6800000000000015
ppo_T2,77.08846567344884,500.678978374439,60.08609438206649,402.9100037737304,0.0,0.0,1.0,3.7200000000000015
ppo_T2,74.91396004711193,499.90080935517,57.73875291734842,407.0993412949658,1.0,0.0,1.0,3.7600000000000025
ppo_T2,72.85900020215553,499.0858142920596,55.2668352024838,409.1874754023045,1.0,0.0,1.0,3.8000000000000025
ppo_T2,70.92886050407286,498.239859246845,52.684670402300725,411.268441824224,1.0,0.0,1.0,3.8400000000000025
ppo_T2,69.12765566959003,497.36982475031607,50.00811734680433,413.3389217263451,1.0,0.0,1.0,3.8800000000000026
ppo_T2,67.45826361742157,496.4833506357832,47.25400895413578,415.394340854812,1.0,0.0,1.0,3.9200000000000026
ppo_T2,65.92229040970454,495.5885868475982,44.439677734765326,417.4286487324947,1.0,0.0,1.0,3.960000000000002
ppo_T2,64.52007410653849,494.693956719994,41.58255062284118,419.43424150966274,1.0,0.0,1.0,4.000000000000003
ppo_T2,63.18400310785791,493.7639137437248,40.69755560244801,421.4021185732524,1.0,0.0,0.0,4.040000000000003
ppo_T2,61.91741849212967,492.804066530656,39.729894767946305,423.32238896441294,1.0,0.0,0.0,4.080000000000003
ppo_T2,60.72281574838304,491.8202957723053,38.68850459400795,425.1852529537745,1.0,0.0,0.0,4.120000000000003
ppo_T2,59.59670187155527,490.81225953036267,37.784500200594344,443.3070682904252,1.0,0.0,0.0,4.160000000000003
ppo_T2,58.53576117030156,489.7796344827877,37.012748314396575,443.3070682904252,1.0,0.0,0.0,4.200000000000003
ppo_T2,57.53684625956295,488.7221149771068,36.367726968697454,445.15481969933273,1.0,0.0,0.0,4.240000000000003
ppo_T2,56.65089600440262,487.69841804145767,33.84582018761784,445.15481969933273,1.0,0.0,1.0,4.280000000000003
ppo_T2,55.87500635245653,486.71547181331096,31.306828722189547,447.06446000120826,1.0,0.0,1.0,4.320000000000003
ppo_T2,55.15705472776905,485.7161179207442,30.762830026466222,447.06446000120826,1.0,0.0,0.0,4.360000000000003
ppo_T2,54.49451986662463,484.6996784816814,30.332548272380443,447.06446000120826,1.0,0.0,0.0,4.400000000000003
ppo_T2,53.88936623912449,483.6710810083864,29.835210688729777,449.0262093399718,1.0,0.0,0.0,4.440000000000003
ppo_T2,53.342896797951866,482.6353557022618,29.276224994464997,449.0262093399718,1.0,0.0,0.0,4.480000000000003
ppo_T2,52.85279962563459,481.5914424515359,28.830865766511298,449.0262093399718,1.0,0.0,0.0,4.520000000000003
ppo_T2,52.42006175987896,480.5443335194126,28.32511227020016,449.0262093399718,1.0,0.0,0.0,4.560000000000003
ppo_T2,52.04504367163178,479.4989993570532,27.76420894681931,451.0296608812852,1.0,0.0,0.0,4.600000000000003
ppo_T2,51.72750954474935,478.4603106023866,27.153524757451564,451.0296608812852,1.0,0.0,0.0,4.640000000000003
ppo_T2,51.46554381504093,477.42671529046606,26.656909427551568,451.0296608812852,1.0,0.0,0.0,4.680000000000003
ppo_T2,51.25867948726628,476.40294845957743,26.111436360977248,453.0649826457389,1.0,0.0,0.0,4.720000000000003
ppo_T2,51.10592084269816,475.39355708404906,25.522124623565695,453.0649826457389,1.0,0.0,0.0,4.760000000000003
ppo_T2,51.00579078484431,474.4028439550722,24.894006964690846,453.0649826457389,1.0,0.0,0.0,4.800000000000003
ppo_T2,50.95638343303544,473.43482084902087,24.232078690525658,455.1235882170324,1.0,0.0,0.0,4.840000000000003
ppo_T2,50.95542033011326,472.49317130470655,23.541250920917758,455.1235882170324,1.0,0.0,0.0,4.8800000000000034
ppo_T2,51.00268300911625,471.5701806159673,23.10499908469329,455.1235882170324,1.0,0.0,0.0,4.920000000000004
ppo_T2,51.09690467598632,470.65821576446734,22.920482282218533,457.1984008723572,1.0,0.0,0.0,4.960000000000004
ppo_T2,51.23697441210989,469.75579058804345,22.830773229642553,457.1984008723572,1.0,0.0,0.0,5.000000000000004
ppo_T2,51.42183671386058,468.86149516241016,22.83005665396426,459.2838232736565,1.0,0.0,0.0,5.040000000000004
ppo_T2,51.65048867833359,467.97399192768273,22.912110778323267,459.2838232736565,1.0,0.0,0.0,5.080000000000004
ppo_T2,51.9229022334172,467.098036287115,22.93342851106862,459.2838232736565,1.0,0.0,0.0,5.120000000000004
ppo_T2,52.23819935637729,466.2322270219572,23.03581395593641,461.3754715848512,1.0,0.0,0.0,5.160000000000004
ppo_T2,52.594251289369176,465.3691536649061,23.340798489966545,461.3754715848512,1.0,0.0,0.0,5.200000000000004
ppo_T2,52.98796723865093,464.50180106979326,23.81324175967869,463.4698584165016,1.0,0.0,0.0,5.240000000000004
ppo_T2,53.42105730584596,463.6353716051852,24.216046119309198,463.4698584165016,1.0,0.0,0.0,5.280000000000004
ppo_T2,53.89453545339915,462.7751726021552,24.54745252852419,465.5640164887556,1.0,0.0,0.0,5.320000000000004
ppo_T2,54.4087236786092,461.9265231914745,24.80669457517073,465.5640164887556,1.0,0.0,0.0,5.360000000000004
ppo_T2,54.96175304439147,461.0816428443208,25.24460685503093,467.6551754607351,1.0,0.0,0.0,5.400000000000004
ppo_T2,55.55074269632314,460.2331443344392,25.82221102261143,467.6551754607351,1.0,0.0,0.0,5.440000000000004
ppo_T2,56.17187681525572,459.3741763559771,26.500396007952883,469.7404964788325,1.0,0.0,0.0,5.480000000000004
ppo_T2,56.82050127796142,458.4985502470611,27.242370218968436,469.7404964788325,1.0,0.0,0.0,5.520000000000004
ppo_T2,57.49123688561462,457.6008483053352,28.015119038122457,471.81695165118776,1.0,0.0,0.0,5.560000000000004
ppo_T2,58.18395171051844,456.6809936849272,28.787870181374405,471.81695165118776,1.0,0.0,0.0,5.600000000000004
ppo_T2,58.89851973384824,455.7389144023736,29.56053994117619,473.88132774304313,1.0,0.0,0.0,5.640000000000004
ppo_T2,59.62874801370891,454.7699316559675,30.33315949110956,475.9304704115636,1.0,0.0,0.0,5.680000000000004
ppo_T2,60.36797484230632,453.7703358313949,31.081024321735693,477.9616644289837,1.0,0.0,0.0,5.720000000000004
ppo_T2,61.10921867875221,452.7374295165026,31.783819393808535,477.9616644289837,1.0,0.0,0.0,5.760000000000004
ppo_T2,61.84532891501069,451.66954693107385,32.425216809091346,479.9731768921646,1.0,0.0,0.0,5.800000000000004
ppo_T2,62.56913479794742,450.5660503316263,32.99242054213103,481.9648068351803,1.0,0.0,0.0,5.840000000000004
ppo_T2,63.27358905675344,449.427304501292,33.475717588029525,483.9383140827056,1.0,0.0,0.0,5.880000000000004
ppo_T2,63.95190308877613,448.2546309280431,33.86806419249554,485.8975513528115,1.0,0.0,0.0,5.920000000000004
ppo_T2,64.59767092601096,447.0502437009281,34.16471765986098,487.8481988111333,1.0,0.0,0.0,5.960000000000004
ppo_T2,65.2125784021893,445.81420295865615,34.51365600034505,489.797093622852,1.0,0.0,0.0,6.000000000000004
ppo_T2,65.7982256846993,444.546567025622,34.90955813089313,491.75129508953256,1.0,0.0,0.0,6.0400000000000045
ppo_T2,66.35613162645701,443.2473925030805,35.34750238586115,493.7170975417724,1.0,0.0,0.0,6.0800000000000045
ppo_T2,66.88773789670223,441.9167343556902,35.82297038720504,495.6992604371584,1.0,0.0,0.0,6.1200000000000045
ppo_T2,67.3944129019501,440.5546459936617,36.331840950091234,497.7005875443321,1.0,0.0,0.0,6.160000000000005
ppo_T2,67.87745550775823,439.1611793507332,36.87037635402935,499.7218942563138,1.0,0.0,0.0,6.200000000000005
ppo_T2,68.33809857142805,437.7363849581858,37.435203127717884,501.7622999086613,1.0,0.0,0.0,6.240000000000005
ppo_T2,68.77751229524497,436.2803120151,38.02328921418776,501.7622999086613,1.0,0.0,0.0,6.280000000000005
ppo_T2,69.19680740937386,434.7930084550434,38.63191906061478,503.81969568892913,1.0,0.0,0.0,6.320000000000005
ppo_T2,69.59703819306344,433.27452100937177,39.258667855607015,505.89126272170864,1.0,0.0,0.0,6.360000000000005
ppo_T2,69.97920534237352,431.7248952673153,39.90137584137684,505.89126272170864,1.0,0.0,0.0,6.400000000000005
ppo_T2,70.34425869222157,430.144175733013,40.55812337220577,507.9739466669427,1.0,0.0,0.0,6.440000000000005
ppo_T2,70.69309980014947,428.5324058796507,41.227207178543765,510.0647997884872,1.0,0.0,0.0,6.480000000000005
ppo_T2,71.02658439883471,426.88962820084936,41.907118126938094,510.0647997884872,1.0,0.0,0.0,6.520000000000005
ppo_T2,71.34552472401417,425.2158842594442,42.596520635610126,512.1612180491213,1.0,0.0,0.0,6.560000000000005
ppo_T2,71.65069172414921,423.5112147337863,43.294233808313734,514.2610591049371,1.0,0.0,0.0,6.600000000000005
ppo_T2,71.94281715783987,421.7756594616925,43.99921427921745,516.3626775800581,1.0,0.0,0.0,6.640000000000005
ppo_T2,72.22259558469037,420.0092574821642,44.710540713380624,516.3626775800581,1.0,0.0,0.0,6.680000000000005
ppo_T2,72.49068625503858,418.2120470749869,45.42739987602494,518.4648873784496,1.0,0.0,0.0,6.720000000000005
ppo_T2,72.74771490368734,416.3840657983196,46.14907416509384,520.5668887578513,1.0,0.0,0.0,6.760000000000005
ppo_T2,72.99427545251405,414.5253505243745,46.87493049217706,522.6681915115336,1.0,0.0,0.0,6.800000000000005
ppo_T2,73.2309316265878,412.6359374732861,47.60441039409055,524.7685338231288,1.0,0.0,0.0,6.840000000000005
ppo_T2,73.45821848818773,410.7158622452594,48.337021259186905,526.867818649792,1.0,0.0,0.0,6.880000000000005
ppo_T2,73.67664389289311,408.76515985108654,49.072328557271454,528.9660659303992,1.0,0.0,0.0,6.920000000000005
ppo_T2,73.88668987170422,406.7838647411136,49.80994896866269,531.0633749996499,1.0,0.0,0.0,6.960000000000005
ppo_T2,74.08881394295132,404.772010832737,50.54954431562542,533.159907542084,1.0,0.0,0.0,7.000000000000005
ppo_T2,74.28345035755869,402.7296315365033,51.29081620752981,535.2558852765278,1.0,0.0,0.0,7.040000000000005
ppo_T2,74.47101128104927,400.6567597808845,52.03350131923973,537.3515835420523,1.0,0.0,0.0,7.080000000000005
ppo_T2,74.65188791550335,398.5534280357951,52.777367230139404,539.4473215562783,1.0,0.0,0.0,7.120000000000005
ppo_T2,74.82645156452185,396.4196683349158,53.522208758696266,541.5434485504261,1.0,0.0,0.0,7.1600000000000055
ppo_T2,74.99505464408936,394.2555122968832,54.2678447344327,543.6403207706378,1.0,0.0,0.0,7.2000000000000055
ppo_T2,75.15803164208546,392.0609911454043,55.014115155590524,545.7382705259677,1.0,0.0,0.0,7.240000000000005
ppo_T2,75.31570002905262,389.83613572835,55.760878686609125,547.8375645410235,1.0,0.0,0.0,7.280000000000006
ppo_T2,75.4683611226973,387.5809765358795,56.508010454808534,549.9383757237719,1.0,0.0,0.0,7.320000000000006
ppo_T2,75.61630090847427,385.295543717644,57.25540011040234,554.1446081508853,1.0,0.0,0.0,7.360000000000006
ppo_T2,75.75979081848521,382.9798670991183,58.00295011819166,556.2497254312783,1.0,0.0,0.0,7.400000000000006
ppo_T2,75.89908847080933,380.63397619710287,58.750574253053955,558.3557914770288,1.0,0.0,0.0,7.440000000000006
ppo_T2,76.03443837127588,378.25790023443926,59.49819627467739,560.4624312753882,1.0,0.0,0.0,7.480000000000006
ppo_T2,76.1660725795867,375.85166815397895,60.24574875994418,562.5692646457121,1.0,0.0,0.0,7.520000000000006
ppo_T2,76.2942113415996,373.415308631843,60.993172073973604,566.7822056290873,1.0,0.0,0.0,7.560000000000006
ppo_T2,76.41906368949194,370.94885009000944,61.74041346313395,568.8878583852817,1.0,0.0,0.0,7.600000000000006
ppo_T2,76.54082801143558,368.45232070826137,62.48742625535733,570.9928176000643,1.0,0.0,0.0,7.640000000000006
ppo_T2,76.65969259233263,365.9257484355292,63.2341691548708,573.0970752779331,1.0,0.0,0.0,7.680000000000006
ppo_T2,76.77583612708162,363.3691610006575,63.98060562002254,577.3037055439852,1.0,0.0,0.0,7.720000000000006
ppo_T2,76.88942820776977,360.7825859226256,64.7267033142562,579.4062401620735,1.0,0.0,0.0,7.760000000000006
ppo_T2,77.00062978611594,358.1660505202496,65.47243362149374,581.5083618724974,1.0,0.0,0.0,7.800000000000006
ppo_T2,77.10959361242138,355.5195819213926,66.21777121824609,583.6101314102744,1.0,0.0,0.0,7.840000000000006
ppo_T2,77.21646465222182,352.8432070717075,66.9626936957016,587.81278046638,1.0,0.0,0.0,7.880000000000006
ppo_T2,77.32138048177357,350.1369527429366,67.70718122585747,589.9137123239627,1.0,0.0,0.0,7.920000000000006
ppo_T2,77.42447166344898,347.4008455407904,68.45121626647627,592.0144030457795,1.0,0.0,0.0,7.960000000000006
ppo_T2,77.52586210206172,344.6349119124266,69.1947833002776,596.2151184232981,1.0,0.0,0.0,8.000000000000005
ppo_T2,77.62566938309077,341.8391781535505,69.93786860432729,598.315177171302,1.0,0.0,0.0,8.040000000000004
ppo_T2,77.72400509372257,339.01367041515493,70.68046004607055,600.415062633051,1.0,0.0,0.0,8.080000000000004
ppo_T2,77.82097512758429,336.1584147099188,71.42254690288073,604.6143957992869,1.0,0.0,0.0,8.120000000000003
ppo_T2,77.91667997399655,333.2734369182812,72.16411970236933,606.7138831736801,1.0,0.0,0.0,8.160000000000002
ppo_T2,78.01121499253213,330.3587627942082,72.9051700810308,610.9125800263946,1.0,0.0,0.0,8.200000000000001
ppo_T2,78.10467067362707,327.41441797066653,73.64569065908412,613.0118155442218,1.0,0.0,0.0,8.24
ppo_T2,78.19713288595271,324.4404279648209,74.38567492962672,615.1109927528587,1.0,0.0,0.0,8.28
ppo_T2,78.28868311122125,321.4368181829676,75.12511716043947,619.3092299371438,1.0,0.0,0.0,8.319999999999999
ppo_T2,78.37939866706307,318.40361392521817,75.864012306977,621.40832219435,1.0,0.0,0.0,8.359999999999998
ppo_T2,78.46935291858202,315.3408403899461,76.60235593525076,625.6065301888794,1.0,0.0,0.0,8.399999999999997
ppo_T2,78.55861547916352,312.2485226780083,77.34014415346374,627.705665526561,1.0,0.0,0.0,8.439999999999996
ppo_T2,78.64725240108173,309.126685796753,78.0773735513896,631.9040076861194,1.0,0.0,0.0,8.479999999999995
ppo_T2,78.73532635642378,305.9753546638244,78.81404114660663,634.0032043067732,1.0,0.0,0.0,8.519999999999994
ppo_T2,78.82289680882306,302.79455411077555,79.55014433680107,638.2016100528854,1.0,0.0,0.0,8.559999999999993
ppo_T2,78.91002017646842,299.5843088864975,80.28568085744487,640.3008046340007,1.0,0.0,0.0,8.599999999999993
ppo_T2,78.99674998683255,296.34464366047604,81.0206487442352,644.499151385369,1.0,0.0,0.0,8.639999999999992
ppo_T2,79.08313702354008,293.0755830258826,81.75504629975204,646.5982966321367,1.0,0.0,0.0,8.67999999999999
ppo_T2,79.16922946577473,289.7771515025101,82.48887206385501,650.7965262051033,1.0,0.0,0.0,8.71999999999999
ppo_T2,79.25507302060473,286.4493735395596,83.22212478739429,652.8956172535569,1.0,0.0,0.0,8.75999999999999
ppo_T2,79.34071104858585,283.09227351828577,83.95480340886037,657.0937965453777,1.0,0.0,0.0,8.799999999999988
ppo_T2,79.42618468298399,279.70587575451054,84.68690703364003,661.2920713635433,1.0,0.0,0.0,8.839999999999987
ppo_T2,79.51153294294113,276.2902045010075,85.41843491558434,663.391284096279,1.0,0.0,0.0,8.879999999999987
ppo_T2,79.5967928408925,272.84528394976746,86.149386440628,667.5899119906003,1.0,0.0,0.0,8.919999999999986
ppo_T2,79.68199948452688,269.3711382341491,86.87976111222908,671.788814451988,1.0,0.0,0.0,8.959999999999985
ppo_T2,79.7843243025475,265.86942766826047,87.58013207785415,673.8883523403274,1.0,0.0,0.0,8.999999999999984
ppo_T2,79.91984870601779,262.3443162789418,88.1928893499938,678.0875491179007,1.0,0.0,0.0,9.039999999999983
ppo_T2,80.08715980122729,258.79555832948955,88.81749541327962,682.286846652406,1.0,0.0,0.0,9.079999999999982
ppo_T2,80.28491625054983,255.22292171422365,89.45264109427973,684.3865173576909,1.0,0.0,0.0,9.11999999999998
ppo_T2,80.51184463756961,251.6261872651133,90.09715308436715,688.5858857412705,1.0,0.0,0.0,9.15999999999998
ppo_T2,80.76673601685869,248.005148093627,90.74998036044501,692.7852739404685,1.0,0.0,0.0,9.19999999999998
ppo_T2,81.04844263902567,244.3596089660176,91.41018184502212,696.9846676553279,1.0,0.0,0.0,9.23999999999998
ppo_T2,81.35587484213171,240.68938571034303,92.07691521902018,699.0843636174847,1.0,0.0,0.0,9.279999999999978
ppo_T2,81.6879981010226,236.99430465361175,92.74942680048764,703.2837540734287,1.0,0.0,0.0,9.319999999999975
ppo_T2,82.04383022655443,233.2742020875216,93.42704240405686,707.4831456222115,1.0,0.0,0.0,9.359999999999976
ppo_T2,82.42243870709864,229.5289237613397,94.10915909898081,711.6825383155486,1.0,0.0,0.0,9.399999999999975
ppo_T2,82.82293818509832,225.7583244005453,94.79523778749817,713.7822350801101,1.0,0.0,0.0,9.439999999999976
ppo_T2,83.24448806181549,221.96226724992567,95.48479652977096,717.9816366784579,1.0,0.0,0.0,9.479999999999974
ppo_T2,83.68629022375686,218.14062363988396,96.17740454645802,722.181081068368,1.0,0.0,0.0,9.519999999999971
ppo_T2,84.1475868845972,214.29327257477905,96.87267683493833,726.3806315999047,1.0,0.0,0.0,9.559999999999972
ppo_T2,84.62765853673282,210.42010034217867,97.57026934013572,730.5803654360716,1.0,0.0,0.0,9.599999999999971
ppo_T2,85.10707899646404,206.51784804640172,98.28980414158293,734.7803546524123,1.0,0.0,0.0,9.63999999999997
ppo_T2,85.58603214073969,202.5865582229904,99.00895095289694,738.9806384086279,1.0,0.0,0.0,9.67999999999997
ppo_T2,86.06469238492251,198.62627239446664,99.72769008958667,741.0808873827541,1.0,0.0,0.0,9.719999999999969
ppo_T2,86.54322516353422,194.63703112087532,100.44600402433261,745.2815480748149,1.0,0.0,0.0,9.759999999999968
ppo_T2,87.02178738657867,190.61887404776084,101.16387715467322,749.4823137191828,1.0,0.0,0.0,9.799999999999969
ppo_T2,87.49108292061564,186.65121599958272,99.88289607566591,753.6830402667822,1.0,0.0,1.0,9.839999999999966
ppo_T2,87.96075991958863,182.654661107448,100.6014646054235,757.8836240703558,1.0,0.0,0.0,9.879999999999963
ppo_T2,88.43094941326912,178.6292462926907,101.31955200883978,762.0840228821218,1.0,0.0,0.0,9.919999999999964
ppo_T2,88.89250895094428,174.6544048005767,100.03874903709138,766.2842391280473,1.0,0.0,1.0,9.959999999999964
ppo_T2,89.34108912481311,170.77251420499618,97.6930741162235,770.4843022412613,0.0,0.0,1.0,9.999999999999964
ppo_T2,89.78147653389217,166.94112731500474,96.4153338779475,774.6842578083929,1.0,0.0,1.0,10.039999999999962
ppo_T2,90.21386828373493,163.1602242373425,95.13868399607391,776.7842137671935,1.0,0.0,1.0,10.07999999999996
ppo_T2,90.63844895118194,159.4297837401616,93.86311524694187,780.9841285635437,1.0,0.0,1.0,10.11999999999996
ppo_T2,91.07343940980896,155.75297868395484,92.56116937073405,785.1841215243817,1.0,0.0,1.0,10.15999999999996
ppo_T2,91.51748593791008,152.12953540562177,91.2637609843573,789.3842815375098,1.0,0.0,1.0,10.199999999999958
ppo_T2,91.9693237043882,148.5591943013894,89.97045684482731,791.4844475417289,1.0,0.0,1.0,10.239999999999958
ppo_T2,92.42777118067649,145.04170908359356,88.68087570724899,795.6849697768187,1.0,0.0,1.0,10.279999999999957
ppo_T2,92.88436481060587,141.61883257247513,86.32989543481716,799.8856921696095,0.0,0.0,1.0,10.319999999999956
ppo_T2,93.36167089932326,138.25358195949815,84.97327811755227,801.986067191175,1.0,0.0,1.0,10.359999999999957
ppo_T2,93.85731456932054,134.94534408035375,83.62901900885764,806.1865983321042,1.0,0.0,1.0,10.399999999999954
ppo_T2,94.36907797783772,131.69353936648903,82.29571557578903,810.3863620693899,1.0,0.0,1.0,10.439999999999952
ppo_T2,94.89489055420512,128.49762022394705,80.97213267203547,812.4857605016447,1.0,0.0,1.0,10.479999999999952
ppo_T2,95.44588099477056,125.27820774687386,81.65555386472903,816.683271236177,1.0,0.0,0.0,10.519999999999952
ppo_T2,96.00760245704188,122.11385654952376,80.34554087404055,818.7813256468773,1.0,0.0,1.0,10.55999999999995
ppo_T2,96.57835234687664,119.00409979630528,79.0424826475228,822.9761543087245,1.0,0.0,1.0,10.59999999999995
ppo_T2,97.15654247311,115.94849687598106,77.74563102181192,825.0730933603063,1.0,0.0,1.0,10.639999999999947
ppo_T2,97.73013248450648,112.98791341084508,75.39089780607826,829.2666386185292,0.0,0.0,1.0,10.679999999999948
ppo_T2,98.30832742982204,110.0806424289915,74.10522061870986,831.3635121074213,1.0,0.0,1.0,10.719999999999947
ppo_T2,98.88983468286251,107.22631297734664,72.82404867154911,833.4606066774501,1.0,0.0,1.0,10.759999999999946
ppo_T2,99.4870175513782,104.4304392868372,71.4734962754182,837.6557417677283,1.0,0.0,1.0,10.799999999999946
ppo_T2,100.09748611859762,101.69220900184776,70.13637147192381,839.7538393725794,1.0,0.0,1.0,10.839999999999945
ppo_T2,100.71901332805844,99.01085678106988,68.81109014891186,841.8522708623552,1.0,0.0,1.0,10.879999999999944
ppo_T2,101.349524701417,96.38566194496292,67.49626156062803,846.0498817425633,1.0,0.0,1.0,10.919999999999945
ppo_T2,101.99905158244609,93.82296742052436,66.09315582364927,848.1488626874933,1.0,0.0,1.0,10.959999999999942
ppo_T2,102.67528160369928,91.33002503615396,64.57577319240237,850.2477810021346,1.0,0.0,1.0,10.99999999999994
ppo_T2,103.35573459957614,88.94300405931456,62.05282741074875,852.3464629331007,0.0,0.0,1.0,11.03999999999994
ppo_T2,104.05564193016802,86.62211286172841,60.60324982235456,856.5422929415146,1.0,0.0,1.0,11.07999999999994
ppo_T2,104.78063594304813,84.37465769052656,59.03744079646593,858.6389636952491,1.0,0.0,1.0,11.11999999999994
ppo_T2,105.53418396276842,82.2081713002612,57.3448880526276,860.7344604611285,1.0,0.0,1.0,11.159999999999938
ppo_T2,106.28802746130728,80.15443910378072,54.69286948011284,862.8284939747692,0.0,0.0,1.0,11.199999999999935
ppo_T2,107.06180105467374,78.17583076207049,53.113184237041,864.9207494489468,1.0,0.0,1.0,11.239999999999936
ppo_T2,107.85748600401888,76.27932487458504,51.416492489529396,867.0108557505048,1.0,0.0,1.0,11.279999999999935
ppo_T2,108.67522795067342,74.4716018615635,49.60194289998927,869.0983306685823,1.0,0.0,1.0,11.319999999999936
ppo_T2,109.54703856083222,72.68624647963533,49.671090559332015,871.1825194131193,1.0,0.0,0.0,11.359999999999934
ppo_T2,110.4714087443414,70.9212232855962,49.810686050139466,873.262501293931,1.0,0.0,0.0,11.399999999999933
ppo_T2,111.41142576141134,69.25564398296434,47.813350683521776,875.3370098728461,1.0,0.0,1.0,11.439999999999932
ppo_T2,112.3632734108132,67.69452334635179,45.71044457868349,877.4043416314523,1.0,0.0,1.0,11.479999999999931
ppo_T2,113.32203498147967,66.24188355991646,43.51282927569835,879.4623113270999,1.0,0.0,1.0,11.51999999999993
ppo_T2,114.28192798505349,64.9006641236994,41.2330582966836,881.5082335591177,1.0,0.0,1.0,11.55999999999993
ppo_T2,115.23653539349633,63.67266931892087,38.88481825225143,883.5389796373714,1.0,0.0,1.0,11.599999999999929
ppo_T2,116.22898636687567,62.49614967219159,38.48016870497743,885.551151517952,1.0,0.0,0.0,11.639999999999928
ppo_T2,117.25496393153068,61.37587896518699,37.97726639178323,885.551151517952,1.0,0.0,0.0,11.679999999999929
ppo_T2,118.30963356504174,60.315905025072574,37.38208786949343,887.5413437854468,1.0,0.0,0.0,11.719999999999926
ppo_T2,119.38776325551412,59.31950983210099,36.701217708467766,891.4447132357195,1.0,0.0,0.0,11.759999999999923
ppo_T2,120.48384413375508,58.38918866551644,35.941712923850055,893.3552060050152,1.0,0.0,0.0,11.799999999999924
ppo_T2,121.59220877121312,57.52664755720889,35.11097881261586,895.2394076392692,1.0,0.0,0.0,11.839999999999923
ppo_T2,122.70714447202047,56.73281790151061,34.216654745906,897.1009706041242,1.0,0.0,0.0,11.879999999999924
ppo_T2,123.82299917953507,56.00788670274152,33.266508789164256,898.9457814576047,1.0,0.0,0.0,11.919999999999922
ppo_T2,124.93427795556376,55.351340636354806,32.268340282501214,900.7815247601168,1.0,0.0,0.0,11.95999999999992
ppo_T2,126.03572836247072,54.76202185958842,31.2298897244789,902.6168624050335,1.0,0.0,0.0,11.99999999999992
ppo_T2,127.1224134728395,54.2381933361574,30.158755476820883,904.4603823234715,1.0,0.0,0.0,12.03999999999992
ppo_T2,128.1962799997324,53.77756106967814,29.212276983560805,906.3196065514104,1.0,0.0,0.0,12.079999999999918
ppo_T2,129.25917480587947,53.37794677245655,28.38834438944853,908.2002373342732,1.0,0.0,0.0,12.119999999999918
ppo_T2,130.31284997684105,53.03728198814765,27.684425463258417,910.1057967912294,1.0,0.0,0.0,12.159999999999917
ppo_T2,131.35896763645334,52.753602512983605,27.09746531483656,910.1057967912294,1.0,0.0,0.0,12.199999999999916
ppo_T2,132.39910451764854,52.5250431004028,26.62381613215149,912.0376870569944,1.0,0.0,0.0,12.239999999999917
ppo_T2,133.43475630107685,52.34983243468324,26.259205456136215,912.0376870569944,1.0,0.0,0.0,12.279999999999914
ppo_T2,134.4673417333257,52.2262883599148,25.99874772588746,913.9955285920076,1.0,0.0,0.0,12.319999999999911
ppo_T2,135.498206535933,52.15281335133931,25.83699888410767,913.9955285920076,1.0,0.0,0.0,12.359999999999912
ppo_T2,136.52862711582188,52.12789021674582,25.768048700091757,915.9776728408189,1.0,0.0,0.0,12.399999999999912
ppo_T2,137.55981408724452,52.150078016234616,25.78564121364307,915.9776728408189,1.0,0.0,0.0,12.43999999999991
ppo_T2,138.59291561481098,52.21800818925667,25.883311161187198,917.9817259980872,1.0,0.0,0.0,12.47999999999991
ppo_T2,139.62902058669124,52.33038087839892,26.05452376771692,917.9817259980872,1.0,0.0,0.0,12.519999999999907
ppo_T2,140.66916162661815,52.485961439920736,26.292806692892533,920.0050062894436,1.0,0.0,0.0,12.559999999999908
ppo_T2,141.71431795288,52.68357713155468,26.59186562542614,920.0050062894436,1.0,0.0,0.0,12.599999999999907
ppo_T2,142.7654180920756,52.92211396856636,26.9456782855402,922.0448526372472,1.0,0.0,0.0,12.639999999999906
ppo_T2,143.82334245501,53.20051373952599,27.348564749366844,922.0448526372472,1.0,0.0,0.0,12.679999999999906
ppo_T2,144.88892578173412,53.51777117367822,27.795234592881762,924.0988066084948,1.0,0.0,0.0,12.719999999999905
ppo_T2,145.96295946237586,53.87293125220905,28.28081315723288,924.0988066084948,1.0,0.0,0.0,12.759999999999904
ppo_T2,147.04619374007223,54.26508665609983,28.800850260638207,926.16468671096,1.0,0.0,0.0,12.799999999999905
ppo_T2,148.13933980199195,54.69337534362982,29.35131505312803,926.16468671096,1.0,0.0,0.0,12.839999999999902
ppo_T2,149.2430717641336,55.15697825094103,29.92858061202186,928.2405837817672,1.0,0.0,0.0,12.8799999999999
ppo_T2,150.35802855529528,55.65511710941392,30.52940148936624,930.3248068124252,1.0,0.0,0.0,12.9199999999999
ppo_T2,151.48481570533818,56.18705237391981,31.150886896752006,930.3248068124252,1.0,0.0,0.0,12.9599999999999
ppo_T2,152.62400704260557,56.75208125631761,31.790471654734702,932.4158417672252,1.0,0.0,0.0,12.9999999999999
ppo_T2,153.76970474735924,57.35414659294428,32.35647056854694,932.4158417672252,1.0,0.0,0.0,13.039999999999898
ppo_T2,154.91564267000408,57.99627084358609,32.83954624208676,934.51231346587,1.0,0.0,0.0,13.079999999999895
ppo_T2,156.06279722162273,58.677614044634986,33.35596013940929,934.51231346587,1.0,0.0,0.0,13.119999999999896
ppo_T2,157.2120944207236,59.39737794661081,33.90191851548149,936.6129863365936,1.0,0.0,0.0,13.159999999999895
ppo_T2,158.3644124538162,60.15480389584843,34.47400214263722,938.7167540587308,1.0,0.0,0.0,13.199999999999894
ppo_T2,159.52058410590894,60.94917082379456,35.06914335742203,938.7167540587308,1.0,0.0,0.0,13.239999999999894
ppo_T2,160.68139906753717,61.77979333844765,35.68460046879988,940.8226561814364,1.0,0.0,0.0,13.279999999999893
ppo_T2,161.8476061245935,62.64601991275208,36.31793098766059,942.9298922005296,1.0,0.0,0.0,13.319999999999892
ppo_T2,163.01210804811225,63.55102877573815,36.87059949982312,942.9298922005296,1.0,0.0,0.0,13.359999999999893
ppo_T2,164.17587243810317,64.49411735012816,37.44799405972845,945.0378109555912,1.0,0.0,0.0,13.39999999999989
ppo_T2,165.3398170357122,65.47461773551973,38.04724063628199,947.1459256288746,1.0,0.0,0.0,13.43999999999989
ppo_T2,166.50481225661548,66.49189494761174,38.6657696723565,947.1459256288746,1.0,0.0,0.0,13.479999999999889
ppo_T2,167.66320005826722,67.54855590186844,39.19817176274158,949.2538950704782,1.0,0.0,0.0,13.519999999999888
ppo_T2,168.81608618785503,68.6439337396959,39.757067260107405,951.3615056639272,1.0,0.0,0.0,13.559999999999889
ppo_T2,169.96451960453717,69.77739441184836,40.33943795986512,953.4686513234266,1.0,0.0,0.0,13.599999999999886
ppo_T2,171.10949536476724,70.948335012567,40.94257702812064,953.4686513234266,1.0,0.0,0.0,13.639999999999883
ppo_T2,172.2519573610441,72.15618219834377,41.56406378355734,955.57530470427,1.0,0.0,0.0,13.679999999999884
ppo_T2,173.39280092153288,73.40039068701132,42.20173865480172,957.6814955620242,1.0,0.0,0.0,13.719999999999883
ppo_T2,174.5328752776247,74.68044183307855,42.85367891125392,959.7872834970292,1.0,0.0,0.0,13.759999999999884
ppo_T2,175.6729859061441,75.9958422754383,43.518175578021584,961.892744240214,1.0,0.0,0.0,13.799999999999882
ppo_T2,176.8138967525721,77.346122653771,44.19371179539616,961.892744240214,1.0,0.0,0.0,13.83999999999988
ppo_T2,177.95633234132856,78.73083639015414,44.878942766802304,963.9979525972386,1.0,0.0,0.0,13.87999999999988
ppo_T2,179.11003246913387,80.14491668549965,45.62515114072537,966.1029761220752,1.0,0.0,0.0,13.91999999999988
ppo_T2,180.2752964669648,81.58812574286509,46.37275983742112,968.2078754820516,1.0,0.0,0.0,13.959999999999878
ppo_T2,181.4524077625289,83.06023684217327,47.12153230511365,970.3127000015248,1.0,0.0,0.0,13.999999999999876
ppo_T2,182.6322950357028,84.56594471365742,47.823178034080584,972.417489640748,1.0,0.0,0.0,14.039999999999877
ppo_T2,183.8155793579987,86.10486262192585,48.53111190115931,974.5222789693872,1.0,0.0,0.0,14.079999999999876
ppo_T2,185.00284964082317,87.67662242176029,49.244540261165085,976.6270982245588,1.0,0.0,0.0,14.119999999999877
ppo_T2,186.194664269698,89.28087361457979,49.96276112805754,978.731974359952,1.0,0.0,0.0,14.159999999999874
ppo_T2,187.3915526554628,90.91728245283576,50.685153730535696,980.8369315553384,1.0,0.0,0.0,14.199999999999871
ppo_T2,188.59401670667543,92.58553108990284,51.41116919949764,982.9419897322542,1.0,0.0,0.0,14.239999999999872
ppo_T2,189.8025322272149,94.2853167731549,52.1403222825998,985.0471587070192,1.0,0.0,0.0,14.279999999999871
ppo_T2,191.0175502428848,96.01635107803185,52.87218398567009,987.15243494734,1.0,0.0,0.0,14.31999999999987
ppo_T2,192.2394982606257,97.77835918101536,53.60637504672615,989.2577982391482,1.0,0.0,0.0,14.35999999999987
ppo_T2,193.47880728185748,99.56515064423886,54.362846820892116,991.363212622078,1.0,0.0,0.0,14.399999999999867
ppo_T2,194.74459635797075,101.36928380595448,55.097178072076034,993.46862926918,1.0,0.0,0.0,14.439999999999868
ppo_T2,196.0445301114148,103.18229752689172,55.77211733726077,995.5739867875571,1.0,0.0,0.0,14.479999999999867
ppo_T2,197.3779316979995,105.00482076785364,56.45546228528806,997.6792133898643,1.0,0.0,0.0,14.519999999999866
ppo_T2,198.74415781105515,106.83744967435996,57.146207775306934,999.7842328685128,1.0,0.0,0.0,14.559999999999864
ppo_T2,200.1425969784036,108.6807492443546,57.84346013982816,1001.8889674598609,1.0,0.0,0.0,14.599999999999865
ppo_T2,201.57266794584217,110.53525491119342,58.54642516973218,1003.9933484859912,1.0,0.0,0.0,14.639999999999864
ppo_T2,203.0338181427467,112.40147404621533,59.25439729376615,1006.0973314721216,1.0,0.0,0.0,14.679999999999865
ppo_T2,204.52552222562076,114.2798873849823,59.966749860447834,1008.200907055967,1.0,0.0,0.0,14.719999999999862
ppo_T2,206.0472806956324,116.17095038106608,60.682926430183315,1010.3041138573798,1.0,0.0,0.0,14.75999999999986
ppo_T2,207.59861858637967,118.0750944910616,61.40243298772229,1014.5097856917106,1.0,0.0,0.0,14.79999999999986
ppo_T2,209.1790842183165,119.99272839432145,62.124830989030336,1016.612493077884,1.0,0.0,0.0,14.83999999999986
ppo_T2,210.7882480164537,121.92423915072708,62.84973116164782,1018.7152707800576,1.0,0.0,0.0,14.87999999999986
ppo_T2,212.4257013881204,123.86999329964496,63.576787983182506,1020.8181960284456,1.0,0.0,0.0,14.919999999999858
ppo_T2,214.0910556577337,125.83033790305493,64.30569476841559,1022.92130064038,1.0,0.0,0.0,14.959999999999855
ppo_T2,215.7839410556828,127.80560153568712,65.03617930135346,1027.1279776814824,1.0,0.0,0.0,14.999999999999856
ppo_T2,217.51238886027247,129.78545040319273,65.7045154049278,1029.2314476098868,1.0,0.0,0.0,15.039999999999855
ppo_T2,219.2757248391632,131.77062898351167,66.38094497956216,1031.3349259256452,1.0,0.0,0.0,15.079999999999854
ppo_T2,221.07330810514765,133.7618431531782,67.0645186910906,1033.4383609500528,1.0,0.0,0.0,15.119999999999854
ppo_T2,222.90452942294323,135.75976214889792,67.7543902092639,1037.6449632699796,1.0,0.0,0.0,15.159999999999853
ppo_T2,224.76880960199807,137.76502042947607,68.44980532223934,1039.748089415532,1.0,0.0,0.0,15.199999999999852
ppo_T2,226.6655979709424,139.77821944315934,69.15009212420543,1041.8510761747823,1.0,0.0,0.0,15.239999999999853
ppo_T2,228.5943709295369,141.79992930519643,69.8546521896699,1046.0565152942215,1.0,0.0,0.0,15.27999999999985
ppo_T2,230.554630574182,143.83069039017778,70.56295265000341,1048.1588787976077,1.0,0.0,0.0,15.31999999999985
ppo_T2,232.54590339324983,145.8710148434841,71.27451909131935,1050.26092995382,1.0,0.0,0.0,15.359999999999848
ppo_T2,234.56773902869384,147.92138801595274,71.98892919717937,1052.3626127241798,1.0,0.0,0.0,15.399999999999848
ppo_T2,236.6276491961708,149.96988763636418,72.6273906357853,1056.564781989933,1.0,0.0,0.0,15.439999999999849
ppo_T2,238.7249011683432,152.017481792142,73.27647841205814,1058.6653485402885,1.0,0.0,0.0,15.479999999999846
ppo_T2,240.85879847925517,154.0650886935399,73.93498730375262,1060.7657311928772,1.0,0.0,0.0,15.519999999999843
ppo_T2,243.03507156675508,156.09999142158375,74.48571030731641,1064.9667811226657,1.0,0.0,0.0,15.559999999999844
ppo_T2,245.2528364869415,158.1236037278968,75.05617899060309,1067.0679247335352,1.0,0.0,0.0,15.599999999999843
ppo_T2,247.51125318526672,160.1372669308162,75.64425572236844,1069.1697514048617,1.0,0.0,0.0,15.639999999999842
ppo_T2,249.80952326776963,162.14225359549556,76.24802004671157,1073.3756668114531,1.0,0.0,0.0,15.679999999999842
ppo_T2,252.11144101962392,164.11626374816686,75.81037783159775,1075.4794758745832,0.0,0.0,0.0,15.71999999999984
ppo_T2,254.39094662883824,166.03211129192604,74.44216561099468,1077.583391673763,1.0,0.0,1.0,15.75999999999984
ppo_T2,256.6394390618886,167.90533677255343,73.16373727279675,1081.7891712312726,1.0,0.0,1.0,15.79999999999984
ppo_T2,258.90866477101633,169.7998938901285,73.90336591928866,1083.8894947004717,1.0,0.0,0.0,15.839999999999838
ppo_T2,261.1049438730847,171.63670116198296,71.578203945579,1088.080331013119,0.0,0.0,1.0,15.879999999999836
ppo_T2,263.2285125449026,173.41559692718428,69.2550271071426,1090.168701694607,0.0,0.0,1.0,15.919999999999837
ppo_T2,265.38186220841305,175.2041393824259,69.98124252050583,1094.3255099570467,1.0,0.0,0.0,15.959999999999836
ppo_T2,267.50315505176195,176.95168420232898,68.71042599568378,1098.4480978017582,1.0,0.0,1.0,15.999999999999837
ppo_T2,269.58320704158047,178.67027375571604,67.45445840231366,1102.5301811910715,1.0,0.0,1.0,16.039999999999836
ppo_T2,271.6122706456136,180.3692675158545,66.16116169155302,1106.5734992281057,1.0,0.0,1.0,16.079999999999835
ppo_T2,273.5804064811246,182.0554000156331,64.79101728746885,1110.5915921362289,1.0,0.0,1.0,16.119999999999834
ppo_T2,275.47782687462166,183.7329036507417,63.31578888526319,1114.6068529989243,1.0,0.0,1.0,16.159999999999833
ppo_T2,277.2952055394911,185.40368431263224,61.716960957210034,1118.6406365872183,1.0,0.0,1.0,16.199999999999832
ppo_T2,279.023948541017,187.0675386371277,59.984183219761064,1120.6684250251603,1.0,0.0,1.0,16.23999999999983
ppo_T2,280.71369902499873,188.77816269412529,60.111829963490344,1124.7468604244332,1.0,0.0,0.0,16.27999999999983
ppo_T2,282.3544724287016,190.53391277239635,60.0770115125552,1126.796292726238,1.0,0.0,0.0,16.31999999999983
ppo_T2,283.9369248382629,192.3316841469469,59.875587385844426,1128.8513944210658,1.0,0.0,0.0,16.35999999999983
ppo_T2,285.4525398520159,194.1670596637452,59.50678615490076,1130.9113875094204,1.0,0.0,0.0,16.399999999999828
ppo_T2,286.89378591941744,196.03448070344933,58.97272444915788,1132.9757076441765,1.0,0.0,0.0,16.439999999999827
ppo_T2,288.2644729002677,197.9338430707006,58.55745149852169,1135.0440402751872,1.0,0.0,0.0,16.479999999999826
ppo_T2,289.56821708795513,199.8650466442908,58.25212522719794,1137.1162662983809,1.0,0.0,0.0,16.519999999999825
ppo_T2,290.8084510426506,201.82799517117047,58.04818678024442,1139.1923593091956,1.0,0.0,0.0,16.559999999999825
ppo_T2,291.98843292497514,203.82259607092095,57.93741230791553,1141.2722719889364,1.0,0.0,0.0,16.599999999999824
ppo_T2,293.11125535551787,205.8487602501583,57.91195629873424,1143.3558350552712,1.0,0.0,0.0,16.639999999999823
ppo_T2,294.1798538242896,207.90640192636465,57.96438537543153,1145.4426875959484,1.0,0.0,0.0,16.679999999999822
ppo_T2,295.1970146729766,209.9954384606684,58.08770219330885,1147.5322384969818,1.0,0.0,0.0,16.71999999999982
ppo_T2,296.1541509341933,212.11111615318876,58.05278805300828,1149.6236646150371,1.0,0.0,0.0,16.75999999999982
ppo_T2,297.0437275794351,214.24755916782615,57.85615439687933,1151.7159167013092,1.0,0.0,0.0,16.79999999999982
ppo_T2,297.86895450427545,216.4052169073937,57.752090863649165,1153.807738847588,1.0,0.0,0.0,16.83999999999982
ppo_T2,298.6328787192991,218.58451474161637,57.73278561910779,1155.8976689554763,1.0,0.0,0.0,16.879999999999818
ppo_T2,299.32846109785515,220.77902517096172,57.55275226837281,1157.984051816894,1.0,0.0,0.0,16.919999999999817
ppo_T2,299.9689220872076,222.99604367543196,57.69186103800507,1160.0650776942784,1.0,0.0,0.0,16.959999999999816
ppo_T2,300.56801957231727,225.24075604842736,58.08211554635114,1162.1388511444611,1.0,0.0,0.0,16.999999999999815
ppo_T2,301.1394924270986,227.5055622082992,58.3948208616637,1166.2575289110714,1.0,1.0,0.0,17.039999999999814
ppo_T2,301.69736088902965,229.8020888751101,59.08284412686335,1168.2997687194274,1.0,0.0,0.0,17.079999999999814
ppo_T2,302.2549956215936,232.12928873868745,59.82691545197429,1172.3488697445257,1.0,0.0,0.0,17.119999999999813
ppo_T2,302.82505621709674,234.48423022702005,60.57391402253696,1176.361025738952,1.0,0.0,0.0,17.159999999999812
ppo_T2,303.419235487242,236.8622624642395,61.2784950366225,1178.3606978727428,1.0,0.0,0.0,17.19999999999981
ppo_T2,304.04803799983586,239.2572137166608,61.90306990226075,1182.3662332090817,1.0,0.0,0.0,17.23999999999981
ppo_T2,304.7205967918329,241.6616167338424,62.41739139517004,1186.401744108289,1.0,0.0,0.0,17.27999999999981
ppo_T2,305.4445310021053,244.06695402957573,62.79793113156913,1188.435765738578,1.0,0.0,0.0,17.31999999999981
ppo_T2,306.22584596975327,246.46391598694927,63.02717520922371,1192.53809270545,1.0,0.0,0.0,17.359999999999808
ppo_T2,307.0688761676981,248.84266470597325,63.09291453337401,1194.6048975423864,1.0,0.0,0.0,17.399999999999807
ppo_T2,307.9715418002443,251.20520309484309,63.227727714310085,1196.6804266272914,1.0,0.0,0.0,17.439999999999806
ppo_T2,308.93186788104754,253.5534314518774,63.4251655410284,1200.8518291863263,1.0,0.0,0.0,17.479999999999805
ppo_T2,309.94797890947444,255.88915267878937,63.67925129083453,1202.9449896052936,1.0,0.0,0.0,17.519999999999804
ppo_T2,311.01809381740395,258.21407722912346,63.98447116742037,1205.0416041159542,1.0,0.0,0.0,17.559999999999803
ppo_T2,312.1405211727297,260.529827805311,64.33575939503028,1207.140793830568,1.0,0.0,0.0,17.599999999999802
ppo_T2,313.3136546265243,262.8379438171148,64.72847916661694,1209.2418792082292,1.0,0.0,0.0,17.6399999999998
ppo_T2,314.5359685914872,265.1398856135842,65.15840056775191,1211.3443421433126,1.0,0.0,0.0,17.6799999999998
ppo_T2,315.8123464852913,267.4251532124282,65.43884800960153,1213.4477981863347,1.0,0.0,0.0,17.7199999999998
ppo_T2,317.1411785210745,269.695574802103,65.76762489147444,1217.6566425320043,1.0,0.0,0.0,17.7599999999998
ppo_T2,318.5209357798185,271.95288491418,66.13990396850897,1219.7616620937208,1.0,0.0,0.0,17.799999999999798
ppo_T2,319.9501661029902,274.1987291817432,66.55127624067364,1221.8669011612044,1.0,0.0,0.0,17.839999999999797
ppo_T2,321.42749019383564,276.43466885606,66.99772709100014,1223.9722540912676,1.0,0.0,0.0,17.879999999999797
ppo_T2,322.9515979167281,278.6621850938043,67.47561105871354,1226.0776404578082,1.0,0.0,0.0,17.919999999999796
ppo_T2,324.5212447845084,280.8826830264883,67.98162600377,1230.2883223947406,1.0,0.0,0.0,17.959999999999795
ppo_T2,326.135248624268,283.0974956231666,68.51278727892552,1232.3935873327134,1.0,0.0,0.0,17.999999999999794
ppo_T2,327.7924864125096,285.3078873569146,69.06640239380734,1234.4988157121827,1.0,0.0,0.0,18.039999999999797
ppo_T2,329.49189127108104,287.51505768504893,69.6400465372331,1236.6040377994764,1.0,0.0,0.0,18.079999999999792
ppo_T2,331.2324496157151,289.7201443525526,70.23153922151832,1240.814617382099,1.0,0.0,0.0,18.11999999999979
ppo_T2,333.01319844942304,291.9242265276855,70.83892222628576,1242.9200526043833,1.0,0.0,0.0,18.15999999999979
ppo_T2,334.8400340053923,294.1155498117976,71.32332141402395,1245.025627194536,1.0,0.0,0.0,18.19999999999979
ppo_T2,336.7167950682058,296.2819934784673,71.65765070696621,1249.2372566918257,1.0,0.0,0.0,18.23999999999979
ppo_T2,338.6452836735453,298.41138650191647,71.82175396963054,1251.343307260972,1.0,0.0,0.0,18.279999999999788
ppo_T2,340.62420931282924,300.50627487177275,72.04470820250403,1253.4494919831952,1.0,0.0,0.0,18.319999999999787
ppo_T2,342.64876157896805,302.58325816221503,72.51151403011934,1257.662140054783,1.0,0.0,0.0,18.359999999999783
ppo_T2,344.71197196834663,304.6575403768226,73.1414888105457,1259.7685340156113,1.0,0.0,0.0,18.399999999999785
ppo_T2,346.81307752991734,306.73013122181084,73.78294768945715,1261.874923592292,1.0,0.0,0.0,18.439999999999785
ppo_T2,348.9513531098405,308.80198841232595,74.43459659990471,1266.087505844077,1.0,0.0,0.0,18.479999999999784
ppo_T2,351.12610943215475,310.87402031415,75.0952780790107,1268.1935829932215,1.0,0.0,0.0,18.519999999999783
ppo_T2,353.3366912769487,312.9470884512064,75.76395743281917,1272.404932217435,1.0,0.0,0.0,18.559999999999786
ppo_T2,355.5824757510812,315.0220098856839,76.43971016227576,1274.5100080556806,1.0,0.0,0.0,18.59999999999978
ppo_T2,357.8628706467477,317.0995594772495,77.12171056841156,1278.7183586196788,1.0,0.0,0.0,18.63999999999978
ppo_T2,360.17731288343185,319.18047202749364,77.80922145185747,1280.8213676481205,1.0,0.0,0.0,18.67999999999978
ppo_T2,362.51616422173294,321.27823045728866,78.54463704022355,1285.0244274729605,1.0,0.0,0.0,18.71999999999978
ppo_T2,364.87930067978056,323.39294230173715,79.27964786282084,1287.1243006974637,1.0,0.0,0.0,18.759999999999778
ppo_T2,367.2554584891567,325.5361120500103,79.99727536364996,1291.320613673456,1.0,0.0,0.0,18.799999999999777
ppo_T2,369.5456322527829,327.6306579092102,77.58873236452156,1295.5126444403052,0.0,1.0,1.0,18.839999999999776
ppo_T2,371.74073153336496,329.680425673475,75.083323460634,1297.6071543924445,0.0,1.0,1.0,18.87999999999977
ppo_T2,373.8300225920432,331.6885091520774,72.44625760222428,1301.7926255881534,0.0,0.0,1.0,18.91999999999977
ppo_T2,375.8269957857332,333.69034424867954,70.6896637171255,1303.8827078312625,1.0,0.0,1.0,18.959999999999773
ppo_T2,377.77850098969634,335.7410070965524,70.7707155041072,1308.051997810633,1.0,0.0,0.0,18.999999999999773
ppo_T2,379.61828105591735,337.7804897844155,68.66713335977045,1312.1901212817254,1.0,0.0,1.0,19.03999999999977
ppo_T2,381.3925911867199,339.8631001459132,68.39884117295959,1351.469194839242,1.0,0.0,0.0,19.07999999999977
ppo_T2,383.0300038304614,341.88299573112795,65.00528027136835,1349.4400961864485,0.0,0.0,1.0,19.11999999999977
ppo_T2,384.5371840933954,343.87244227768326,62.397365261777466,1347.4428245886218,1.0,0.0,1.0,19.15999999999977
ppo_T2,385.9121147002176,345.82298003550284,59.66066395800726,1345.486669130356,1.0,0.0,1.0,19.19999999999977
ppo_T2,387.1638403033169,347.73346009649475,57.10052018645474,1345.486669130356,1.0,0.0,1.0,19.239999999999768
ppo_T2,388.2916481208839,349.59569642267394,54.42813270673219,1345.486669130356,1.0,0.0,1.0,19.279999999999767
ppo_T2,389.2963909669439,351.4013884570063,51.66013882554935,1343.5816665153482,1.0,0.0,1.0,19.31999999999977
ppo_T2,390.18039484737926,353.14237716596114,48.81408957292056,1343.5816665153482,1.0,0.0,1.0,19.359999999999765
ppo_T2,390.9473352513312,354.81087053870016,45.90797669038544,1343.5816665153482,1.0,0.0,1.0,19.399999999999764
ppo_T2,391.60208869760686,356.39963505925954,42.959826998590465,1343.5816665153482,1.0,0.0,1.0,19.439999999999763
ppo_T2,392.15056654772286,357.9021508804931,39.98735538520991,1343.5816665153482,1.0,0.0,1.0,19.47999999999976
ppo_T2,392.59953838509193,359.3127296743422,37.00767018814703,1343.5816665153482,1.0,0.0,1.0,19.51999999999976
ppo_T2,392.9564524017652,360.626595398496,34.03702723142191,1343.5816665153482,1.0,0.0,1.0,19.55999999999976
ppo_T2,393.24862814498425,361.9174836689554,33.08851001230715,1343.5816665153482,1.0,0.0,0.0,19.59999999999976
ppo_T2,393.478456050924,363.1804470596401,32.09261395319739,1343.5816665153482,1.0,0.0,0.0,19.63999999999976
ppo_T2,393.64786844105913,364.41788296268845,31.224471293406264,1343.5816665153482,1.0,0.0,0.0,19.67999999999976
ppo_T2,393.7503668201187,365.54577094926026,28.313393782391426,1343.5816665153482,1.0,0.0,1.0,19.71999999999976
ppo_T2,393.7945719621323,366.5629238117807,25.452824503309515,1343.5816665153482,1.0,0.0,1.0,19.75999999999976
ppo_T2,393.79026872177553,367.5490028172134,24.65220987600154,1343.5816665153482,1.0,0.0,0.0,19.79999999999976
ppo_T2,393.74048380703954,368.5009035300962,23.83004281524211,1807.13899139836,1.0,0.0,0.0,19.839999999999755
ppo_T2,393.66686337316594,369.2329347798741,18.39309855175151,1807.13899139836,1.0,0.0,0.0,19.879999999999757
ppo_T2,393.5780599252613,369.7943744850061,14.210484572544242,1807.13899139836,1.0,0.0,0.0,19.919999999999757
ppo_T2,393.47973645220543,370.2233032189727,11.00134549089389,1807.13899139836,1.0,0.0,0.0,19.959999999999752
ppo_T2,393.349517237928,370.63044237325386,10.686420551212747,1807.13899139836,1.0,0.0,0.0,19.99999999999975
ppo_T2,393.187427799022,371.0168988584976,10.476807755459307,1807.13899139836,1.0,0.0,0.0,20.03999999999975
ppo_T2,392.9952737393433,371.3805073171998,10.281484993996013,1807.13899139836,1.0,0.0,0.0,20.07999999999975
ppo_T2,392.77500344624485,371.7192379396105,10.101281991051492,1807.13899139836,1.0,0.0,0.0,20.11999999999975
ppo_T2,392.5287002710967,372.0312039037811,9.93692661518603,1807.13899139836,1.0,0.0,0.0,20.159999999999748
ppo_T2,392.25857461953694,372.31466892347794,9.789033565114087,1807.13899139836,1.0,0.0,0.0,20.199999999999747
ppo_T2,391.96695579744585,372.5680549455288,9.65809290079277,1807.13899139836,1.0,0.0,0.0,20.239999999999743
ppo_T2,391.6562834535432,372.789950000154,9.544459143042342,1805.0290763902103,1.0,0.0,0.0,20.279999999999745
ppo_T2,391.32612921642345,372.9811862114032,9.53851104670652,1805.0290763902103,1.0,0.0,0.0,20.319999999999744
ppo_T2,390.97608759298106,373.142554045518,9.63615314937272,1805.0290763902103,1.0,0.0,0.0,20.359999999999744
ppo_T2,390.60577480529867,373.2748044266572,9.830492231844884,1805.0290763902103,1.0,0.0,0.0,20.399999999999743
ppo_T2,390.21482768662287,373.378650745144,10.112606843199531,1805.0290763902103,1.0,0.0,0.0,20.439999999999745
ppo_T2,389.8029026334248,373.4547707636942,10.472479012760026,1805.0290763902103,1.0,0.0,0.0,20.47999999999974
ppo_T2,389.369674610697,373.50380842680863,10.899862730797901,1802.918234824996,1.0,0.0,0.0,20.51999999999974
ppo_T2,388.9148362077816,373.5263755782485,11.384947548484478,1802.918234824996,1.0,0.0,0.0,20.55999999999974
ppo_T2,388.4380967421632,373.523053591264,11.91877598779466,1802.918234824996,1.0,0.0,0.0,20.59999999999974
ppo_T2,387.9391814087904,373.49439491600725,12.4934440193138,1802.918234824996,1.0,0.0,0.0,20.639999999999738
ppo_T2,387.4178304726114,373.440924548337,13.102143881669331,1800.8065488258585,1.0,0.0,0.0,20.679999999999737
ppo_T2,386.8737985021304,373.3631414240088,13.739109308280113,1800.8065488258585,1.0,0.0,0.0,20.719999999999736
ppo_T2,386.30685364189947,373.26151974204026,14.399510425451805,1800.8065488258585,1.0,0.0,0.0,20.75999999999973
ppo_T2,385.7167769219694,373.1365102208502,15.07933013663838,1800.8065488258585,1.0,0.0,0.0,20.79999999999973
ppo_T2,385.10336160242,372.98854129058606,15.775240857539481,1798.694141243421,1.0,0.0,0.0,20.839999999999733
ppo_T2,384.46641255118976,372.81802022488137,16.484491342474815,1798.694141243421,1.0,0.0,0.0,20.879999999999733
ppo_T2,383.8057456535122,372.6253342151206,17.20480761379747,1798.694141243421,1.0,0.0,0.0,20.91999999999973
ppo_T2,383.12118725135366,372.41085139013154,17.934308743668275,1796.5811530060598,1.0,0.0,0.0,20.95999999999973
ppo_T2,382.4125736113284,372.1749217840778,18.67143657171661,1796.5811530060598,1.0,0.0,0.0,20.99999999999973
ppo_T2,381.6797504196439,371.9178782551828,19.414897727284682,1796.5811530060598,1.0,0.0,0.0,21.03999999999973
ppo_T2,380.9225723027044,371.6400373577826,20.163616135259705,1794.4677231794612,1.0,0.0,0.0,21.07999999999973
ppo_T2,380.14090237206784,371.3417001700796,20.916694260027523,1794.4677231794612,1.0,0.0,0.0,21.119999999999727
ppo_T2,379.3346117925199,371.02315307984577,21.673381533638437,1794.4677231794612,1.0,0.0,0.0,21.159999999999727
ppo_T2,378.5035793720905,370.6846685302135,22.433048641240827,1792.3539749960837,1.0,0.0,0.0,21.19999999999973
ppo_T2,377.6476911728986,370.3265057275799,23.19516655882047,1792.3539749960837,1.0,0.0,0.0,21.239999999999725
ppo_T2,376.7668401417661,369.9489113135503,23.959289437416636,1790.240008674146,1.0,0.0,0.0,21.279999999999724
ppo_T2,376.0421086360315,369.631478264908,19.780032478718507,1790.240008674146,1.0,0.0,0.0,21.319999999999723
ppo_T2,375.4417394225262,369.3629241780623,16.442408774388564,1790.240008674146,1.0,0.0,0.0,21.35999999999972
ppo_T2,374.9404513355103,369.1340406368576,13.776733593692896,1790.240008674146,1.0,0.0,0.0,21.39999999999972
ppo_T2,374.5181148206741,368.9373227405168,11.647587263696035,1788.1258999834392,1.0,0.0,0.0,21.43999999999972
ppo_T2,374.06884536674846,368.7239967863864,12.433598758411547,1359.7647433200198,1.0,0.0,0.0,21.47999999999972
ppo_T2,373.5926264926266,368.494145232602,13.219685908878484,1359.7647433200198,1.0,0.0,0.0,21.51999999999972
ppo_T2,373.0894436621815,368.2478469574108,14.00570868469722,1361.8603303370887,1.0,0.0,0.0,21.55999999999972
ppo_T2,372.55928418457455,367.985177440543,14.791558969306958,1361.8603303370887,1.0,0.0,0.0,21.59999999999972
ppo_T2,372.00213711962994,367.70620893536943,15.577152316276877,1361.8603303370887,1.0,0.0,0.0,21.63999999999972
ppo_T2,371.4156514272178,367.4157482926759,16.361785743731286,1361.8603303370887,1.0,0.0,0.0,21.679999999999715
ppo_T2,370.7998797515239,367.11373918190446,17.14614132202637,1363.9591266121004,1.0,0.0,0.0,21.719999999999715
ppo_T2,370.1530449041947,366.8053615263476,17.914590739221982,1363.9591266121004,1.0,0.0,0.0,21.759999999999717
ppo_T2,369.4752408197626,366.4904220386302,18.684974876163015,1363.9591266121004,1.0,0.0,0.0,21.799999999999716
ppo_T2,368.7665578481455,366.1687376638231,19.456881675501588,1366.0597284500022,1.0,0.0,0.0,21.839999999999712
ppo_T2,368.0270829357951,365.8401350593045,20.22997185014042,1366.0597284500022,1.0,0.0,0.0,21.87999999999971
ppo_T2,367.2568997976445,365.5044501010442,21.003964767006508,1366.0597284500022,1.0,0.0,0.0,21.91999999999971
ppo_T2,366.4560890803204,365.1615274149685,21.77862733287015,1368.1612117290936,1.0,0.0,0.0,21.95999999999971
ppo_T2,365.6247285170661,364.811219932133,22.553765188226116,1368.1612117290936,1.0,0.0,0.0,21.99999999999971
ppo_T2,364.7628930747943,364.4533884664921,23.329215687612578,1368.1612117290936,1.0,0.0,0.0,22.039999999999708
ppo_T2,363.8706550936706,364.0879013141181,24.104842271705376,1370.2630018716457,1.0,0.0,0.0,22.079999999999707
ppo_T2,362.9480844196074,363.7146338727808,24.880529930599945,1370.2630018716457,1.0,0.0,0.0,22.119999999999703
ppo_T2,361.99524853002697,363.3334682808521,25.656181527836388,1372.3647605304063,1.0,0.0,0.0,22.159999999999705
ppo_T2,361.0122126532373,362.944293074555,26.431714807357825,1372.3647605304063,1.0,0.0,0.0,22.199999999999704
ppo_T2,359.9990398817442,362.547002862624,27.207059945344696,1374.4663065849725,1.0,0.0,0.0,22.239999999999704
ppo_T2,358.95579127980733,362.14149801749386,27.982157539082433,1374.4663065849725,1.0,0.0,0.0,22.279999999999703
ppo_T2,357.88252598553424,361.7276843821753,28.756956948130444,1376.5675667877845,1.0,0.0,0.0,22.319999999999705
ppo_T2,356.7793013077878,361.3054729920226,29.53141492084542,1376.5675667877845,1.0,0.0,0.0,22.3599999999997
ppo_T2,355.6461728181719,360.8747798106349,30.30549445308027,1378.6685224258226,1.0,0.0,0.0,22.3999999999997
ppo_T2,354.48319443834504,360.4355254791743,31.07916383660031,1378.6685224258226,1.0,0.0,0.0,22.4399999999997
ppo_T2,353.28848258251463,359.9952685094751,31.83122109099834,1380.7691828441004,1.0,0.0,0.0,22.4799999999997
ppo_T2,352.06214869232014,359.5536745421021,32.585464956209826,1380.7691828441004,1.0,0.0,0.0,22.519999999999698
ppo_T2,350.80429974866087,359.11042651131413,33.3415354874948,1382.8695737611397,1.0,0.0,0.0,22.559999999999697
ppo_T2,349.51503849734115,358.6652237662979,34.09912075776685,1384.969720497309,1.0,0.0,0.0,22.599999999999696
ppo_T2,348.19446366325366,358.21778123704325,34.85795021773166,1384.969720497309,1.0,0.0,0.0,22.63999999999969
ppo_T2,346.8426701536828,357.767828642592,35.61778900503331,1387.0696501162804,1.0,0.0,0.0,22.67999999999969
ppo_T2,345.45974925128104,357.3151097395084,36.37843306401584,1389.1693922666527,1.0,0.0,0.0,22.719999999999693
ppo_T2,344.045788797243,356.8593816085269,37.13970495769457,1389.1693922666527,1.0,0.0,0.0,22.75999999999969
ppo_T2,342.60087336517483,356.40041397743903,37.90145027085979,1391.268975849055,1.0,0.0,0.0,22.79999999999969
ppo_T2,341.1250844261321,355.93798857837703,38.663534518155096,1393.368424443809,1.0,0.0,0.0,22.83999999999969
ppo_T2,339.61850050527414,355.47189853774864,39.425840483754925,1395.467762245937,1.0,0.0,0.0,22.87999999999969
ppo_T2,338.0811973305614,355.0019477971625,40.18826593017713,1395.467762245937,1.0,0.0,0.0,22.91999999999969
ppo_T2,336.5132479738996,354.5279505637713,40.95072162305763,1397.5670113529982,1.0,0.0,0.0,22.959999999999688
ppo_T2,334.9147229851146,354.0497307885376,41.71312962661251,1399.666190564237,1.0,0.0,0.0,22.999999999999687
ppo_T2,333.2856905191222,353.5671216710037,42.4754218312204,1401.7653156679633,1.0,0.0,0.0,23.039999999999687
ppo_T2,331.62621645663813,353.07996518921954,43.237538680250296,1401.7653156679633,1.0,0.0,0.0,23.07999999999969
ppo_T2,329.93636451875705,352.58811165355064,43.99942806809083,1403.864400786632,1.0,0.0,0.0,23.119999999999685
ppo_T2,328.2161963757116,352.0914192831525,44.761044385436996,1405.963458440914,1.0,0.0,0.0,23.159999999999684
ppo_T2,326.46577175010736,351.58975380396055,45.52234769137174,1408.062499889381,1.0,0.0,0.0,23.199999999999683
ppo_T2,324.685148514914,351.08298806710206,46.28330299473674,1410.1615360184153,1.0,0.0,0.0,23.23999999999968
ppo_T2,322.8743827864794,350.5710016866934,47.04387962980186,1412.2605772927018,1.0,0.0,0.0,23.27999999999968
ppo_T2,321.0318476918989,350.0640924089444,47.77481417172579,1414.3596335963368,1.0,0.0,0.0,23.31999999999968
ppo_T2,319.1576545670952,349.5617481800889,48.50869505386309,1414.3596335963368,1.0,0.0,0.0,23.35999999999968
ppo_T2,317.2519102941643,349.06348316200194,49.245109287993486,1416.458714251544,1.0,0.0,0.0,23.39999999999968
ppo_T2,315.31471752666835,348.56883640028207,49.98369257391969,1418.557825052057,1.0,0.0,0.0,23.43999999999968
ppo_T2,313.34617490348444,348.0773705599958,50.72412352286124,1420.6569689899409,1.0,0.0,0.0,23.47999999999968
ppo_T2,311.34637725179044,347.58867072564635,51.46611856244594,1422.7561451069505,1.0,0.0,0.0,23.51999999999968
ppo_T2,309.3154157797399,347.1023432621039,52.20942744580006,1424.855348637854,1.0,0.0,0.0,23.559999999999675
ppo_T2,307.2533782593501,346.6180147334008,52.95382929502723,1426.9545717635017,1.0,0.0,0.0,23.599999999999675
ppo_T2,305.1603492000998,346.1353308764522,53.69912911668646,1429.0538063046035,1.0,0.0,0.0,23.639999999999677
ppo_T2,303.0364100137093,345.6539556269118,54.44515473365822,1431.153044479383,1.0,0.0,0.0,23.679999999999676
ppo_T2,300.8816391705504,345.173570194514,55.19175408399032,1433.2522829754696,1.0,0.0,0.0,23.719999999999672
ppo_T2,298.69611234811083,344.69387218538907,55.93879284294146,1435.3515221171629,1.0,0.0,0.0,23.75999999999967
ppo_T2,296.479236870871,344.2265874052381,56.63971634014935,1439.5500223019008,1.0,0.0,0.0,23.79999999999967
ppo_T2,294.23110054635555,343.77095890849245,57.34606710932993,1441.64929757226,1.0,0.0,0.0,23.83999999999967
ppo_T2,291.9517879252304,343.32626830350097,58.05716880254749,1443.748596690941,1.0,0.0,0.0,23.87999999999967
ppo_T2,289.6413804657879,342.89183379391056,58.772421103411006,1445.8479185279643,1.0,0.0,0.0,23.919999999999668
ppo_T2,287.2999566900771,342.46700831954394,59.49129128039701,1447.9472572884115,1.0,0.0,0.0,23.959999999999667
ppo_T2,284.92759233210376,342.0511777917213,60.21330664215615,1450.0466013649277,1.0,0.0,0.0,23.999999999999662
ppo_T2,282.5243604785018,341.6437594182274,60.9380478089608,1452.145937958389,1.0,0.0,0.0,24.039999999999665
ppo_T2,280.09033170206027,341.2442001133708,61.665142719788705,1454.2452561644438,1.0,0.0,0.0,24.079999999999664
ppo_T2,277.6255741884672,340.85197498881183,62.394261300363226,1458.4438149034545,1.0,0.0,0.0,24.119999999999663
ppo_T2,275.1301538566161,340.4665859210565,63.12511072347203,1460.5430567174376,1.0,0.0,0.0,24.159999999999663
ppo_T2,272.6047554610305,340.1007746179431,63.793881788889514,1462.6422797283835,1.0,0.0,0.0,24.199999999999665
ppo_T2,270.0519244098344,339.7666229457983,64.36518719360512,1464.741489725579,1.0,0.0,0.0,24.23999999999966
ppo_T2,267.47156025737496,339.4626480521162,64.95517634918868,1468.939887711446,1.0,0.0,0.0,24.27999999999966
ppo_T2,264.86356885585843,339.18744231293283,65.5617902691027,1471.0390827672122,1.0,0.0,0.0,24.31999999999966
ppo_T2,262.2278620344623,338.93966951129653,66.18318238790326,1473.1382791763058,1.0,0.0,0.0,24.35999999999966
ppo_T2,259.56435729475,338.71806120987185,66.81769852427901,1475.237479476389,1.0,0.0,0.0,24.399999999999658
ppo_T2,256.8729775215588,338.5214133078153,67.4638582915216,1479.4359038105056,1.0,0.0,0.0,24.439999999999657
ppo_T2,254.15365070857604,338.3485827725616,68.12033795847614,1481.5351350802662,1.0,0.0,0.0,24.479999999999656
ppo_T2,251.40630969785587,338.19848453763524,68.78595473147546,1483.6343876468045,1.0,0.0,0.0,24.51999999999965
ppo_T2,248.63089193257028,338.070088558053,69.45965240445227,1485.7336743424871,1.0,0.0,0.0,24.55999999999965
ppo_T2,245.831082968946,337.976187436932,70.03457919725493,1489.932434181784,1.0,0.0,0.0,24.599999999999653
ppo_T2,243.0123328589669,337.9284382855318,70.47886280637135,1492.0319635491408,1.0,0.0,0.0,24.63999999999965
ppo_T2,240.181626215522,337.9371434027352,70.76800071496041,1494.131635835008,1.0,0.0,0.0,24.67999999999965
ppo_T2,237.33816059965795,337.9999258667441,71.10396589848364,1498.331539936844,1.0,0.0,0.0,24.71999999999965
ppo_T2,234.48117546418453,338.1145291106239,71.4820692893667,1500.4318368997351,1.0,0.0,0.0,24.75999999999965
ppo_T2,231.61876890223223,338.2903424804776,71.6950210393248,1502.5324166647686,1.0,0.0,0.0,24.79999999999965
ppo_T2,228.7601380924714,338.5350887570641,71.72722132503515,1506.734638344178,1.0,0.0,0.0,24.839999999999648
ppo_T2,225.9525312612698,338.83589484501096,70.5918746260672,1508.8364172131603,0.0,0.0,0.0,24.879999999999647
ppo_T2,223.15659619299493,339.20842605449724,70.51609926131441,1510.9387418721778,1.0,0.0,0.0,24.919999999999646
ppo_T2,220.3827095531039,339.65713167562564,70.24859351527267,1515.145234446176,1.0,0.0,0.0,24.95999999999965
ppo_T2,217.64153100438344,340.1846546384421,69.78690919624383,1517.249379040412,1.0,0.0,0.0,24.999999999999645
ppo_T2,214.97554421870768,340.76582816004486,68.21495530494924,1519.3539466042391,0.0,0.0,0.0,25.039999999999644
ppo_T2,212.3926304437821,341.39757487352665,66.4762527086514,1523.5629785044928,0.0,0.0,0.0,25.079999999999643
ppo_T2,209.89985204381767,342.07537568049423,64.58210900307101,1525.6663153054533,0.0,0.0,0.0,25.11999999999964
ppo_T2,207.47822588526444,342.8248693825758,63.373959859557615,1527.7677995201527,1.0,0.0,0.0,25.15999999999964
ppo_T2,205.13565786008124,343.64086664324435,62.01550452321022,1529.866422890714,1.0,0.0,0.0,25.19999999999964
ppo_T2,202.8823296559692,344.50701121362755,60.35154519692984,1531.9610483963477,1.0,1.0,0.0,25.23999999999964
ppo_T2,200.7206662931081,345.4263819770558,58.72622441775,1534.0504606079244,1.0,0.0,0.0,25.27999999999964
ppo_T2,198.65675177773053,346.3807435927293,56.847104259238776,1538.2088818962134,1.0,1.0,0.0,25.31999999999964
ppo_T2,196.69294846503325,347.3618947143343,54.88158260283913,1540.2758338109118,1.0,1.0,0.0,25.35999999999964
ppo_T2,194.830560075818,348.3721508979341,52.968788385150766,1542.3336515638357,1.0,0.0,0.0,25.39999999999964
ppo_T2,193.07629519966872,349.3661083592446,50.40707223809117,1544.382036494106,0.0,0.0,0.0,25.439999999999635
ppo_T2,191.42120898683655,350.36231967260005,48.29432777747061,1546.4210708480362,1.0,1.0,0.0,25.479999999999634
ppo_T2,189.86571669724032,351.36349388404483,46.24598674922661,1548.4511755285205,1.0,0.0,0.0,25.519999999999637
ppo_T2,188.4072936865423,352.3623441604926,44.19204929122799,1550.472978382894,1.0,0.0,0.0,25.559999999999636
ppo_T2,187.0380555439348,353.3425355566722,42.09801260389126,1554.493829284023,1.0,1.0,0.0,25.599999999999632
ppo_T2,185.75846818843067,354.3077361745701,40.06990792006957,1556.4928816557292,1.0,0.0,0.0,25.63999999999963
ppo_T2,184.56390974908808,355.2527180641279,38.07854248619503,1558.4830528088853,1.0,0.0,0.0,25.67999999999963
ppo_T2,183.4493542069233,356.1730479301526,36.13551852806469,1560.462086326318,1.0,0.0,0.0,25.71999999999963
ppo_T2,182.4095122510768,357.0651021917008,34.25120525876436,1562.4266334402566,1.0,0.0,0.0,25.75999999999963
ppo_T2,181.43089905962063,357.9190949194975,32.47101936363579,1564.3724131027584,1.0,1.0,0.0,25.799999999999628
ppo_T2,180.51614660252804,358.7399833477224,30.72692090568141,1566.294538851993,1.0,0.0,0.0,25.839999999999627
ppo_T2,179.66616053156525,359.5349641571337,29.095433578174852,1568.188021616798,1.0,0.0,0.0,25.879999999999622
ppo_T2,178.87630722267346,360.3018773581367,27.52299160974223,1570.0484056093328,1.0,0.0,0.0,25.919999999999625
ppo_T2,178.14483245467943,361.0430936706082,26.03431579288415,1571.8724603177952,1.0,0.0,0.0,25.959999999999624
ppo_T2,177.47007008042695,361.7608626259472,24.6284456340027,1573.6588507140204,1.0,0.0,0.0,25.999999999999623
ppo_T2,176.85043755344913,362.4573187240538,23.304982904398297,1575.408695486498,1.0,0.0,0.0,26.039999999999623
ppo_T2,176.28443168188514,363.1344872775342,22.06410966461728,1577.1259289194795,1.0,0.0,0.0,26.07999999999962
ppo_T2,175.77062459809716,363.79428995901833,20.90659731167957,1577.1259289194795,1.0,0.0,0.0,26.11999999999962
ppo_T2,175.30765993303018,364.4385500666744,19.833799551169385,1578.8173623523317,1.0,0.0,0.0,26.15999999999962
ppo_T2,174.89424918491375,365.0689975222341,18.84761989084853,1580.4924048352905,1.0,0.0,0.0,26.19999999999962
ppo_T2,174.52916827243283,365.6872736151179,17.950442189707257,1580.4924048352905,1.0,0.0,0.0,26.23999999999962
ppo_T2,174.21125426299704,366.29493550555856,17.14501185639491,1580.4924048352905,1.0,0.0,0.0,26.279999999999617
ppo_T2,173.9394022672132,366.8934604989649,16.43425681586511,1582.162448800302,1.0,0.0,0.0,26.319999999999617
ppo_T2,173.71256249111786,367.48425010314776,15.821042957670834,1582.162448800302,1.0,0.0,0.0,26.359999999999616
ppo_T2,173.52973743815582,368.06863387943855,15.307869666907683,1582.162448800302,1.0,0.0,0.0,26.39999999999961
ppo_T2,173.38997925329753,368.6478730981701,14.896526918036244,1583.8399281254135,1.0,0.0,0.0,26.43999999999961
ppo_T2,173.29238720207462,369.223164208459,14.587753212012675,1583.8399281254135,1.0,0.0,0.0,26.479999999999613
ppo_T2,173.2361052776798,369.7956421317222,14.38094719666723,1583.8399281254135,1.0,0.0,0.0,26.51999999999961
ppo_T2,173.2203199296253,370.36638338788265,14.273987676382163,1585.5371398637774,1.0,0.0,0.0,26.55999999999961
ppo_T2,173.24425790778503,370.9364090627632,14.263202147953788,1585.5371398637774,1.0,0.0,0.0,26.59999999999961
ppo_T2,173.3078342742009,371.5022197602113,14.234282992859615,1585.5371398637774,1.0,0.0,0.0,26.63999999999961
ppo_T2,173.41039208295663,372.0648512382416,14.297558449944828,1585.5371398637774,1.0,0.0,0.0,26.67999999999961
ppo_T2,173.5513066756412,372.62528598105206,14.446972506818918,1587.2650594818206,1.0,0.0,0.0,26.719999999999608
ppo_T2,173.73051551488504,373.17981355905926,14.569159267817641,1587.2650594818206,1.0,0.0,0.0,26.759999999999607
ppo_T2,173.94758575810295,373.7247659793726,14.664852345319662,1587.2650594818206,1.0,0.0,0.0,26.799999999999606
ppo_T2,174.20172466759885,374.2565558053334,14.734886416154941,1589.0323042280943,1.0,0.0,0.0,26.83999999999961
ppo_T2,174.49256565205835,374.7763095541529,14.889854718342868,1589.0323042280943,1.0,0.0,0.0,26.879999999999605
ppo_T2,174.8197595298085,375.2850961496823,15.122822848005589,1589.0323042280943,1.0,0.0,0.0,26.919999999999604
ppo_T2,175.18297364537807,375.78392984844777,15.426429284938006,1589.0323042280943,1.0,0.0,0.0,26.959999999999603
ppo_T2,175.58189103093682,376.27377301704433,15.793222642991305,1590.8444247029877,1.0,0.0,0.0,26.9999999999996
ppo_T2,176.01620961033194,376.75553876843617,16.215942533929862,1590.8444247029877,1.0,0.0,0.0,27.0399999999996
ppo_T2,176.48564144355927,377.2300934643337,16.687727628514637,1590.8444247029877,1.0,0.0,0.0,27.0799999999996
ppo_T2,176.98978427070634,377.69298769667296,17.110505919185464,1592.7036582587807,1.0,0.0,0.0,27.1199999999996
ppo_T2,177.5284167314555,378.1451415703303,17.58138314446622,1592.7036582587807,1.0,0.0,0.0,27.1599999999996
ppo_T2,178.1013274770268,378.58742818665166,18.094270042061396,1592.7036582587807,1.0,0.0,0.0,27.1999999999996
ppo_T2,178.70780199541048,379.015163406708,18.553449138997102,1594.609125239572,1.0,0.0,0.0,27.2399999999996
ppo_T2,179.34769660426988,379.4292836867296,19.055194776826653,1594.609125239572,1.0,0.0,0.0,27.2799999999996
ppo_T2,180.02087367124514,379.830677753174,19.594076912395746,1594.609125239572,1.0,0.0,0.0,27.319999999999595
ppo_T2,180.7272013076137,380.2201890275248,20.165220100838006,1596.5573803230077,1.0,0.0,0.0,27.359999999999594
ppo_T2,181.4665530775121,380.5986179279101,20.764294358024525,1596.5573803230077,1.0,0.0,0.0,27.399999999999597
ppo_T2,182.23880772192803,380.9667240537997,21.387486933652077,1596.5573803230077,1.0,0.0,0.0,27.439999999999596
ppo_T2,183.04384889671368,381.325228259718,22.031462711900527,1598.5431965682983,1.0,0.0,0.0,27.479999999999592
ppo_T2,183.88156492390632,381.67481462361377,22.693319061417885,1598.5431965682983,1.0,0.0,0.0,27.51999999999959
ppo_T2,184.7518485556816,382.0161323152356,23.37053923144891,1600.560413149107,1.0,0.0,0.0,27.55999999999959
ppo_T2,185.65459675029672,382.34979736959394,24.060946980804037,1600.560413149107,1.0,0.0,0.0,27.59999999999959
ppo_T2,186.5897104594156,382.6763943703319,24.76266405641065,1600.560413149107,1.0,0.0,0.0,27.63999999999959
ppo_T2,187.55709442623623,382.9964780475795,25.474071372942806,1602.6026951732258,1.0,0.0,0.0,27.679999999999588
ppo_T2,188.55665699387333,383.3105747946379,26.193774226114687,1602.6026951732258,1.0,0.0,0.0,27.719999999999587
ppo_T2,189.58793569776947,383.61217294638425,26.86188296460331,1604.6641250290693,1.0,0.0,0.0,27.759999999999582
ppo_T2,190.65087623780428,383.9019726840491,27.543448399756777,1604.6641250290693,1.0,0.0,0.0,27.799999999999585
ppo_T2,191.74542582679985,384.1806385674544,28.23665035623497,1606.7395818080322,1.0,0.0,0.0,27.839999999999584
ppo_T2,192.8715331146596,384.44880134462295,28.939904315122963,1606.7395818080322,1.0,0.0,0.0,27.879999999999583
ppo_T2,194.02914811636015,384.7070596694592,29.651832305414608,1608.8249218170122,1.0,0.0,0.0,27.919999999999582
ppo_T2,195.2182221436006,384.9559817321726,30.37123675827194,1610.9169771493068,1.0,0.0,0.0,27.95999999999958
ppo_T2,196.43870773992268,385.19610680687447,31.097077257459453,1610.9169771493068,1.0,0.0,0.0,27.99999999999958
ppo_T2,197.69055861912668,385.42794672055794,31.8284500225485,1613.013453195358,1.0,0.0,0.0,28.03999999999958
ppo_T2,198.9737296068146,385.6519872474527,32.56456990863819,1613.013453195358,1.0,0.0,0.0,28.07999999999958
ppo_T2,200.28817658490232,385.86868943254734,33.304754683347284,1615.1127690037422,1.0,0.0,0.0,28.119999999999575
ppo_T2,201.6338564389496,386.0784908478759,34.04841133832981,1617.213881589892,1.0,0.0,0.0,28.159999999999577
ppo_T2,203.0107270081651,386.2818067849857,34.7950242011578,1617.213881589892,1.0,0.0,0.0,28.199999999999577
ppo_T2,204.41874703795023,386.4790313868276,35.54414462896615,1619.316126152842,1.0,0.0,0.0,28.239999999999576
ppo_T2,205.85787613485297,386.6705387221461,36.29538208430332,1621.4190865406515,1.0,0.0,0.0,28.27999999999957
ppo_T2,207.32807472380944,386.8566838052901,37.04839641391602,1621.4190865406515,1.0,0.0,0.0,28.31999999999957
ppo_T2,208.8293040075565,387.03780356421805,37.80289117129303,1623.522503215186,1.0,0.0,0.0,28.359999999999573
ppo_T2,210.36152592810564,387.2142177593275,38.5586078428623,1625.6262141953223,1.0,0.0,0.0,28.39999999999957
ppo_T2,211.9247031301732,387.3862298556088,39.31532085531892,1625.6262141953223,1.0,0.0,0.0,28.43999999999957
ppo_T2,213.5187989264672,387.5541278504927,40.07283325746023,1627.7301218683797,1.0,0.0,0.0,28.47999999999957
ppo_T2,215.1437772647375,387.7181850596441,40.83097298407712,1629.8341769931876,1.0,0.0,0.0,28.51999999999957
ppo_T2,216.7996026964983,387.8786608628365,41.589589621954445,1631.9383679035898,1.0,0.0,0.0,28.55999999999957
ppo_T2,218.4862403473392,388.0358014119367,42.34855160898039,1634.042711567744,1.0,0.0,0.0,28.599999999999568
ppo_T2,220.2036558887434,388.1898403029234,43.10774380689329,1634.042711567744,1.0,0.0,0.0,28.639999999999567
ppo_T2,221.95181551133717,388.3409992137677,43.867065396452674,1636.14724025306,1.0,0.0,0.0,28.679999999999566
ppo_T2,223.73068589949676,388.4894885099085,44.62642805095607,1638.2519854215025,1.0,0.0,0.0,28.719999999999565
ppo_T2,225.54023420724528,388.6355078189707,45.38575435017195,1640.3569612886906,1.0,0.0,0.0,28.759999999999565
ppo_T2,227.3804280353728,388.7792465762869,46.14497640205062,1642.462152496276,1.0,0.0,0.0,28.799999999999564
ppo_T2,229.25123540971776,388.9208845427066,46.904034644121666,1644.5675119860696,1.0,0.0,0.0,28.839999999999563
ppo_T2,231.1526247605516,389.0605922961012,47.66287680039237,1646.672968533996,1.0,0.0,0.0,28.87999999999956
ppo_T2,233.0845649030092,389.19853169790025,48.42145697291394,1648.7784480250502,1.0,0.0,0.0,28.91999999999956
ppo_T2,235.0470250185128,389.3348563359271,49.179734850060306,1648.7784480250502,1.0,0.0,0.0,28.95999999999956
ppo_T2,237.0399746371392,389.4697119447394,49.937675016034966,1650.8838988710925,1.0,0.0,0.0,28.99999999999956
ppo_T2,239.0633836208816,389.6032368046156,50.69524634824225,1652.9893131375316,1.0,0.0,0.0,29.03999999999956
ppo_T2,241.1172221477608,389.735562120273,51.45242149098271,1655.0947364142012,1.0,0.0,0.0,29.07999999999956
ppo_T2,243.2014606967432,389.8668123803474,52.20917639549764,1657.200269865878,1.0,0.0,0.0,29.11999999999956
ppo_T2,245.3160700334239,389.9971056986103,52.96548991773545,1659.30605669006,1.0,0.0,0.0,29.15999999999956
ppo_T2,247.4610211964364,390.1265541378527,53.72134346637153,1661.4122623130866,1.0,0.0,0.0,29.199999999999555
ppo_T2,249.63628548455188,390.255264017316,54.47672069461169,1663.519052054073,1.0,0.0,0.0,29.239999999999554
ppo_T2,251.8418344444331,390.3833362045043,55.231607230169644,1665.6265671965705,1.0,0.0,0.0,29.279999999999557
ppo_T2,254.0776398590096,390.510866392174,55.98599043855096,1667.7348990488304,1.0,0.0,0.0,29.319999999999556
ppo_T2,256.34367373644284,390.6379453612506,56.739859215416885,1669.844067271825,1.0,0.0,0.0,29.359999999999552
ppo_T2,258.6399082996506,390.7646592303911,57.49320380435452,1674.064564527636,1.0,0.0,0.0,29.39999999999955
ppo_T2,260.9663159763635,390.891089692867,58.24601563685864,1676.1755157923972,1.0,0.0,0.0,29.43999999999955
ppo_T2,263.3228693896854,391.0173142414149,58.99828719174456,1678.286585644052,1.0,0.0,0.0,29.47999999999955
ppo_T2,265.7095413491327,391.1434063816637,59.75001187156976,1680.3974830731845,1.0,0.0,0.0,29.51999999999955
ppo_T2,268.12630484212787,391.2694358347204,60.50118389395347,1682.5079374155778,1.0,0.0,0.0,29.559999999999548
ppo_T2,270.5731330259248,391.3954687294635,61.25179819595244,1684.617734638733,1.0,0.0,0.0,29.599999999999547
ppo_T2,273.0499992199431,391.5215677850695,62.001850349885885,1686.7267432616047,1.0,0.0,0.0,29.639999999999542
ppo_T2,275.55687689849134,391.6477924842651,62.75133648920529,1690.942353150445,1.0,0.0,0.0,29.679999999999545
ppo_T2,278.093739683859,391.7741992377798,63.50025324318252,1693.0491620316193,1.0,0.0,0.0,29.719999999999544
ppo_T2,280.6605613397586,391.9008415404432,64.24859767934255,1695.1555619805274,1.0,0.0,0.0,29.759999999999543
ppo_T2,283.25731576510054,392.027770119353,64.99636725270241,1697.2617961360168,1.0,0.0,0.0,29.799999999999542
ppo_T2,285.88397698808285,392.155033074516,65.74355976099326,1701.474788588567,1.0,0.0,0.0,29.83999999999954
ppo_T2,288.54051916058074,392.2826760123444,66.49017330514587,1703.5820240013115,1.0,0.0,0.0,29.87999999999954
ppo_T2,291.2269165528205,392.4107421723703,67.23620625440736,1705.6900112651697,1.0,0.0,0.0,29.91999999999954
ppo_T2,293.9431435483229,392.5392725475235,67.98165721553578,1707.798876955923,1.0,0.0,0.0,29.95999999999954
ppo_T2,296.6891746391029,392.6683059982991,68.72652500558578,1712.019405778112,1.0,0.0,0.0,29.999999999999535
ppo_T2,299.46444455906845,392.7837123653496,69.44171008038724,1714.130984277978,1.0,0.0,0.0,30.039999999999537
ppo_T2,302.26895586066354,392.8861215436714,70.15951147465219,1716.2432988736437,1.0,0.0,0.0,30.079999999999536
ppo_T2,305.1027097763598,392.976131479484,70.87957676258341,1720.4695857747656,1.0,0.0,0.0,30.119999999999536
ppo_T2,307.96570628666365,393.0543097931875,71.60159245237459,1722.583294051471,1.0,0.0,0.0,30.15999999999953
ppo_T2,310.8579441846676,393.1211953198748,72.32527969324742,1724.6972336597205,1.0,0.0,0.0,30.19999999999953
ppo_T2,313.77942113732144,393.17729957158497,73.05039045047737,1728.925512483467,1.0,0.0,0.0,30.239999999999533
ppo_T2,316.73013374359044,393.22310812527473,73.77670409920201,1731.0397566799015,1.0,0.0,0.0,30.27999999999953
ppo_T2,319.71007758965806,393.25908194028096,74.50402439248808,1733.154033559546,1.0,0.0,0.0,30.31999999999953
ppo_T2,322.7192473013237,393.28565860885584,75.23217676349687,1737.3826325174057,1.0,0.0,0.0,30.35999999999953
ppo_T2,325.757636593738,393.3032535431751,75.96100592562033,1739.4969414247946,1.0,0.0,0.0,30.39999999999953
ppo_T2,328.8252383186105,393.3122611020463,76.69037373815969,1743.72556668276,1.0,0.0,0.0,30.43999999999953
ppo_T2,331.922044509019,393.3130556603802,77.4201573084939,1745.839879700667,1.0,0.0,0.0,30.479999999999528
ppo_T2,335.04804642194097,393.305992624333,78.15024730475147,1750.0685057364813,1.0,0.0,0.0,30.519999999999527
ppo_T2,338.2032345786246,393.2914093948798,78.88054645577077,1752.1828187543883,1.0,0.0,0.0,30.55999999999953
ppo_T2,341.38759880290723,393.26962628243774,79.61096821763614,1756.4114447902025,1.0,0.0,0.0,30.599999999999525
ppo_T2,344.59877217266705,393.2251272087604,80.28704198924581,1758.5257578081096,1.0,0.0,0.0,30.639999999999525
ppo_T2,347.8368534148684,393.1588816240021,80.96897016989068,1762.7543838439235,1.0,0.0,0.0,30.679999999999524
ppo_T2,351.10193507264074,393.07180987786586,81.65606116853924,1764.8686968618308,1.0,0.0,0.0,30.719999999999523
ppo_T2,354.394103820352,392.9647857137882,82.34769742949373,1769.097322897645,1.0,0.0,0.0,30.75999999999952
ppo_T2,357.7134407626759,392.8386386364196,83.04332762858168,1771.211635915552,1.0,0.0,0.0,30.79999999999952
ppo_T2,361.0600217184656,392.6941561588366,83.74245966049375,1775.4402613246268,1.0,0.0,0.0,30.83999999999952
ppo_T2,364.43391749020617,392.5320859355966,84.44465434468695,1779.6688758878188,1.0,0.0,0.0,30.87999999999952
ppo_T2,367.8351941197776,392.3531377874322,85.14951978211619,1781.7831723883226,1.0,0.0,0.0,30.91999999999952
ppo_T2,371.2639131312247,392.1579856230922,85.85670630003777,1786.0117026327623,1.0,0.0,0.0,30.95999999999952
ppo_T2,374.72013176119367,391.9472692635529,86.56590192709423,1788.1258999834392,1.0,0.0,0.0,30.99999999999952
ppo_T2,378.2039031776613,391.7215961735595,87.27682834572927,1792.3539749960837,1.0,0.0,0.0,31.03999999999952
ppo_T2,381.7152766875522,391.48154310520505,87.98923727362174,1796.5811530060598,1.0,0.0,0.0,31.079999999999515
ppo_T2,385.2542979338085,391.2276576580163,88.70290723021682,1798.694141243421,1.0,0.0,0.0,31.119999999999514
ppo_T2,388.8210090824475,390.96045975978666,89.41764064854588,1802.918234824996,1.0,0.0,0.0,31.159999999999517
ppo_T2,392.4154490001159,390.6804430721833,90.1332612963447,1807.13899139836,1.0,0.0,0.0,31.199999999999516
ppo_T2,396.0376534226239,390.3880763249494,90.8496119740063,1811.3560292438565,1.0,0.0,0.0,31.23999999999951
ppo_T2,399.6876551149165,390.0838045823289,91.56655246013729,1813.463326946432,1.0,0.0,0.0,31.27999999999951
ppo_T2,403.3654840229183,389.7680504451573,92.28395767844295,1817.6763828685212,1.0,0.0,0.0,31.31999999999951
ppo_T2,407.0711674176631,389.44121519188593,93.0017160623526,1821.888984292848,1.0,0.0,0.0,31.35999999999951
ppo_T2,410.80473003210113,389.10367986164255,93.71972809623715,1826.1029781746315,1.0,0.0,0.0,31.39999999999951
ppo_T2,414.5661941909563,388.7558062822724,94.43790501427374,1828.210910846814,1.0,0.0,0.0,31.439999999999507
ppo_T2,418.3555799339852,388.3979380461553,95.15616764000396,1832.42885079973,1.0,0.0,0.0,31.479999999999507
ppo_T2,422.1729051329741,388.0304014364504,95.87444535142369,1836.648775322712,1.0,0.0,0.0,31.519999999999506
ppo_T2,426.018185602792,387.6535063062888,96.59267515805294,1840.8686929019543,1.0,0.0,0.0,31.559999999999505
ppo_T2,429.8914352068012,387.2675469133029,97.31080087788162,1845.0860808592436,1.0,0.0,0.0,31.599999999999504
ppo_T2,433.7926659569122,386.8728027117613,98.02877240338307,1847.1930953638332,1.0,0.0,0.0,31.639999999999503
ppo_T2,437.7232058048948,386.4885767917808,98.73187509032708,1851.402723390728,1.0,0.0,0.0,31.679999999999502
ppo_T2,441.6830067300141,386.1142744338329,99.43630380091943,1855.6060090650951,1.0,0.0,0.0,31.7199999999995
ppo_T2,445.67202199828415,385.7493311784539,100.14185685234827,1859.8040299130332,1.0,0.0,0.0,31.7599999999995
ppo_T2,449.6105996991114,385.40046286458187,98.8499601854926,1863.9999883444848,1.0,0.0,1.0,31.7999999999995
ppo_T2,453.5783573758407,385.0597082316999,99.55907386155987,1868.198104727642,1.0,0.0,0.0,31.8399999999995
ppo_T2,457.49560693559954,384.733406784491,98.27040738404531,1872.4016062792296,1.0,0.0,1.0,31.879999999999495
ppo_T2,461.3623458809348,384.4207282864596,96.98401258230366,1876.611707145683,1.0,0.0,1.0,31.919999999999497
ppo_T2,465.1785748970439,384.120896080208,95.69973633486158,1878.719153719544,1.0,0.0,1.0,31.959999999999496
ppo_T2,469.023989914461,383.82694676694433,96.41584042231223,1882.9381427962585,1.0,0.0,0.0,31.999999999999496
ppo_T2,472.8188475238674,383.54459104755983,95.13368563480387,1887.161264908292,1.0,0.0,1.0,32.039999999999495
ppo_T2,476.6002886620543,383.2693898429424,94.78605113818979,1891.386711537587,0.0,0.0,0.0,32.079999999999494
ppo_T2,480.3683090931971,383.00099203063166,94.43918464798914,1895.6126541749863,0.0,0.0,0.0,32.11999999999949
ppo_T2,484.165492560316,382.7369838499784,95.1587574871999,1897.7252661415096,1.0,0.0,0.0,32.15999999999949
ppo_T2,487.9476584394208,382.46334162759615,94.801301424793,1901.9487827944552,0.0,0.0,0.0,32.19999999999949
ppo_T2,491.6775265527635,382.181667371296,93.51222022278972,1906.169038773055,1.0,0.0,1.0,32.23999999999949
ppo_T2,495.3128891801395,381.8977414826599,91.16083089367433,1910.3855929323013,0.0,0.0,1.0,32.27999999999949
ppo_T2,498.8962850134075,381.6076638329238,89.87794063603377,1912.4926130655829,1.0,0.0,1.0,32.31999999999949
ppo_T2,502.50752541252655,381.3058079821454,90.59585453705377,1916.704783947368,1.0,0.0,0.0,32.35999999999949
ppo_T2,506.1005171711485,380.9828682689894,90.1868887223174,1920.915431970544,0.0,0.0,0.0,32.39999999999949
ppo_T2,509.6311020268712,380.6233324590928,88.72110593756847,1923.0204722866465,1.0,0.0,1.0,32.439999999999486
ppo_T2,513.0516519010954,380.2311603165178,86.0739523297653,1927.230204018543,0.0,1.0,1.0,32.479999999999485
ppo_T2,516.3630034998283,379.8081717799204,83.45645837996884,1931.4391009318977,0.0,0.0,1.0,32.519999999999484
ppo_T2,519.5666529649168,379.35874608500575,80.87549594288151,1933.5428635537912,0.0,0.0,1.0,32.559999999999484
ppo_T2,522.6553209722701,378.8766636372775,78.15158965936041,1937.7477978504344,0.0,0.0,1.0,32.59999999999948
ppo_T2,525.700247835965,378.3460042197873,77.27054347640254,1939.848376626723,0.0,0.0,0.0,32.63999999999948
ppo_T2,528.615363636738,377.78060674531474,74.236002199305,1941.947263773077,0.0,1.0,1.0,32.67999999999948
ppo_T2,531.4718308212006,377.1667295587618,73.0421538226441,1946.1384475509587,0.0,1.0,0.0,32.71999999999948
ppo_T2,534.1799258710707,376.5162596040318,69.62798450128346,1948.2297093295972,0.0,0.0,1.0,32.75999999999948
ppo_T2,536.8111319795488,375.8157656005309,68.07136620044997,1952.398875098498,0.0,0.0,0.0,32.79999999999948
ppo_T2,539.3618551169554,375.0743373919516,66.40738057709932,1954.473436931504,0.0,1.0,0.0,32.83999999999948
ppo_T2,541.820774806169,374.2907839655423,64.51861170449081,1956.5379977914336,0.0,0.0,0.0,32.87999999999948
ppo_T2,544.1876254522582,373.4772378365355,62.5691581617648,1960.623618798353,0.0,1.0,0.0,32.91999999999948
ppo_T2,546.4519121918494,372.6343424745671,60.40212656809003,1962.6374078385884,0.0,0.0,0.0,32.959999999999475
ppo_T2,548.6174104655493,371.77611072160215,58.23414223629153,1966.592831517639,0.0,1.0,0.0,32.999999999999474
ppo_T2,550.6747802694146,370.9043046764544,55.86152684435955,1970.4511710427064,0.0,0.0,0.0,33.03999999999947
ppo_T2,552.6366333505221,369.99117933073217,54.09866801070167,1974.241554716889,1.0,0.0,0.0,33.07999999999947
ppo_T2,554.5004928814011,369.0447832749452,52.25919682970882,1978.019152673393,1.0,0.0,0.0,33.11999999999947
ppo_T2,556.265062714204,368.0732596841146,50.35849470532775,1979.9213618397732,1.0,0.0,0.0,33.15999999999947
ppo_T2,557.931741242655,367.0952127669169,48.3114446161539,1981.840006786576,1.0,1.0,0.0,33.19999999999947
ppo_T2,559.4999246423919,366.1078952534194,46.32760413396425,1985.7384092751795,1.0,0.0,0.0,33.23999999999947
ppo_T2,560.9748363793977,365.1288525181536,44.25698609707416,1985.7384092751795,1.0,1.0,0.0,33.27999999999947
ppo_T2,562.356018791236,364.1548126600609,42.252355703000426,1987.719676315775,1.0,0.0,0.0,33.31999999999947
ppo_T2,563.6494379061829,363.1760891651826,40.54960454752273,1989.7209668350165,1.0,0.0,0.0,33.35999999999947
ppo_T2,564.8623427856855,362.1839482725889,39.17494254525085,1991.740053596028,1.0,0.0,0.0,33.399999999999466
ppo_T2,566.0030863582383,361.1707925321427,38.14266355342495,1991.740053596028,1.0,0.0,0.0,33.439999999999465
ppo_T2,567.0751055722324,360.13613975602345,37.24690895148023,1993.774174967538,1.0,0.0,0.0,33.479999999999464
ppo_T2,568.0816629621575,359.0795334913456,36.482654934992624,1993.774174967538,1.0,0.0,0.0,33.51999999999946
ppo_T2,569.0206650491779,358.0065864712298,35.64530322675741,1995.820344367414,1.0,0.0,0.0,33.55999999999946
ppo_T2,569.8908019723415,356.92300950289047,34.742600933220594,1997.8755851911096,1.0,0.0,0.0,33.59999999999946
ppo_T2,570.6950870769028,355.82784989558,33.96918727780955,1997.8755851911096,1.0,0.0,0.0,33.63999999999946
ppo_T2,571.4363810181817,354.7202045493942,33.320366522440295,1999.9370999222808,1.0,0.0,0.0,33.67999999999946
ppo_T2,572.117399517901,353.5992174351028,32.79098873325868,1999.9370999222808,1.0,0.0,0.0,33.71999999999946
ppo_T2,572.740720726504,352.46407720200386,32.375460208063565,2002.0023988970995,1.0,0.0,0.0,33.75999999999946
ppo_T2,573.3043911274796,351.3200258149333,31.884340760728783,2002.0023988970995,1.0,0.0,0.0,33.79999999999946
ppo_T2,573.8071769384335,350.1724034223064,31.323221495354346,2004.0693945852147,1.0,0.0,0.0,33.839999999999456
ppo_T2,574.2514443651185,349.02000132221,30.87681317266999,2004.0693945852147,1.0,0.0,0.0,33.879999999999455
ppo_T2,574.63943999142,347.8616733268751,30.5395680921243,2006.1364503028567,1.0,0.0,0.0,33.919999999999455
ppo_T2,574.9699604150719,346.7026802366403,30.13001756619922,2006.1364503028567,1.0,0.0,0.0,33.959999999999454
ppo_T2,575.2424921615371,345.5482873190652,29.653167632005033,2008.2024114789208,1.0,0.0,0.0,33.99999999999945
ppo_T2,575.4590319641565,344.3970105035563,29.286598812923717,2008.2024114789208,1.0,0.0,0.0,34.03999999999945
ppo_T2,575.62147588149,343.2474421106117,29.02472562678187,2008.2024114789208,1.0,0.0,0.0,34.07999999999945
ppo_T2,575.731624410989,342.0982469703533,28.86154631322135,2010.266602657748,1.0,0.0,0.0,34.11999999999945
ppo_T2,575.7911873428926,340.9481587382384,28.790739445458474,2010.266602657748,1.0,0.0,0.0,34.15999999999945
ppo_T2,575.7990681527386,339.8024566647145,28.643229440401964,2012.328798559724,1.0,0.0,0.0,34.19999999999945
ppo_T2,575.7568443488649,338.6597540738007,28.58706067540337,2012.328798559724,1.0,0.0,0.0,34.23999999999945
ppo_T2,575.6638241100765,337.5253854868613,28.45440273335299,2014.3891685401693,1.0,0.0,0.0,34.27999999999945
ppo_T2,575.5200047009471,336.40463456967507,28.24852474927029,2014.3891685401693,1.0,0.0,0.0,34.319999999999446
ppo_T2,575.3267381861023,335.29583582118056,28.137903822326578,2016.448205641637,1.0,0.0,0.0,34.359999999999445
ppo_T2,575.0853089281112,334.1974091267493,28.116157383848453,2016.448205641637,1.0,0.0,0.0,34.399999999999444
ppo_T2,574.7969370259648,333.1078554199313,28.176737235575242,2018.50665034852,1.0,0.0,0.0,34.43999999999944
ppo_T2,574.4627815788799,332.0257525645854,28.313054104559146,2018.50665034852,1.0,0.0,0.0,34.47999999999944
ppo_T2,574.083943784303,330.9497514461968,28.518595702776093,2018.50665034852,1.0,0.0,0.0,34.51999999999944
ppo_T2,573.6614698785354,329.8785722617572,28.787031001728725,2020.56541184677,1.0,0.0,0.0,34.55999999999944
ppo_T2,573.196353927976,328.81100099811897,29.11229605350355,2020.56541184677,1.0,0.0,0.0,34.59999999999944
ppo_T2,572.689540478569,327.74588608924944,29.488659277720775,2022.62548180305,1.0,0.0,0.0,34.63999999999944
ppo_T2,572.1419270706606,326.6821352432973,29.910766318176428,2022.62548180305,1.0,0.0,0.0,34.67999999999944
ppo_T2,571.5543666261015,325.61871243084465,30.37366616469824,2024.6878518918184,1.0,0.0,0.0,34.71999999999944
ppo_T2,570.9276697140851,324.55463502615584,30.872821205511674,2024.6878518918184,1.0,0.0,0.0,34.75999999999944
ppo_T2,570.2626067018823,323.4889710936521,31.40410430222108,2026.7534245512893,1.0,0.0,0.0,34.79999999999944
ppo_T2,569.5599097963186,322.4208368122329,31.963785995165537,2026.7534245512893,1.0,0.0,0.0,34.839999999999435
ppo_T2,568.8202749815457,321.34939403044336,32.54851469223734,2028.82293241665,1.0,0.0,0.0,34.879999999999434
ppo_T2,568.0443638583744,320.27384794583827,33.155292292203974,2028.82293241665,1.0,0.0,0.0,34.91999999999943
ppo_T2,567.2328053901704,319.1934449022362,33.781447237520595,2030.8968545420155,1.0,0.0,0.0,34.95999999999943
ppo_T2,566.3861975600588,318.1074702988729,34.42460654419375,2032.9753881985005,1.0,0.0,0.0,34.99999999999943
ppo_T2,565.5051089439437,317.0152466057706,35.08266795389974,2032.9753881985005,1.0,0.0,0.0,35.03999999999943
ppo_T2,564.5900802036185,315.9161314799261,35.75377301314763,2035.0584565988784,1.0,0.0,0.0,35.07999999999943
ppo_T2,563.6416255040274,314.80951597719866,36.43628160959114,2035.0584565988784,1.0,0.0,0.0,35.11999999999943
ppo_T2,562.6602338585298,313.6948228550326,37.128748282638995,2037.145733704458,1.0,0.0,0.0,35.15999999999943
ppo_T2,561.6463704058268,312.5715049614037,37.8299004663766,2039.236724849046,1.0,0.0,0.0,35.19999999999943
ppo_T2,560.6004776220203,311.4390437056066,38.538618708219566,2039.236724849046,1.0,0.0,0.0,35.23999999999943
ppo_T2,559.5229764710994,310.296947606727,39.25391882755141,2041.330838450068,1.0,0.0,0.0,35.279999999999426
ppo_T2,558.4098825729649,309.15285501026415,39.90555956994848,2043.4274432918533,1.0,0.0,0.0,35.319999999999425
ppo_T2,557.2584267454794,308.0147066982934,40.47554896703208,2045.525908259348,1.0,0.0,0.0,35.359999999999424
ppo_T2,556.0692103158135,306.8814599293965,41.067657254541984,2045.525908259348,1.0,0.0,0.0,35.39999999999942
ppo_T2,554.842805141685,305.75212552603654,41.67932525351793,2047.625621794515,1.0,0.0,0.0,35.43999999999942
ppo_T2,553.5797551075439,304.62576515303897,42.308266616902436,2049.725994918384,1.0,0.0,0.0,35.47999999999942
ppo_T2,552.2805775447534,303.5014887343256,42.95244321727443,2051.826467344665,1.0,0.0,0.0,35.51999999999942
ppo_T2,550.9457645796256,302.3784520008793,43.61004153677776,2051.826467344665,1.0,0.0,0.0,35.55999999999942
ppo_T2,549.5757844129772,301.2558541632725,44.27945038339926,2053.926513742439,1.0,0.0,0.0,35.59999999999942
ppo_T2,548.171082534686,300.1329357024309,44.95924012768137,2056.0256716598838,1.0,0.0,0.0,35.63999999999942
ppo_T2,546.7320828765469,299.0089762726281,45.64814355457877,2058.123584608208,1.0,0.0,0.0,35.67999999999942
ppo_T2,545.2591889065646,297.8832927110071,46.345038351706876,2060.2200389824498,1.0,0.0,0.0,35.719999999999416
ppo_T2,543.7527846676567,296.75523714821924,47.048931202900334,2060.2200389824498,1.0,0.0,0.0,35.759999999999415
ppo_T2,542.2132357635908,295.6241952150432,47.758943420403,2062.315007528708,1.0,0.0,0.0,35.799999999999415
ppo_T2,540.6408902948375,294.48958434010746,48.47429802632132,2064.408668436989,1.0,0.0,0.0,35.839999999999414
ppo_T2,539.0360797468825,293.35085213408934,49.194308180994014,2066.501383208254,1.0,0.0,0.0,35.87999999999941
ppo_T2,537.3991198334126,292.2074748559971,49.91836685006986,2068.593648132777,1.0,0.0,0.0,35.91999999999941
ppo_T2,535.7303112966692,291.05895595736496,50.645937601292935,2070.686013472145,1.0,0.0,0.0,35.95999999999941
ppo_T2,534.0299406671445,289.9048247004038,51.37654642468767,2072.7790007877925,1.0,0.0,0.0,35.99999999999941
ppo_T2,532.2982809846851,288.74463484634987,52.10977447481145,2074.8730305278223,1.0,0.0,0.0,36.03999999999941
ppo_T2,530.5355924829651,287.57796341044576,52.84525164011088,2076.96838673048,1.0,0.0,0.0,36.07999999999941
ppo_T2,528.7421232391879,286.4044094801691,53.58265085152579,2079.065213728872,1.0,0.0,0.0,36.11999999999941
ppo_T2,526.9181097907848,285.2235930934949,54.32168304987435,2079.065213728872,1.0,0.0,0.0,36.15999999999941
ppo_T2,525.0637777207847,284.0351541741436,55.06209273890171,2081.163538984021,1.0,0.0,0.0,36.199999999999406
ppo_T2,523.1749780359172,282.84980140809586,55.748460906628026,2083.263307040646,1.0,0.0,0.0,36.239999999999405
ppo_T2,521.2520807537164,281.66676318586485,56.441969054255836,2085.364419636135,1.0,0.0,0.0,36.27999999999941
ppo_T2,519.2954381995756,280.48530758759193,57.14175036348708,2087.466767073952,1.0,0.0,0.0,36.3199999999994
ppo_T2,517.3053859046241,279.3047403664201,57.84703482216606,2091.674714047835,1.0,0.0,0.0,36.3599999999994
ppo_T2,515.2822434579929,278.1244030343123,58.557138638942696,2093.7800698667497,1.0,0.0,0.0,36.3999999999994
ppo_T2,513.2263153157853,276.94367104511065,59.27145474554439,2095.8861636787988,1.0,0.0,0.0,36.4399999999994
ppo_T2,511.137891568954,275.7619520698961,59.98944429392807,2097.9928342210137,1.0,0.0,0.0,36.4799999999994
ppo_T2,509.0172486721688,274.5786843599611,60.710629058368,2100.0999042082262,1.0,0.0,0.0,36.5199999999994
ppo_T2,506.8646501356601,273.393335192942,61.434584656833024,2102.207191095236,1.0,0.0,0.0,36.5599999999994
ppo_T2,504.6803471819166,272.2053993978901,62.16093451124535,2104.314514749581,1.0,0.0,0.0,36.5999999999994
ppo_T2,502.4645793690238,271.01439795526795,62.88934447195693,2106.4217066579,1.0,0.0,0.0,36.6399999999994
ppo_T2,500.21757518233744,269.8198766680667,63.6195180377201,2110.6351247256684,1.0,0.0,0.0,36.6799999999994
ppo_T2,497.9395525961009,268.6214049004312,64.35119210834047,2112.741134029095,1.0,0.0,0.0,36.7199999999994
ppo_T2,495.6307196065328,267.4185743803628,65.0841332129338,2114.846585639116,1.0,0.0,0.0,36.759999999999394
ppo_T2,493.2912747378344,266.21099806324554,65.81813416216123,2116.95145391446,1.0,0.0,0.0,36.79999999999939
ppo_T2,490.92140752249344,264.99830905310546,66.55301107793035,2121.159498522245,1.0,0.0,0.0,36.83999999999939
ppo_T2,488.5273198622296,263.7677247896489,67.29595713383688,2123.262777341516,1.0,0.0,0.0,36.87999999999939
ppo_T2,486.1168130924042,262.507941472109,67.99630915776581,2127.4682710786537,1.0,0.0,0.0,36.91999999999939
ppo_T2,483.68947882122194,261.21961690899303,68.7010364004072,2129.570690764212,1.0,0.0,0.0,36.95999999999939
ppo_T2,481.2449303971763,259.9033761525389,69.40959374635678,2131.673020581733,1.0,0.0,0.0,36.99999999999939
ppo_T2,478.7828018038483,258.55981316220544,70.12149598677335,2135.877636689589,1.0,0.0,0.0,37.03999999999939
ppo_T2,476.3027466108495,257.18949238365724,70.83631129424928,2137.9798899361326,1.0,0.0,0.0,37.07999999999939
ppo_T2,473.8743678662902,255.8316727857684,69.55527202986949,2142.183545990681,1.0,0.0,1.0,37.119999999999386
ppo_T2,471.51474675408673,254.48338682275664,67.94155039080776,2144.284345899971,1.0,1.0,1.0,37.159999999999386
ppo_T2,469.2246479191278,253.1310867276397,66.4890414896201,2146.383903989262,1.0,0.0,1.0,37.199999999999385
ppo_T2,466.944600795907,251.7294416829505,66.91049859424719,2150.5772964210773,1.0,0.0,0.0,37.23999999999938
ppo_T2,464.6730929171926,250.2798457557795,67.36596133773921,2152.670160337242,1.0,0.0,0.0,37.27999999999938
ppo_T2,462.4759384764421,248.82683572887865,65.8536529680788,2156.846424430743,1.0,0.0,1.0,37.31999999999938
ppo_T2,460.3624225239437,247.3675285705517,64.20926268756642,2158.9295287956884,1.0,0.0,1.0,37.35999999999938
ppo_T2,458.3413496215638,245.901266049116,62.42326018050778,2163.086173894656,1.0,0.0,1.0,37.39999999999938
ppo_T2,456.420778818531,244.4293915795049,60.492802587140005,2165.1603416645644,1.0,0.0,1.0,37.43999999999938
ppo_T2,454.54467163603294,242.9059651506484,60.41836560785645,2167.2323502375825,1.0,0.0,0.0,37.47999999999938
ppo_T2,452.7226462610103,241.33305301207628,60.175935092931496,2171.3722675889594,1.0,0.0,0.0,37.51999999999938
ppo_T2,450.9514863810376,239.7117257378171,60.02972935701185,2173.441536363004,1.0,0.0,0.0,37.55999999999938
ppo_T2,449.2281394475258,238.04300067137868,59.971701663182,2175.511325828283,1.0,0.0,0.0,37.599999999999376
ppo_T2,447.6067899906154,236.3838039991127,57.99626959276121,2179.6553176553566,1.0,0.0,1.0,37.639999999999375
ppo_T2,446.09329612002017,234.73867223734075,55.88560978642163,2181.7306946185063,1.0,0.0,1.0,37.679999999999374
ppo_T2,444.6921655172085,233.1133008860685,53.64815348448644,2183.808813293103,1.0,0.0,1.0,37.719999999999374
ppo_T2,443.3548356253196,231.45324873378885,53.2929661636263,2185.8897603903606,1.0,0.0,0.0,37.75999999999937
ppo_T2,442.0878202808383,229.76399367852676,52.790331293237806,2187.973402365624,1.0,0.0,0.0,37.79999999999937
ppo_T2,440.88757961896766,228.04548611131128,52.403756455193616,2190.0594055729284,1.0,0.0,0.0,37.83999999999937
ppo_T2,439.7507535743512,226.29768016980043,52.124844513550535,2192.147313092478,1.0,0.0,0.0,37.87999999999937
ppo_T2,438.6741527472817,224.52053354697108,51.945400782218904,2194.236612918153,1.0,0.0,0.0,37.91999999999937
ppo_T2,437.6547497339067,222.71400730952843,51.85749433692458,2196.326803887524,1.0,0.0,0.0,37.95999999999937
ppo_T2,436.6993076665789,220.88341262060356,51.62331388977647,2198.417464383694,1.0,0.0,0.0,37.99999999999937
ppo_T2,435.8135632701641,219.0348811738506,51.244582917457215,2200.5082854379853,1.0,0.0,0.0,38.03999999999937
ppo_T2,434.99426333738825,217.1678173726319,50.972907127633746,2202.59910754504,1.0,0.0,0.0,38.079999999999366
ppo_T2,434.2383196939592,215.281657082046,50.800168760940636,2204.689898119097,1.0,0.0,0.0,38.119999999999365
ppo_T2,433.5428008150752,213.3758660297072,50.71850036019074,2206.780742939645,1.0,0.0,0.0,38.15999999999936
ppo_T2,432.9049238678147,211.44993828776632,50.7203402678827,2208.8717938984387,1.0,0.0,0.0,38.19999999999936
ppo_T2,432.3220471577726,209.5033948320454,50.79847859507875,2210.9632116874905,1.0,0.0,0.0,38.23999999999936
ppo_T2,431.8004805665327,207.54219920670783,50.73411075118018,2213.0551173772205,1.0,0.0,0.0,38.27999999999936
ppo_T2,431.3454234994369,205.57303807339724,50.526431840515656,2215.147536863491,1.0,0.0,0.0,38.31999999999936
ppo_T2,430.9540314469149,203.5948797286296,50.41266070983071,2217.2403796148246,1.0,0.0,0.0,38.35999999999936
ppo_T2,430.6236039731431,201.6067460285389,50.3851287885344,2219.333439853578,1.0,0.0,0.0,38.39999999999936
ppo_T2,430.35157739744,199.6077096671293,50.43649987934282,2221.4264164003075,1.0,0.0,0.0,38.43999999999936
ppo_T2,430.13551784744703,197.5968915927929,50.559810232667196,2223.518956445322,1.0,0.0,0.0,38.47999999999936
ppo_T2,429.9731146652068,195.5734585560687,50.74849780848673,2225.6107161368386,1.0,0.0,0.0,38.51999999999936
ppo_T2,429.8621741482124,193.5366207819768,50.99642093004259,2227.701417238617,1.0,0.0,0.0,38.55999999999936
ppo_T2,429.80061360841165,191.4856297605984,51.29786709646972,2229.79089996642,1.0,0.0,0.0,38.59999999999936
ppo_T2,429.7864557330132,189.419776149895,51.64755310208381,2231.87915058463,1.0,0.0,0.0,38.63999999999936
ppo_T2,429.8262969715328,187.3456423647342,51.862909934703595,2233.966315005384,1.0,0.0,0.0,38.67999999999935
ppo_T2,429.9255058043371,185.2705413281284,51.9367807087919,2236.0526932135904,1.0,0.0,0.0,38.71999999999935
ppo_T2,430.081829394173,183.1932005584014,52.08035701147885,2238.1387134226743,1.0,0.0,0.0,38.75999999999935
ppo_T2,430.2931287374906,181.11241327324083,52.2872064812008,2240.2248881289497,1.0,0.0,0.0,38.79999999999935
ppo_T2,430.5573728821798,179.02703505132425,52.55132786408993,2242.311769740684,1.0,0.0,0.0,38.83999999999935
ppo_T2,430.87263343904425,176.93598066353582,52.86715468632043,2244.3999026235115,1.0,0.0,0.0,38.87999999999935
ppo_T2,431.2370793720938,174.83822106515782,53.229551066016185,2246.4897710914806,1.0,0.0,0.0,38.91999999999935
ppo_T2,431.6563497395898,172.7415076869658,53.455557658615504,2248.581766174136,1.0,0.0,0.0,38.95999999999935
ppo_T2,432.12852779940624,170.64453800468198,53.736823783774526,2250.67615309995,1.0,0.0,0.0,38.99999999999935
ppo_T2,432.6517934852456,168.54607666176292,54.06793750517991,2252.773069269792,1.0,0.0,0.0,39.03999999999935
ppo_T2,433.2244184960626,166.44495205647908,54.44391615427797,2252.773069269792,1.0,0.0,0.0,39.07999999999935
ppo_T2,433.8447616349453,164.3400531023712,54.860192859686805,2256.9743820547656,1.0,0.0,0.0,39.119999999999344
ppo_T2,434.5112643847789,162.2303261532763,55.31259867377088,2259.0784380399846,1.0,0.0,0.0,39.15999999999934
ppo_T2,435.2224467086674,160.114772084563,55.79734153311424,2261.184392610004,1.0,0.0,0.0,39.19999999999934
ppo_T2,435.98428226599646,158.0017875963884,56.15323267451622,2263.2919004831897,1.0,0.0,0.0,39.23999999999934
ppo_T2,436.7951638149515,155.89007453022364,56.55119892764584,2265.40059767238,1.0,0.0,0.0,39.27999999999934
ppo_T2,437.6535649888482,153.77840160809225,56.98692342003868,2267.5101288195583,1.0,0.0,0.0,39.31999999999934
ppo_T2,438.558036188294,151.66560103429072,57.456474914076445,2269.6201729015274,1.0,0.0,0.0,39.35999999999934
ppo_T2,439.50720068202736,149.55056526974235,57.95628482681394,2271.730462944554,1.0,0.0,0.0,39.39999999999934
ppo_T2,440.5066153998595,147.44242133533857,58.326133863726774,2273.8407952489188,1.0,0.0,0.0,39.43999999999934
ppo_T2,441.5547853190101,145.3397390500668,58.736344009734644,2275.9510267511228,1.0,0.0,0.0,39.479999999999336
ppo_T2,442.6502905177052,143.2411617501708,59.18275891257696,2278.061070711175,1.0,0.0,0.0,39.519999999999335
ppo_T2,443.7917823607228,141.1454025537826,59.66159902379321,2280.17087524624,1.0,0.0,0.0,39.55999999999933
ppo_T2,444.9779798787128,139.0512408153121,60.16943752105056,2284.389624854416,1.0,0.0,0.0,39.59999999999933
ppo_T2,446.2076663314462,136.95751875995393,60.70317545817467,2286.4984996371954,1.0,0.0,0.0,39.63999999999933
ppo_T2,447.4796859456514,134.86313828916195,61.26001681030242,2288.606984867259,1.0,0.0,0.0,39.67999999999933
ppo_T2,448.7995352448197,132.77808959352657,61.69192732686895,2290.715036895285,1.0,0.0,0.0,39.71999999999933
ppo_T2,450.1709716403603,130.7127676785814,61.979797108443,2292.822623205725,1.0,0.0,0.0,39.75999999999933
ppo_T2,451.5925936853404,128.66528463951866,62.31570846315035,2294.929737312409,1.0,0.0,0.0,39.79999999999933
ppo_T2,453.0630701509895,126.6338491857223,62.69485145811767,2297.0364066715606,1.0,0.0,0.0,39.83999999999933
ppo_T2,454.5340117169591,124.68132970144131,61.11465365909637,2301.248704260473,1.0,0.0,1.0,39.87999999999933
ppo_T2,456.05065838152,122.74050146761104,61.5783613493644,2303.354541983812,1.0,0.0,0.0,39.91999999999933
ppo_T2,457.5624640150884,120.8726970316638,60.07417126266306,2305.460314774031,1.0,0.0,1.0,39.959999999999326
ppo_T2,459.11722192661904,119.01277213723556,60.60421177804492,2307.5661038646813,1.0,0.0,0.0,39.999999999999325
ppo_T2,460.66250632764417,117.22060848901435,59.1595006215037,2309.6719386285017,1.0,0.0,1.0,40.03999999999933
ppo_T2,462.25287579951663,115.44464070374347,59.59937411261105,2311.7777857491355,1.0,0.0,0.0,40.07999999999932
ppo_T2,463.8873305199799,113.68326447740266,60.07229209441782,2313.883538980725,1.0,0.0,0.0,40.11999999999932
ppo_T2,465.5103364566331,111.99335587003196,58.57654912418585,2315.9890103476405,1.0,0.0,1.0,40.15999999999932
ppo_T2,467.11948620673456,110.37155867261797,57.116049997962165,2318.0939388534266,1.0,0.0,1.0,40.19999999999932
ppo_T2,468.7158231198664,108.8263493569864,55.5425702127526,2320.197996243658,1.0,0.0,1.0,40.23999999999932
ppo_T2,470.35623978824816,107.31007691249889,55.84604379350161,2322.300773395997,1.0,0.0,0.0,40.27999999999932
ppo_T2,471.9810437212829,105.88645539330624,54.00628464999222,2324.401785587156,1.0,0.0,1.0,40.31999999999932
ppo_T2,473.5775275579341,104.5530021919919,52.00275281646098,2326.5004483109856,1.0,1.0,1.0,40.35999999999932
ppo_T2,475.21411841514384,103.26152477266945,52.11971531077801,2328.596054287081,1.0,0.0,0.0,40.39999999999932
ppo_T2,476.8878662935343,102.02045750796522,52.0917454829514,2330.68773424502,1.0,0.0,0.0,40.43999999999932
ppo_T2,478.5300578534013,100.88455005900354,49.91917750164539,2332.7744578527654,1.0,0.0,1.0,40.47999999999932
ppo_T2,480.1389913570981,99.84638962813275,47.86990246715532,2334.85501331844,1.0,0.0,1.0,40.519999999999314
ppo_T2,481.776271222457,98.86558147382534,47.714450071924034,2336.92807455819,1.0,0.0,0.0,40.55999999999931
ppo_T2,483.4419922648922,97.9392764280548,47.648895770463014,2338.9922841925045,1.0,0.0,0.0,40.59999999999931
ppo_T2,485.136243255346,97.06477000906828,47.665815158128595,2341.046390909504,1.0,0.0,0.0,40.63999999999931
ppo_T2,486.8540933944872,96.24854269261924,47.54758230357885,2343.0894055751382,1.0,0.0,0.0,40.67999999999931
ppo_T2,488.5898322985045,95.49613122640766,47.29503513455435,2345.1207385287285,1.0,0.0,0.0,40.71999999999931
ppo_T2,490.3371327467033,94.812054662641,46.91095022333818,2349.148388020656,1.0,0.0,0.0,40.75999999999931
ppo_T2,492.09688259657497,94.19328697256412,46.634167921751335,2351.1457796280806,1.0,0.0,0.0,40.79999999999931
ppo_T2,493.8624406156199,93.64364639810398,46.22837250884703,2353.133354062068,1.0,0.0,0.0,40.83999999999931
ppo_T2,495.5502300705167,93.18872692812496,43.700579002361366,2355.111965096547,1.0,0.0,1.0,40.879999999999306
ppo_T2,497.2312941889775,92.80477016934634,43.10886917871555,2357.0822733452123,1.0,0.0,0.0,40.919999999999305
ppo_T2,498.8987125062626,92.4924494794086,42.41040599149213,2360.999500108074,1.0,0.0,0.0,40.959999999999305
ppo_T2,500.5456811761717,92.25145828405736,41.61266751167182,2362.9470455825544,1.0,0.0,0.0,40.9999999999993
ppo_T2,502.1656436236266,92.08056850988538,40.723777192205524,2364.8881158150543,1.0,0.0,0.0,41.0399999999993
ppo_T2,503.76106289972734,91.97733323507258,39.96889562928447,2366.824234405172,1.0,0.0,0.0,41.0799999999993
ppo_T2,505.33427605967006,91.93942895004302,39.34174295071728,2368.757886215304,1.0,0.0,0.0,41.1199999999993
ppo_T2,506.8875005640373,91.96464928883604,38.835731183212665,2370.6925128358184,1.0,0.0,0.0,41.1599999999993
ppo_T2,508.42284035490206,92.05089907892312,38.4440120475763,2372.6322643073872,1.0,0.0,0.0,41.1999999999993
ppo_T2,509.93387533080113,92.19766798058458,37.953654376795896,2374.5815154157167,1.0,0.0,0.0,41.2399999999993
ppo_T2,511.4228325914583,92.4030812467621,37.57649143734398,2376.544276196328,1.0,0.0,0.0,41.2799999999993
ppo_T2,512.8918253059991,92.66535840784888,37.30557016554038,2378.5236462975736,1.0,0.0,0.0,41.3199999999993
ppo_T2,514.3428585012607,92.98280848316284,37.13381110985596,2380.5214410400567,1.0,0.0,0.0,41.359999999999296
ppo_T2,515.7778345560546,93.35382543567644,37.0540977565596,2382.538070408344,1.0,0.0,0.0,41.399999999999295
ppo_T2,517.1985584163205,93.77688385764552,37.059367199194405,2382.538070408344,1.0,0.0,0.0,41.439999999999294
ppo_T2,518.6067425453496,94.2505348754076,37.142696353695854,2384.5726727356555,1.0,0.0,0.0,41.47999999999929
ppo_T2,520.0040116225367,94.77340226221592,37.29737908227564,2386.6234107528144,1.0,0.0,0.0,41.51999999999929
ppo_T2,521.3919070034345,95.34417874854071,37.51699103122047,2386.6234107528144,1.0,0.0,0.0,41.55999999999929
ppo_T2,522.7718909532368,95.96162251980672,37.79544046894921,2388.6878613237204,1.0,0.0,0.0,41.59999999999929
ppo_T2,524.1369619184247,96.62710843858142,37.96618765499076,2390.7634106634678,1.0,0.0,0.0,41.63999999999929
ppo_T2,525.4801460584339,97.34098869065272,38.02769260905091,2392.8475330176784,1.0,0.0,0.0,41.67999999999929
ppo_T2,526.8033294067195,98.10214576772243,38.16227087348322,2392.8475330176784,1.0,0.0,0.0,41.71999999999929
ppo_T2,528.1083015668911,98.9095178581749,38.3634105566798,2394.938008894371,1.0,0.0,0.0,41.75999999999929
ppo_T2,529.3967606118441,99.7620960185436,38.6249290457191,2397.033020837347,1.0,0.0,0.0,41.79999999999929
ppo_T2,530.6703177340152,100.6589214886668,38.94101041394547,2397.033020837347,1.0,0.0,0.0,41.839999999999286
ppo_T2,531.9305016594043,101.5990831432324,39.306229329177846,2399.1311727081525,1.0,0.0,0.0,41.879999999999285
ppo_T2,533.1787628373639,102.58171507278374,39.71556273502113,2401.2314699585063,1.0,0.0,0.0,41.91999999999928
ppo_T2,534.4164774175467,103.60599428760958,40.16439103796911,2401.2314699585063,1.0,0.0,0.0,41.95999999999928
ppo_T2,535.6449510248237,104.6711385382758,40.6484907353857,2403.333256754839,1.0,0.0,0.0,41.99999999999928
ppo_T2,536.8654223424363,105.77640424687348,41.16402042224614,2405.436130511408,1.0,0.0,0.0,42.03999999999928
ppo_T2,538.0790665131238,106.92108454335862,41.707501979597694,2407.539884010166,1.0,0.0,0.0,42.07999999999928
ppo_T2,539.2869983674732,108.10450740164552,42.275798530807016,2407.539884010166,1.0,0.0,0.0,42.11999999999928
ppo_T2,540.4902754882684,109.32603387038569,42.86609049748581,2409.6444273355155,1.0,0.0,0.0,42.15999999999928
ppo_T2,541.6899011191701,110.58505639362237,43.475850827886504,2411.749728616512,1.0,0.0,0.0,42.19999999999928
ppo_T2,542.8868269256349,111.88099721675556,44.102820227597626,2413.8557657337096,1.0,0.0,0.0,42.23999999999928
ppo_T2,544.0819556155778,113.21330687348296,44.74498300741362,2415.962510120153,1.0,0.0,0.0,42.27999999999928
ppo_T2,545.2761434269069,114.5814627496037,45.40054398139498,2418.069897453682,1.0,0.0,0.0,42.31999999999928
ppo_T2,546.4702024886884,115.98496771978031,46.06790669987306,2418.069897453682,1.0,0.0,0.0,42.35999999999928
ppo_T2,547.6649030623665,117.4233488535524,46.74565318520419,2420.177843059406,1.0,0.0,0.0,42.39999999999928
ppo_T2,548.860975669127,118.8961561870841,47.43252524868624,2422.2862410540693,1.0,0.0,0.0,42.43999999999927
ppo_T2,550.0591131091916,120.40296155730624,48.127407400920156,2424.394979323169,1.0,0.0,0.0,42.47999999999927
ppo_T2,551.259972378531,121.9433574952832,48.82931132075121,2426.503951178186,1.0,0.0,0.0,42.51999999999927
ppo_T2,552.464176488209,123.51695617579628,49.537361815842544,2428.613063969719,1.0,0.0,0.0,42.55999999999927
ppo_T2,553.6723161913035,125.12338842028738,50.250784187500045,2430.722244731735,1.0,0.0,0.0,42.59999999999927
ppo_T2,554.8849516220992,126.76230275045252,50.96889290072928,2432.8314417840497,1.0,0.0,0.0,42.63999999999927
ppo_T2,556.1026138520091,128.4333644899122,51.69108145533391,2434.940624582196,1.0,0.0,0.0,42.67999999999927
ppo_T2,557.325806366455,130.1362549115161,52.41681335332036,2437.049780061198,1.0,0.0,0.0,42.71999999999927
ppo_T2,558.5550064667219,131.87067042796414,53.14561406052253,2439.158906693856,1.0,0.0,0.0,42.75999999999927
ppo_T2,559.7906666005977,133.63632182354334,53.87706386511236,2441.2680111286386,1.0,0.0,0.0,42.79999999999927
ppo_T2,561.033215625416,135.4329335248916,54.610791541704415,2443.377104948388,1.0,0.0,0.0,42.839999999999264
ppo_T2,562.2830600069364,137.26024290880622,55.34646873649862,2445.4862001372394,1.0,0.0,0.0,42.879999999999264
ppo_T2,563.5405849573206,139.1179996452149,56.08380499590847,2447.595308742021,1.0,0.0,0.0,42.91999999999926
ppo_T2,564.8061555152996,141.0059650735232,56.822543368096774,2449.704440788101,1.0,0.0,0.0,42.95999999999926
ppo_T2,566.0801175714676,142.92391161064305,57.562456513587584,2451.813602611279,1.0,0.0,0.0,42.99999999999926
ppo_T2,567.3627988414904,144.87162218909245,58.30334326751405,2453.92279797349,1.0,0.0,0.0,43.03999999999926
ppo_T2,568.6545097898754,146.84888972363922,59.04502560202558,2456.032026103721,1.0,0.0,0.0,43.07999999999926
ppo_T2,569.9555445068121,148.85551660503847,59.787345942874026,2458.141281437587,1.0,0.0,0.0,43.11999999999926
ppo_T2,571.2661815404704,150.8913142194877,60.530164799222206,2462.359825169892,1.0,0.0,0.0,43.15999999999926
ppo_T2,572.5866846870164,152.95610249249273,61.273358670271094,2464.469077006227,1.0,0.0,0.0,43.19999999999926
ppo_T2,573.9173037404962,155.04970945590472,62.016818196410455,2466.5782860093905,1.0,0.0,0.0,43.239999999999256
ppo_T2,575.258275204624,157.17197083695092,62.76044652628256,2468.687429611924,1.0,0.0,0.0,43.279999999999255
ppo_T2,576.6098229684122,159.3227296681421,63.50415787444397,2470.796488390994,1.0,0.0,0.0,43.31999999999925
ppo_T2,577.972158947478,161.5018359169959,64.2478762472481,2475.0143039838617,1.0,0.0,0.0,43.35999999999925
ppo_T2,579.3454836927718,163.70914613456972,64.9915343171816,2477.1230543131787,1.0,0.0,0.0,43.39999999999925
ppo_T2,580.7299869683823,165.94452312184734,65.73507242820541,2479.231705504263,1.0,0.0,0.0,43.43999999999925
ppo_T2,582.1258482999872,168.20783561307246,66.47843771670267,2481.340266790462,1.0,0.0,0.0,43.47999999999925
ppo_T2,583.5332374954443,170.4989579751683,67.22158333445152,2485.557163603143,1.0,0.0,0.0,43.51999999999925
ppo_T2,584.9523151389342,172.817769922426,67.96446776164468,2487.665520269233,1.0,0.0,0.0,43.55999999999925
ppo_T2,586.3832330600015,175.16415624568606,68.70705419939361,2489.77382862346,1.0,0.0,0.0,43.59999999999925
ppo_T2,587.8261347787679,177.5380065552769,69.44931003240467,2491.88209756473,1.0,0.0,0.0,43.63999999999925
ppo_T2,589.2811559285277,179.93921503701134,70.19120635361666,2496.0985534053143,1.0,0.0,0.0,43.67999999999925
ppo_T2,590.7484246568758,182.36768022057785,70.93271754355916,2498.206758848956,1.0,0.0,0.0,43.719999999999246
ppo_T2,592.2280620064575,184.8233047596969,71.6738208980484,2500.314961410011,1.0,0.0,0.0,43.759999999999245
ppo_T2,593.7201822763761,187.30599522344457,72.41449629858973,2504.53139145808,1.0,0.0,0.0,43.79999999999925
ppo_T2,595.2248933652403,189.81566189817644,73.1547259205213,2506.639635696168,1.0,0.0,0.0,43.83999999999924
ppo_T2,596.7422970967847,192.35221859951295,73.89449397451777,2510.856231077661,1.0,0.0,0.0,43.87999999999924
ppo_T2,598.2724895289483,194.91558249387535,74.63378647758852,2512.9646052471976,1.0,0.0,0.0,43.91999999999924
ppo_T2,599.8155612472516,197.5056739290868,75.37259105015923,2515.0730456411684,1.0,0.0,0.0,43.95999999999924
ppo_T2,601.3715976432693,200.1224162735785,76.11089673622553,2519.290154973078,1.0,0.0,0.0,43.99999999999924
ppo_T2,602.9406791789568,202.76573576376333,76.84869384391969,2521.398824588349,1.0,0.0,0.0,44.03999999999924
ppo_T2,604.5228816375479,205.43556135916236,77.5859738041428,2525.6163410698146,1.0,0.0,0.0,44.07999999999924
ppo_T2,606.1182763617072,208.13182460489008,78.32272904518807,2527.725147014791,1.0,0.0,0.0,44.11999999999924
ppo_T2,607.7269304795835,210.854459501125,79.05895288152277,2531.942725775601,1.0,0.0,0.0,44.15999999999924
ppo_T2,609.3489071193794,213.6034023792104,79.79463941510919,2534.05144957284,1.0,0.0,0.0,44.19999999999924
ppo_T2,610.9842656130204,216.37859178404815,80.529783447833,2538.268680755974,1.0,0.0,0.0,44.23999999999924
ppo_T2,612.6330616894776,219.1799683624671,81.26438040377278,2540.3771757774743,1.0,0.0,0.0,44.279999999999234
ppo_T2,614.2953476582684,222.0074747572606,81.99842626019137,2544.5939458243765,1.0,0.0,0.0,44.31999999999923
ppo_T2,615.9711725836358,224.86105550660733,82.73191748625824,2548.810499993416,1.0,0.0,0.0,44.35999999999923
ppo_T2,617.6605824498788,227.74065694860008,83.46485098862644,2550.9187279479097,1.0,0.0,0.0,44.39999999999923
ppo_T2,619.3636203182832,230.64622713062437,84.1972240630883,2555.1351360748467,1.0,0.0,0.0,44.43999999999923
ppo_T2,621.0803264760805,233.5777157233396,84.92903435162289,2557.243331819002,1.0,0.0,0.0,44.47999999999923
ppo_T2,622.810738577839,236.53507393902964,85.66027980422753,2561.459744190797,1.0,0.0,0.0,44.51999999999923
ppo_T2,624.5548917796721,239.51825445410023,86.3909586449936,2565.676243077713,1.0,0.0,0.0,44.55999999999923
ppo_T2,626.3128188666282,242.52721133551316,87.12106934195047,2567.7845481342792,1.0,0.0,0.0,44.59999999999923
ppo_T2,628.0845503736086,245.56189997095663,87.85061058025377,2572.0013092283834,1.0,0.0,0.0,44.639999999999226
ppo_T2,629.8701147001435,248.62227700256275,88.57958123834345,2576.2183051433303,1.0,0.0,0.0,44.679999999999225
ppo_T2,631.6695382193353,251.70830026399105,89.30798036673914,2578.326894589622,1.0,0.0,0.0,44.71999999999922
ppo_T2,633.4828453812688,254.8199287207078,90.03580716917827,2582.5442331920053,1.0,0.0,0.0,44.75999999999922
ppo_T2,635.3100588111666,257.95712241329846,90.7630609858351,2586.761705222981,1.0,0.0,0.0,44.79999999999922
ppo_T2,637.1511994025587,261.1198424036591,91.48974127838933,2588.870449833744,1.0,0.0,0.0,44.83999999999922
ppo_T2,639.0062864057182,264.3080507239208,92.21584761673797,2593.0878698813835,1.0,0.0,0.0,44.87999999999922
ppo_T2,640.8753375116044,267.521710327968,92.94137966716815,2597.305118603553,1.0,0.0,0.0,44.91999999999922
ppo_T2,642.7583689315405,270.7607850454188,93.66633718182881,2601.5221560696286,1.0,0.0,0.0,44.95999999999922
ppo_T2,644.6553954728448,274.02523953794304,94.39071998935694,2605.738984610957,1.0,0.0,0.0,44.99999999999922
ppo_T2,646.5664306106178,277.31503925779805,95.11452798653119,2607.8473262064213,1.0,0.0,0.0,45.03999999999922
ppo_T2,648.491486555883,280.6301504084706,95.83776113083857,2612.063885266106,1.0,0.0,0.0,45.07999999999922
ppo_T2,650.4305743202658,283.9705399073177,96.56041943385418,2616.2803237180437,1.0,0.0,0.0,45.119999999999216
ppo_T2,652.3837037773861,287.336175350104,97.28250295534355,2620.496708675822,1.0,0.0,0.0,45.159999999999215
ppo_T2,654.350883721132,290.72702497734053,98.00401179800878,2624.713102796109,1.0,0.0,0.0,45.199999999999214
ppo_T2,656.3321219209724,294.14305764233313,98.72494610280707,2628.929554707199,1.0,0.0,0.0,45.23999999999921
ppo_T2,658.32742517446,297.5842427808524,99.44530604477906,2631.037814934672,1.0,0.0,0.0,45.27999999999921
ppo_T2,660.3367993570661,301.0505503823444,100.16509182933085,2635.2544249372595,1.0,0.0,0.0,45.31999999999921
ppo_T2,662.360249469484,304.5419509626035,100.88430368892027,2639.471175819766,1.0,0.0,0.0,45.35999999999921
ppo_T2,664.3977796825285,308.058415537832,101.60294188010253,2643.688079794511,1.0,0.0,0.0,45.39999999999921
ppo_T2,666.4493933797548,311.5999156000176,102.32100668089682,2647.905123148264,1.0,0.0,0.0,45.43999999999921
ppo_T2,668.5150931979114,315.16642309356064,103.03849838843783,2652.122242471876,1.0,0.0,0.0,45.47999999999921
ppo_T2,670.5948810653374,318.75791039308825,103.75541731688193,2656.339305813163,1.0,0.0,0.0,45.51999999999921
ppo_T2,672.68875823841,322.37435028239474,104.47176379553962,2660.5561114650523,1.0,0.0,0.0,45.55999999999921
ppo_T2,674.7967253361388,326.0157159344513,105.18753816720998,2664.7724185615966,1.0,0.0,0.0,45.599999999999206
ppo_T2,676.9187823730034,329.6819808924308,105.9027407866949,2668.9880126014955,1.0,0.0,0.0,45.639999999999205
ppo_T2,679.014885833681,333.30393577528,104.618972022465,2673.202796344573,1.0,0.0,1.0,45.6799999999992
ppo_T2,681.1251133553122,336.9507912720058,105.33463107831989,2677.41686859248,1.0,0.0,0.0,45.7199999999992
ppo_T2,683.2094285419922,340.55333386289584,104.0513182178676,2681.6305452391603,1.0,0.0,1.0,45.7599999999992
ppo_T2,685.3078989920705,344.1807800275268,104.76743263995328,2685.844286517866,1.0,0.0,0.0,45.7999999999992
ppo_T2,687.3804946411612,347.763912564865,103.4845746499255,2690.0585402113365,1.0,0.0,1.0,45.8399999999992
ppo_T2,689.4672741719534,351.3719530942245,104.2011434427239,2694.273583092162,1.0,0.0,0.0,45.8799999999992
ppo_T2,691.5282131502668,354.9356811400894,102.91873935663786,2698.48946133349,1.0,0.0,1.0,45.9199999999992
ppo_T2,693.526467018188,358.42550022423865,100.53561483609442,2702.7060454948714,0.0,0.0,1.0,45.9599999999992
ppo_T2,695.5035026032824,361.95393790628975,101.11423669805255,2706.923117289671,1.0,0.0,0.0,45.9999999999992
ppo_T2,697.4219104117146,365.4505995766655,99.70873631648503,2711.14042430521,1.0,0.0,1.0,46.0399999999992
ppo_T2,699.3412219601523,368.9786540444063,100.40830751023563,2715.3577245052707,1.0,0.0,0.0,46.0799999999992
ppo_T2,701.2793956961599,372.529030344365,101.12396260981406,2717.466314787249,1.0,0.0,0.0,46.1199999999992
ppo_T2,703.1978773536773,376.03168503736407,99.8410041284987,2721.683324452448,1.0,0.0,1.0,46.1599999999992
ppo_T2,705.0790092488746,379.4955476292037,98.54250752300568,2725.900116629294,1.0,0.0,1.0,46.19999999999919
ppo_T2,706.9056683498059,382.926005098248,97.16198432880141,2730.116745315665,1.0,0.0,1.0,46.23999999999919
ppo_T2,708.6803203937678,386.3220888004353,95.79527124746649,2734.333257843467,1.0,0.0,1.0,46.27999999999919
ppo_T2,710.442223503093,389.7537828918904,96.43918713358151,2738.5496797028377,1.0,0.0,0.0,46.31999999999919
ppo_T2,712.1925295863588,393.22063428637097,97.09090449331799,2740.6578632989413,1.0,0.0,0.0,46.35999999999919
ppo_T2,713.8963703786608,396.65082168770977,95.7511718394855,2744.8741955225582,1.0,0.0,1.0,46.39999999999919
ppo_T2,715.539786303323,400.0040904073595,93.35827161938806,2749.090516036212,0.0,0.0,1.0,46.43999999999919
ppo_T2,717.1246538887877,403.27977008304026,90.97349408318392,2753.306869207066,0.0,0.0,1.0,46.47999999999919
ppo_T2,718.6527344617643,406.47723825579214,88.59610937165122,2755.415071971903,0.0,0.0,1.0,46.51999999999919
ppo_T2,720.1256809400678,409.59591735079215,86.22546979263355,2759.6315596945724,0.0,0.0,1.0,46.55999999999919
ppo_T2,721.5450442493841,412.6352718441456,83.86100084403361,2763.848196588006,0.0,0.0,1.0,46.599999999999184
ppo_T2,722.9279535000051,415.6344321273537,82.56588429788229,2765.9565790257,1.0,0.0,1.0,46.63999999999918
ppo_T2,724.2601048193231,418.5532687760914,80.21157382033242,2770.1734503807984,0.0,0.0,1.0,46.67999999999918
ppo_T2,725.5427742068333,421.3913591576784,77.86204856873636,2772.2819075933385,0.0,0.0,1.0,46.71999999999918
ppo_T2,726.7927132033172,424.1879943767348,76.58131317184042,2776.498722589087,1.0,0.0,1.0,46.75999999999918
ppo_T2,728.011009819656,426.94278958576007,75.30414700172275,2778.6070006082923,1.0,0.0,1.0,46.79999999999918
ppo_T2,729.1986801919854,429.65538931855343,74.0302228133031,2780.715129005122,1.0,0.0,1.0,46.83999999999918
ppo_T2,730.3566731499496,432.3254654886652,72.75925389981879,2784.93071224275,1.0,0.0,1.0,46.87999999999918
ppo_T2,731.4858745108987,434.9527155230034,71.49098918963251,2787.0380394950503,1.0,0.0,1.0,46.91999999999918
ppo_T2,732.6033023970699,437.5705386703136,71.1584636189981,2791.251435706407,0.0,0.0,0.0,46.95999999999918
ppo_T2,733.693319436841,440.1450518113271,69.89391541937978,2793.357399229007,1.0,0.0,1.0,46.999999999999176
ppo_T2,734.7427861374379,442.6794539214912,68.57739428770289,2795.462831471299,1.0,0.0,1.0,47.039999999999175
ppo_T2,735.7396885939274,445.174519760332,67.17127384485832,2797.567729551772,1.0,0.0,1.0,47.07999999999917
ppo_T2,736.6871601783341,447.6294953453579,65.78662253039668,2801.7759261706587,1.0,0.0,1.0,47.11999999999917
ppo_T2,737.5745728622446,450.0432252167716,64.29226802131893,2803.8790619869237,1.0,0.0,1.0,47.15999999999917
ppo_T2,738.4059207763498,452.4150084214088,62.83159497859344,2805.9811885707586,1.0,0.0,1.0,47.19999999999917
ppo_T2,739.1720607939089,454.742140933401,61.25008293298822,2808.0816549411284,1.0,0.0,1.0,47.23999999999917
ppo_T2,739.8655003105121,457.0204175767221,59.53676819143656,2812.2724470098983,1.0,0.0,1.0,47.27999999999917
ppo_T2,740.4917837666004,459.24958131495765,57.88675333805928,2814.358435027914,1.0,0.0,1.0,47.31999999999917
ppo_T2,741.0449500323999,461.4246134295024,56.10680449441737,2816.433815309921,1.0,0.0,1.0,47.35999999999917
ppo_T2,741.5207799008653,463.5396192814678,54.196770069647535,2818.4941512402447,1.0,0.0,1.0,47.39999999999917
ppo_T2,741.9167848016762,465.5881371570752,52.16108084667421,2820.534184370136,1.0,0.0,1.0,47.439999999999166
ppo_T2,742.2321540968849,467.5634299092296,50.007744706907296,2822.548180893461,1.0,0.0,1.0,47.479999999999166
ppo_T2,742.4676657679114,469.45875332557387,47.74749077001855,2826.476717767935,1.0,0.0,1.0,47.519999999999165
ppo_T2,742.6255659260189,471.2675963668047,45.393044674677675,2828.38423907655,1.0,0.0,1.0,47.55999999999917
ppo_T2,742.715443756391,473.06359857939736,44.95624241992277,2832.090212005546,1.0,0.0,0.0,47.59999999999916
ppo_T2,742.7367187311785,474.8394842418402,44.400327353962254,2835.701940286954,1.0,0.0,0.0,47.63999999999916
ppo_T2,742.6899515797492,476.5081855448257,41.73391310611662,2837.503517281508,1.0,0.0,1.0,47.67999999999916
ppo_T2,742.5818486296507,478.06544349143167,39.02514061543631,2839.320603356124,1.0,0.0,1.0,47.71999999999916
ppo_T2,742.4129658213309,479.5876234057632,38.28799660582645,2841.164589649571,1.0,0.0,0.0,47.75999999999916
ppo_T2,742.1860280355749,481.0691090551404,37.46915804960579,2843.0431981252004,1.0,0.0,0.0,47.79999999999916
ppo_T2,741.904414941497,482.5048110411416,36.57651336038762,2844.9600242848737,1.0,0.0,0.0,47.83999999999916
ppo_T2,741.572059561407,483.8902315569932,35.61820202172942,2846.91492395784,1.0,0.0,0.0,47.87999999999916
ppo_T2,741.1933421681109,485.2215114377828,34.60250158027093,2846.91492395784,1.0,0.0,0.0,47.91999999999916
ppo_T2,740.7690952792491,486.5017919836543,33.71853810263272,2848.904893230119,1.0,0.0,0.0,47.95999999999916
ppo_T2,740.3001103387039,487.7340546039394,32.96227047521608,2850.925166195812,1.0,0.0,0.0,47.999999999999154
ppo_T2,739.7871398021722,488.9211289398614,32.32920748288504,2850.925166195812,1.0,0.0,0.0,48.039999999999154
ppo_T2,739.230899116791,490.0657005746048,31.814382823777585,2852.970210564584,1.0,0.0,0.0,48.07999999999915
ppo_T2,738.6320686001999,491.1703183517138,31.412362426142035,2852.970210564584,1.0,0.0,0.0,48.11999999999915
ppo_T2,737.991295224147,492.23740132171554,31.117284026784944,2855.034517208459,1.0,0.0,0.0,48.15999999999915
ppo_T2,737.3116256886797,493.2623609079449,30.745861823644947,2855.034517208459,1.0,0.0,0.0,48.19999999999915
ppo_T2,736.5966022985956,494.2411206243442,30.302939531640934,2857.1131042387183,1.0,0.0,0.0,48.23999999999915
ppo_T2,735.8464583316901,495.17615864771983,29.96885963215536,2857.1131042387183,1.0,0.0,0.0,48.27999999999915
ppo_T2,735.0614164654046,496.0698271585177,29.737751039425323,2859.2017599354062,1.0,0.0,0.0,48.31999999999915
ppo_T2,734.2416893143251,496.9243587415222,29.603386932169503,2859.2017599354062,1.0,0.0,0.0,48.35999999999915
ppo_T2,733.3874799403753,497.7418724614001,29.55928721159537,2861.297080514125,1.0,0.0,0.0,48.399999999999146
ppo_T2,732.4989823370939,498.524379629606,29.59883295134016,2861.297080514125,1.0,0.0,0.0,48.439999999999145
ppo_T2,731.5763818893105,499.2737892783291,29.715383304040085,2863.3963857722133,1.0,0.0,0.0,48.47999999999914
ppo_T2,730.6198558094708,499.9919133563644,29.90238632688285,2863.3963857722133,1.0,0.0,0.0,48.51999999999914
ppo_T2,729.6295735517982,500.6804716610319,30.153477087928557,2865.497561054136,1.0,0.0,0.0,48.55999999999914
ppo_T2,728.6056972054159,501.34109651955566,30.462558744102573,2867.598881813057,1.0,0.0,0.0,48.59999999999914
ppo_T2,727.5483818674993,501.975337232628,30.823864597014683,2867.598881813057,1.0,0.0,0.0,48.63999999999914
ppo_T2,726.4577759974733,502.5846642922406,31.232001109752897,2869.6988892598024,1.0,0.0,0.0,48.67999999999914
ppo_T2,725.334021753217,503.1704733852502,31.681973333986054,2869.6988892598024,1.0,0.0,0.0,48.71999999999914
ppo_T2,724.1772553101905,503.7340891935627,32.16919511632952,2871.796297885737,1.0,0.0,0.0,48.75999999999914
ppo_T2,722.9876071643497,504.2767690012676,32.68948688601002,2871.796297885737,1.0,0.0,0.0,48.79999999999914
ppo_T2,721.7652024196751,504.7997061185305,33.23906388210701,2873.889987590936,1.0,0.0,0.0,48.83999999999914
ppo_T2,720.5101610610943,505.3040331315516,33.81451747965597,2875.9790676012467,1.0,0.0,0.0,48.879999999999136
ppo_T2,719.2225982135407,505.79082498742616,34.41279192889403,2875.9790676012467,1.0,0.0,0.0,48.919999999999135
ppo_T2,717.902624387853,506.26110192229385,35.03115841619504,2878.062988491617,1.0,0.0,0.0,48.959999999999134
ppo_T2,716.5503457141843,506.7158322407384,35.66718794785173,2880.141705794941,1.0,0.0,0.0,48.99999999999913
ppo_T2,715.1658641635537,507.15593495399327,36.31872418473519,2880.141705794941,1.0,0.0,0.0,49.03999999999913
ppo_T2,713.7505157981635,507.5736804494149,36.892769399619226,2882.215791794013,1.0,0.0,0.0,49.07999999999913
ppo_T2,712.3043253114657,507.97020447366896,37.48915031067344,2884.2864510895047,1.0,0.0,0.0,49.11999999999913
ppo_T2,710.8273173771572,508.346585077491,38.105239116029345,2884.2864510895047,1.0,0.0,0.0,49.15999999999913
ppo_T2,709.3195166491962,508.7038455466389,38.738692528075006,2886.3554415524054,1.0,0.0,0.0,49.19999999999913
ppo_T2,707.7809477618175,509.04295718395406,39.38742600573964,2888.4248355727245,1.0,0.0,0.0,49.23999999999913
ppo_T2,706.2116353295487,509.3648419500936,40.049588892599786,2888.4248355727245,1.0,0.0,0.0,49.27999999999913
ppo_T2,704.6116039472257,509.6703749701133,40.723540878868576,2890.496703386181,1.0,0.0,0.0,49.319999999999126
ppo_T2,702.9808781900086,509.96038691271593,41.40783004233174,2892.572791107543,1.0,0.0,0.0,49.359999999999125
ppo_T2,701.3194826133973,510.2356662486344,42.10117259922323,2894.6542774273125,1.0,0.0,0.0,49.399999999999125
ppo_T2,699.6274417532474,510.4969613942882,42.802434404770324,2894.6542774273125,1.0,0.0,0.0,49.43999999999912
ppo_T2,697.9047801257855,510.7449827465428,43.51061417849588,2896.7416636783078,1.0,0.0,0.0,49.47999999999912
ppo_T2,696.1515222276255,510.9804046141028,44.22482838565946,2898.834805581737,1.0,0.0,0.0,49.51999999999912
ppo_T2,694.367692535784,511.2038670507908,44.944297678526056,2900.933047775099,1.0,0.0,0.0,49.55999999999912
ppo_T2,692.5533155076961,511.41597759569504,45.66833478539023,2903.035422898105,1.0,0.0,0.0,49.59999999999912
ppo_T2,690.7084155812306,511.61731292491817,46.39633372817326,2903.035422898105,1.0,0.0,0.0,49.63999999999912
ppo_T2,688.8330171747064,511.80842041941673,47.12776024838868,2905.1408403540595,1.0,0.0,0.0,49.67999999999912
ppo_T2,686.9271446869072,511.9898196531948,47.86214332437406,2907.248241958556,1.0,0.0,0.0,49.71999999999912
ppo_T2,684.9908224970984,512.1620038058969,48.599067668447944,2909.356707882014,1.0,0.0,0.0,49.75999999999912
ppo_T2,683.0240749650415,512.3254410036418,49.33816709999296,2911.465514205966,1.0,0.0,0.0,49.79999999999912
ppo_T2,681.0269264310101,512.4805755917412,50.079118698617144,2913.5741517092333,1.0,0.0,0.0,49.83999999999912
ppo_T2,678.999401215806,512.6278293427652,50.82163764996603,2915.682317028382,1.0,0.0,0.0,49.87999999999912
ppo_T2,676.941523620774,512.7676026032372,51.56547270508047,2917.7898849094267,1.0,0.0,0.0,49.91999999999911
ppo_T2,674.853317927818,512.9002753820771,52.31040218218223,2919.896875686125,1.0,0.0,0.0,49.95999999999911
ppo_T2,672.7348083994165,513.026208383752,53.056230447275496,2922.003414366338,1.0,0.0,0.0,49.99999999999911
ppo_T2,670.5860192786377,513.1457439889418,53.80278481689856,2924.109694519324,1.0,0.0,0.0,50.03999999999911
ppo_T2,668.4069747891555,513.259207185388,54.54991283271326,2926.2159502765726,1.0,0.0,0.0,50.07999999999911
ppo_T2,666.1976991352649,513.3669064514547,55.297479863378314,2928.3224309641864,1.0,0.0,0.0,50.11999999999911
ppo_T2,663.9582165018974,513.4691345948053,56.04536699433547,2930.4293778894544,1.0,0.0,0.0,50.15999999999911
ppo_T2,661.6885510546365,513.5661695484736,56.79346917077634,2932.5370031470707,1.0,0.0,0.0,50.19999999999911
ppo_T2,659.3887269397335,513.6582751264955,57.541693563190464,2934.645464895309,1.0,0.0,0.0,50.23999999999911
ppo_T2,657.0587682841224,513.7457017411539,58.28995812856444,2936.754852832495,1.0,0.0,0.0,50.27999999999911
ppo_T2,654.6986991954358,513.8286870837877,59.03819034355035,2938.865178207264,1.0,0.0,0.0,50.31999999999911
ppo_T2,652.3085437620201,513.9074567710157,59.78632608879077,2943.0883297651594,1.0,0.0,0.0,50.359999999999104
ppo_T2,649.8883260529512,513.9822249581325,60.53430866611688,2945.2008674050267,1.0,0.0,0.0,50.3999999999991
ppo_T2,647.4380701180496,514.0531949213438,61.28208793256311,2947.313801343902,1.0,0.0,0.0,50.4399999999991
ppo_T2,644.9577999878959,514.1205596104239,62.029619537099606,2949.426930428637,1.0,0.0,0.0,50.4799999999991
ppo_T2,642.4475396738462,514.1845021732988,62.77686424770425,2951.54005010532,1.0,0.0,0.0,50.5199999999991
ppo_T2,639.9073131680478,514.2451964539797,63.52378735790637,2953.6529570139683,1.0,0.0,0.0,50.5599999999991
ppo_T2,637.3371444434541,514.3028074652019,64.27035816325956,2957.8773565967977,1.0,0.0,0.0,50.5999999999991
ppo_T2,634.7370574538401,514.3574918370541,65.01654949936399,2959.988508950334,1.0,0.0,0.0,50.6399999999991
ppo_T2,632.1070761338177,514.4093982428162,65.76233733407827,2962.0987969722905,1.0,0.0,0.0,50.6799999999991
ppo_T2,629.4472243988514,514.4586678031656,66.50770040745542,2966.316630115344,1.0,0.0,0.0,50.7199999999991
ppo_T2,626.757526145273,514.5054344698492,67.25261991372204,2968.424276608831,1.0,0.0,0.0,50.759999999999096
ppo_T2,624.0380052502975,514.5498253898653,67.997079220307,2970.531256263276,1.0,0.0,0.0,50.799999999999095
ppo_T2,621.2886855720379,514.5919612511445,68.74106361953022,2972.6377700644657,1.0,0.0,0.0,50.83999999999909
ppo_T2,618.509590949521,514.6319566106708,69.48456010909081,2976.8503670507657,1.0,0.0,0.0,50.87999999999909
ppo_T2,615.700745202702,514.6699202059332,70.22755719795813,2978.9569626904254,1.0,0.0,0.0,50.91999999999909
ppo_T2,612.8621721324805,514.7059552505561,70.97004473467787,2981.0640817695707,1.0,0.0,0.0,50.95999999999909
ppo_T2,609.9938955207152,514.7401597149124,71.71201375546168,2985.280639045141,1.0,0.0,0.0,50.99999999999909
ppo_T2,607.0959391302393,514.7726265924792,72.45345634974434,2987.3902935123137,1.0,0.0,0.0,51.03999999999909
ppo_T2,604.1683267048759,514.8034441526657,73.19436554116787,2989.500887359956,1.0,0.0,0.0,51.07999999999909
ppo_T2,601.2110819694527,514.8326961807948,73.93473518219423,2993.7245772835704,1.0,0.0,0.0,51.11999999999909
ppo_T2,598.2242286298178,514.8604622058948,74.67455986076263,2995.837421025099,1.0,0.0,0.0,51.15999999999909
ppo_T2,595.2077903728547,514.8868177169197,75.41383481759294,3000.0644153522903,1.0,0.0,0.0,51.199999999999086
ppo_T2,592.1617908664971,514.9118343679846,76.1525558729037,3002.1783305280733,1.0,0.0,0.0,51.239999999999085
ppo_T2,589.0862537597446,514.9355801731755,76.8907193614568,3006.406583738905,1.0,0.0,0.0,51.279999999999085
ppo_T2,585.9812026826776,514.9581196914626,77.62832207496884,3008.520822121835,1.0,0.0,0.0,51.31999999999909
ppo_T2,582.8466612464721,514.9795142022207,78.3653612110425,3010.6350957004893,1.0,0.0,0.0,51.35999999999908
ppo_T2,579.6826530434156,514.9998218718323,79.1018343278687,3014.863691931271,1.0,0.0,0.0,51.39999999999908
ppo_T2,576.4892016469215,515.0190979118277,79.83773930403933,3016.9780004778354,1.0,0.0,0.0,51.43999999999908
ppo_T2,573.2663306115447,515.0373947289912,80.57307430288547,3021.20662523254,1.0,0.0,0.0,51.47999999999908
ppo_T2,570.0140634729962,515.0547620678428,81.30783774082559,3025.435251268354,1.0,0.0,0.0,51.51999999999908
ppo_T2,566.7324237481586,515.0712471458809,82.04202825926613,3027.549564286261,1.0,0.0,0.0,51.55999999999908
ppo_T2,563.4214349351007,515.0868947819546,82.77564469965174,3031.7781903220757,1.0,0.0,0.0,51.59999999999908
ppo_T2,560.0811205130933,515.1017475181158,83.50868608130675,3033.8925033399823,1.0,0.0,0.0,51.63999999999908
ppo_T2,556.7115039426235,515.1158457352799,84.24115158175253,3038.1211293757965,1.0,0.0,0.0,51.67999999999908
ppo_T2,553.3126086654102,515.1292277630121,84.9730405192206,3040.235442393704,1.0,0.0,0.0,51.71999999999908
ppo_T2,549.8844581044185,515.1419299837355,85.70435233711339,3044.4640684295177,1.0,0.0,0.0,51.759999999999074
ppo_T2,546.4270756638757,515.1539869316462,86.43508659019368,3048.692694465332,1.0,0.0,0.0,51.79999999999907
ppo_T2,542.9404847292853,515.1654313866029,87.16524293230796,3050.807007483239,1.0,0.0,0.0,51.83999999999907
ppo_T2,539.4247086674426,515.1762944632479,87.89482110547154,3055.0356335190536,1.0,0.0,0.0,51.87999999999907
ppo_T2,535.8797708264493,515.1866056955994,88.62382093016284,3059.264259554868,1.0,0.0,0.0,51.91999999999907
ppo_T2,532.3056945357289,515.1963931173474,89.35224229669122,3061.378572572775,1.0,0.0,0.0,51.95999999999907
ppo_T2,528.702503106041,515.2056833380706,90.08008515751861,3065.607198608589,1.0,0.0,0.0,51.99999999999907
ppo_T2,525.0702198294969,515.214501615581,90.80734952042849,3069.835824644403,1.0,0.0,0.0,52.03999999999907
ppo_T2,521.408867979574,515.2228719245938,91.53403544244752,3074.0644506802173,1.0,0.0,0.0,52.07999999999907
ppo_T2,517.718470811131,515.2308170219089,92.2601430244364,3076.1787636981244,1.0,0.0,0.0,52.11999999999907
ppo_T2,513.9990515604228,515.2383585082804,92.98567240627537,3080.4073897339385,1.0,0.0,0.0,52.159999999999066
ppo_T2,510.2506334451152,515.2455168871442,93.71062376257831,3084.6360157697527,1.0,0.0,0.0,52.199999999999065
ppo_T2,506.4732396642998,515.2523116203616,94.43499729887711,3088.864639617072,1.0,0.0,0.0,52.23999999999906
ppo_T2,502.66689339850905,515.2587611811317,95.15879324822409,3090.978946910795,1.0,0.0,0.0,52.27999999999906
ppo_T2,498.8316178097309,515.2648831042146,95.88201186816623,3095.207536142271,1.0,0.0,0.0,52.31999999999906
ppo_T2,494.9674360414238,515.270694033605,96.60465343805011,3099.4360241803324,1.0,0.0,0.0,52.35999999999906
ppo_T2,491.0743712185314,515.2762097677822,97.32671825662143,3103.664208804554,1.0,0.0,0.0,52.39999999999906
ppo_T2,487.15244644749725,515.2814453026633,98.04820663988627,3107.89163263556,1.0,0.0,0.0,52.43999999999906
ppo_T2,483.20168481628,515.2864148723725,98.76911891920544,3112.117479240188,1.0,0.0,0.0,52.47999999999906
ppo_T2,479.2221093943677,515.2911319879404,99.4894554395964,0.0,1.0,0.0,0.0,0.0
