model_name,x,y,speed,progress,thr,rev,brk,time
ppo_track_v5_960252_steps,474.2877476084968,510.9028497180382,100.43378428623348,6.330827325767106,1.0,0.0,0.0,0.04
ppo_track_v5_960252_steps,470.2416387403008,510.9075289523281,101.15278934774923,10.546819549066598,1.0,0.0,0.0,0.08
ppo_track_v5_960252_steps,466.1667923591993,510.9119704815161,101.87122004262727,14.760193265681012,1.0,0.0,0.0,0.12
ppo_track_v5_960252_steps,462.0632314552027,510.9161863810213,102.5890767413193,18.972769858080053,1.0,0.0,0.0,0.16
ppo_track_v5_960252_steps,457.93097899992927,510.9201881128316,103.30635982349597,23.186566332396907,1.0,0.0,0.0,0.2
ppo_track_v5_960252_steps,453.77005794662006,510.923986556666,104.0230696770169,27.403216717001445,1.0,0.0,0.0,0.24
ppo_track_v5_960252_steps,449.5804912301536,510.92759203955353,104.73920669701215,31.62348328443753,1.0,0.0,0.0,0.28
ppo_track_v5_960252_steps,445.36230176706016,510.9310143639104,105.45477128506303,35.847037171066084,1.0,0.0,0.0,0.32
ppo_track_v5_960252_steps,441.11551245553727,510.93426283419,106.16976384847128,40.07271498810195,1.0,0.0,0.0,0.36
ppo_track_v5_960252_steps,436.8401461754636,510.93734628217936,106.88418479960716,44.29897816134598,1.0,0.0,0.0,0.3999999999999999
ppo_track_v5_960252_steps,432.536225788414,510.94027309101085,107.59803455532789,48.52420900893191,1.0,0.0,0.0,0.4399999999999999
ppo_track_v5_960252_steps,428.203774137674,510.9430512179537,108.31131353645858,52.74689780558138,1.0,0.0,0.0,0.4799999999999999
ppo_track_v5_960252_steps,423.8428140482546,510.9456882160479,109.02402216732924,56.96601664258752,1.0,0.0,0.0,0.5199999999999999
ppo_track_v5_960252_steps,419.45336832690674,510.94819125463886,109.73616087536143,61.18148367407845,1.0,0.0,0.0,0.5599999999999999
ppo_track_v5_960252_steps,415.035459762136,510.9505671388694,110.44773009069948,65.3942593724105,1.0,0.0,0.0,0.6
ppo_track_v5_960252_steps,410.589111124217,510.952822328181,111.15873024588129,69.60585144094487,1.0,0.0,0.0,0.64
ppo_track_v5_960252_steps,406.1143451652084,510.9549629538757,111.86916177554443,73.81755615019415,1.0,0.0,0.0,0.68
ppo_track_v5_960252_steps,401.611184618967,510.956994835785,112.57902511616379,78.0298536358866,1.0,0.0,0.0,0.7200000000000001
ppo_track_v5_960252_steps,397.07965220116256,510.9589234980933,113.28832070581753,82.24232690342328,1.0,0.0,0.0,0.7600000000000001
ppo_track_v5_960252_steps,392.5197706092924,510.9607541843564,113.99704898397775,88.56012252193192,1.0,0.0,0.0,0.8000000000000002
ppo_track_v5_960252_steps,387.9315625226957,510.9624918717573,114.70521039132403,92.77176706445437,1.0,0.0,0.0,0.8400000000000002
ppo_track_v5_960252_steps,383.3150506025683,510.9641412846383,115.4128053695766,96.98463288754544,1.0,0.0,0.0,0.8800000000000002
ppo_track_v5_960252_steps,378.670257491977,510.9657069073449,116.1198343613475,101.20017130717711,1.0,0.0,0.0,0.9200000000000004
ppo_track_v5_960252_steps,373.99720581587417,510.967192996418,116.82629781000766,105.4193129810934,1.0,0.0,0.0,0.9600000000000004
ppo_track_v5_960252_steps,369.2959181811122,510.96860359216623,117.53219615956809,111.7545227860922,1.0,0.0,0.0,1.0000000000000002
ppo_track_v5_960252_steps,364.56641717645806,510.9699425296504,118.23752985457402,115.9809902787091,1.0,0.0,0.0,1.0400000000000005
ppo_track_v5_960252_steps,359.8087253726076,510.9712134491104,118.94229934000995,120.20858548661076,1.0,0.0,0.0,1.0800000000000003
ppo_track_v5_960252_steps,355.0228653222003,510.97241980586176,119.6465050612153,124.43640432264164,1.0,0.0,0.0,1.1200000000000003
ppo_track_v5_960252_steps,350.2088595598333,510.97356487969023,120.3501474638087,130.77667152936786,1.0,0.0,0.0,1.1600000000000004
ppo_track_v5_960252_steps,345.3667306020762,510.9746517837682,121.05322699362054,135.00104219524738,1.0,0.0,0.0,1.2000000000000004
ppo_track_v5_960252_steps,340.4965009474853,510.975683473119,121.75574409663277,139.22221567612866,1.0,0.0,0.0,1.2400000000000004
ppo_track_v5_960252_steps,335.59819307661803,510.9766627526507,122.45769921892487,145.54723122811632,1.0,0.0,0.0,1.2800000000000005
ppo_track_v5_960252_steps,330.6718294520475,510.9775922847823,123.15909280662594,149.76055255418882,1.0,0.0,0.0,1.3200000000000005
ppo_track_v5_960252_steps,325.71743251837665,510.9784745966816,123.85992530587153,153.97316580271874,1.0,0.0,0.0,1.3600000000000003
ppo_track_v5_960252_steps,320.7350247022527,510.9793120871364,124.56019716276553,160.29508276653016,1.0,0.0,0.0,1.4000000000000006
ppo_track_v5_960252_steps,315.72462841238166,510.980107033076,125.25990882334567,164.51379882403148,1.0,0.0,0.0,1.4400000000000006
ppo_track_v5_960252_steps,310.6862660395425,510.980861595762,125.95906073355287,168.7361595658841,1.0,0.0,0.0,1.4800000000000006
ppo_track_v5_960252_steps,305.61995995660163,510.98157782666345,126.65765333920419,175.07467463323624,1.0,0.0,0.0,1.520000000000001
ppo_track_v5_960252_steps,300.5683735850976,510.9822562405318,126.28966042646468,179.30187737956953,0.0,0.0,0.0,1.5600000000000007
ppo_track_v5_960252_steps,295.4888540826907,510.9829001909756,126.9879885806224,185.6419541780242,1.0,0.0,0.0,1.6000000000000008
ppo_track_v5_960252_steps,290.46135979525144,510.98350135838064,125.68735808454583,189.86641085673085,1.0,0.0,1.0,1.6400000000000008
ppo_track_v5_960252_steps,285.4858491026779,510.984062488513,124.3877681053813,194.08773928707413,1.0,0.0,1.0,1.6800000000000008
ppo_track_v5_960252_steps,280.5729385514877,510.9845861366691,122.82276447742547,200.41299566420915,1.0,1.0,1.0,1.7200000000000009
ppo_track_v5_960252_steps,275.6746249953504,510.98508210347154,122.4578395311554,204.62640370840367,0.0,0.0,0.0,1.760000000000001
ppo_track_v5_960252_steps,270.7482556900581,510.9855528751604,123.1592331946549,208.83900874371307,1.0,0.0,0.0,1.800000000000001
ppo_track_v5_960252_steps,265.8737890798497,510.9859921421351,121.861665750022,215.1607448848471,1.0,0.0,1.0,1.840000000000001
ppo_track_v5_960252_steps,261.013888709557,510.98640818121135,121.49750970251218,219.37928536225505,0.0,0.0,0.0,1.880000000000001
ppo_track_v5_960252_steps,256.2058378592715,510.9867962872244,120.20127164873695,223.6014909884947,1.0,0.0,1.0,1.920000000000001
ppo_track_v5_960252_steps,251.4922361160412,510.9871574078161,117.84004392658771,229.93990489004847,0.0,0.0,1.0,1.960000000000001
ppo_track_v5_960252_steps,246.87300792060933,510.987493283788,115.48070519107706,234.1671800582537,0.0,0.0,1.0,2.000000000000001
ppo_track_v5_960252_steps,242.34807777416376,510.9878055488024,113.1232539305068,238.39444690323936,0.0,0.0,1.0,2.040000000000001
ppo_track_v5_960252_steps,237.9173702382888,510.98809573577023,110.7676886344451,242.6205700321423,0.0,0.0,1.0,2.080000000000001
ppo_track_v5_960252_steps,233.53816886827352,510.9883659834122,109.48003445884957,246.84434681056783,1.0,0.0,1.0,2.120000000000001
ppo_track_v5_960252_steps,229.21043245920424,510.9886176052785,108.19341040960325,251.0647652056624,1.0,0.0,1.0,2.160000000000001
ppo_track_v5_960252_steps,224.97676090577755,510.98885120858085,105.84178899678791,255.2815264756188,0.0,0.0,1.0,2.200000000000001
ppo_track_v5_960252_steps,220.79443788947373,510.9890685672567,104.55807554879934,259.4953799476774,1.0,0.0,1.0,2.240000000000001
ppo_track_v5_960252_steps,216.58348633158292,510.9892748841117,105.27378907362642,263.707953399516,1.0,0.0,0.0,2.280000000000001
ppo_track_v5_960252_steps,212.423865134844,510.9894668331197,103.99053002919469,267.9212652321609,1.0,0.0,1.0,2.320000000000001
ppo_track_v5_960252_steps,208.31553323497857,510.9896453705688,102.70829759361948,272.13715273544983,1.0,0.0,1.0,2.360000000000001
ppo_track_v5_960252_steps,204.17851360063307,510.9898148383156,103.42549094541286,276.35666922698994,1.0,0.0,0.0,2.400000000000001
ppo_track_v5_960252_steps,200.092765181929,510.989972447758,102.14371054359974,280.5797608718205,1.0,0.0,1.0,2.4400000000000013
ppo_track_v5_960252_steps,196.05824696190132,510.9901189910394,100.86295556722638,284.80554472533447,1.0,0.0,1.0,2.4800000000000013
ppo_track_v5_960252_steps,192.0749179563978,510.9902552093046,99.58322519581675,289.0329359463087,1.0,0.0,1.0,2.5200000000000014
ppo_track_v5_960252_steps,188.1442444645241,510.9711522331904,98.26799778989239,293.26104467674804,1.0,0.0,1.0,2.5600000000000014
ppo_track_v5_960252_steps,184.26608452331104,510.9343889848416,96.95835467501884,295.3750214248508,1.0,0.0,1.0,2.6000000000000014
ppo_track_v5_960252_steps,180.44030124855624,510.8814422723748,95.65374084345437,299.601517826048,1.0,0.0,1.0,2.640000000000001
ppo_track_v5_960252_steps,176.70929065477955,510.8165079670847,93.28939018880077,303.82127002932435,0.0,0.0,1.0,2.680000000000001
ppo_track_v5_960252_steps,172.9504381062324,510.7366186432116,93.99253556063682,308.01842613280104,1.0,0.0,0.0,2.720000000000001
ppo_track_v5_960252_steps,169.24363031821218,510.6441533928946,92.69902170412723,312.15120778416264,1.0,0.0,1.0,2.7600000000000016
ppo_track_v5_960252_steps,165.55136274067863,510.5411958336786,92.34256914847403,314.167317637698,0.0,0.0,0.0,2.8000000000000016
ppo_track_v5_960252_steps,161.83105012280748,510.42536305337984,93.05288552646773,318.00630640059296,1.0,0.0,0.0,2.8400000000000016
ppo_track_v5_960252_steps,158.2050911534284,510.3027114528187,90.7008195344061,322.8374466949371,0.0,0.0,1.0,2.8800000000000017
ppo_track_v5_960252_steps,154.63081789382417,510.17119190029945,89.41730371905392,325.65690245456386,1.0,0.0,1.0,2.9200000000000017
ppo_track_v5_960252_steps,151.15064748862372,510.0347627507318,87.07108791845356,325.9906033650447,0.0,0.0,1.0,2.9600000000000017
ppo_track_v5_960252_steps,147.72192193096234,509.89119495067536,85.79324952674514,325.9906033650447,1.0,0.0,1.0,3.0000000000000018
ppo_track_v5_960252_steps,144.34454363689423,509.74127455873264,84.51760269746576,340.7778439684817,1.0,0.0,1.0,3.040000000000002
ppo_track_v5_960252_steps,141.06093717026724,509.5888759700401,82.17852805595723,340.7778439684817,0.0,0.0,1.0,3.080000000000002
ppo_track_v5_960252_steps,137.8709760679022,509.43469674518326,79.8421218248055,342.7167482527331,0.0,0.0,1.0,3.120000000000002
ppo_track_v5_960252_steps,134.7745370011019,509.27938954750175,77.50828673462443,345.36938618281954,0.0,0.0,1.0,3.160000000000002
ppo_track_v5_960252_steps,131.77149961408375,509.1235648834264,75.17693659695007,348.7605843889425,0.0,0.0,1.0,3.200000000000002
ppo_track_v5_960252_steps,128.81923129630073,508.9645747548693,73.913657741499,350.6388301073995,1.0,0.0,1.0,3.240000000000002
ppo_track_v5_960252_steps,125.91765220627292,508.80294568440416,72.65193206354667,354.6109919425781,1.0,0.0,1.0,3.280000000000002
ppo_track_v5_960252_steps,123.06668499628852,508.6391682160765,71.39168846729538,356.6621490587106,1.0,0.0,1.0,3.320000000000002
ppo_track_v5_960252_steps,120.26625467974604,508.47369925576334,70.13286468659537,360.826235444619,1.0,0.0,1.0,3.360000000000002
ppo_track_v5_960252_steps,117.51886290287072,508.2928619262724,68.83342082238984,362.92367077726976,1.0,0.0,1.0,3.400000000000002
ppo_track_v5_960252_steps,114.82876913643334,508.0850303324672,67.45275403758941,365.0255010705461,1.0,0.0,1.0,3.440000000000002
ppo_track_v5_960252_steps,112.19535897833558,507.8530824266177,66.09013207261174,369.2345200607248,1.0,0.0,1.0,3.480000000000002
ppo_track_v5_960252_steps,109.61804944061342,507.5997006550279,64.74337212896594,371.339985256244,1.0,0.0,1.0,3.5200000000000022
ppo_track_v5_960252_steps,107.09628784771856,507.327384028068,63.410556478783484,373.44571359025576,1.0,0.0,1.0,3.5600000000000023
ppo_track_v5_960252_steps,104.62955070526142,507.0384595714391,62.09000257497161,375.5516815715444,1.0,0.0,1.0,3.6000000000000023
ppo_track_v5_960252_steps,102.2228110543175,506.7233476927688,60.68201568167017,377.6578954701085,1.0,0.0,1.0,3.6400000000000015
ppo_track_v5_960252_steps,99.8751542656594,506.3852378843963,59.296978421386335,379.76435808082897,1.0,0.0,1.0,3.6800000000000015
ppo_track_v5_960252_steps,97.62648266056604,506.0390375414845,56.879140865663366,381.87103929946176,0.0,0.0,1.0,3.7200000000000015
ppo_track_v5_960252_steps,95.43517245075763,505.6754799586034,55.53160446809084,386.0845221953591,1.0,0.0,1.0,3.7600000000000025
ppo_track_v5_960252_steps,93.30658751709744,505.2870323702165,54.09346857944601,388.1909026667931,1.0,0.0,1.0,3.8000000000000025
ppo_track_v5_960252_steps,91.24675763845372,504.8681894246215,52.54955127084877,390.296728154916,1.0,0.0,1.0,3.8400000000000025
ppo_track_v5_960252_steps,89.25387928936463,504.4231578558776,51.049101433367085,390.296728154916,1.0,0.0,1.0,3.8800000000000026
ppo_track_v5_960252_steps,87.33413858864388,503.9481493845911,49.44085738155825,392.40179217942256,1.0,0.0,1.0,3.9200000000000026
ppo_track_v5_960252_steps,85.48524114067817,503.4476766510677,47.88589778117444,394.5059257874741,1.0,0.0,1.0,3.960000000000002
ppo_track_v5_960252_steps,83.70501640164304,502.9259468928409,46.37754078007547,396.6089953920204,1.0,0.0,1.0,4.000000000000003
ppo_track_v5_960252_steps,81.99936642869051,502.3804356875747,44.76902043617881,398.71085915213945,1.0,0.0,1.0,4.040000000000003
ppo_track_v5_960252_steps,80.29812555527329,501.78540990516143,45.057436893937506,400.8113134997613,1.0,0.0,0.0,4.080000000000003
ppo_track_v5_960252_steps,78.68426272353429,501.1651449496901,43.223849425508604,402.9100037737304,1.0,0.0,1.0,4.120000000000003
ppo_track_v5_960252_steps,77.16295676112397,500.5217757069109,41.29388433699553,402.9100037737304,1.0,0.0,1.0,4.160000000000003
ppo_track_v5_960252_steps,75.72962894975616,499.8604127319717,39.463825203127485,405.0063384054607,1.0,0.0,1.0,4.200000000000003
ppo_track_v5_960252_steps,74.38866065483711,499.1839262937257,37.54855081348824,407.0993412949658,1.0,0.0,1.0,4.240000000000003
ppo_track_v5_960252_steps,73.14364519659415,498.49624878409855,35.55773341088144,409.1874754023045,1.0,0.0,1.0,4.280000000000003
ppo_track_v5_960252_steps,71.997290566572,497.8021738325,33.50250901247707,409.1874754023045,1.0,0.0,1.0,4.320000000000003
ppo_track_v5_960252_steps,70.95135424601807,497.10715752197024,31.3949683324846,411.268441824224,1.0,0.0,1.0,4.360000000000003
ppo_track_v5_960252_steps,70.00660771425876,496.4171268337839,29.24773880052669,411.268441824224,1.0,0.0,1.0,4.400000000000003
ppo_track_v5_960252_steps,69.09918931246352,495.689926507584,29.071339734585216,413.3389217263451,1.0,0.0,0.0,4.440000000000003
ppo_track_v5_960252_steps,68.23340263545528,494.9286967485517,28.821187043143404,413.3389217263451,1.0,0.0,0.0,4.480000000000003
ppo_track_v5_960252_steps,67.41304548174396,494.137031663614,28.501309907997996,415.394340854812,1.0,0.0,0.0,4.520000000000003
ppo_track_v5_960252_steps,66.63584289026058,493.3149087086807,28.28349807348739,415.394340854812,1.0,0.0,0.0,4.560000000000003
ppo_track_v5_960252_steps,65.89963544167145,492.4623077398284,28.161696276214574,417.4286487324947,1.0,0.0,0.0,4.600000000000003
ppo_track_v5_960252_steps,65.20237338887911,491.5792108903679,28.12954869651328,419.43424150966274,1.0,0.0,0.0,4.640000000000003
ppo_track_v5_960252_steps,64.54211108569373,490.66560245415775,28.18051946516065,419.43424150966274,1.0,0.0,0.0,4.680000000000003
ppo_track_v5_960252_steps,63.917001698527976,489.72146877484585,28.308017308858133,447.06446000120826,1.0,0.0,0.0,4.720000000000003
ppo_track_v5_960252_steps,63.3252921867378,488.74679814073886,28.50551472230326,449.0262093399718,1.0,0.0,0.0,4.760000000000003
ppo_track_v5_960252_steps,62.76531853796188,487.7415806850127,28.766654096150486,449.0262093399718,1.0,0.0,0.0,4.800000000000003
ppo_track_v5_960252_steps,62.2355012455058,486.70580829099305,29.085335819775242,451.0296608812852,1.0,0.0,0.0,4.840000000000003
ppo_track_v5_960252_steps,61.73434101547511,485.63947450224913,29.455785989145234,451.0296608812852,1.0,0.0,0.0,4.8800000000000034
ppo_track_v5_960252_steps,61.26725075271466,484.54538201520745,29.740667483333066,451.0296608812852,1.0,0.0,0.0,4.920000000000004
ppo_track_v5_960252_steps,60.839129120100765,483.4269762170168,29.938683815199532,453.0649826457389,1.0,0.0,0.0,4.960000000000004
ppo_track_v5_960252_steps,60.44828868224548,482.28396060974137,30.199761240138404,453.0649826457389,1.0,0.0,0.0,5.000000000000004
ppo_track_v5_960252_steps,60.09312749174176,481.11605498283166,30.51785363323658,455.1235882170324,1.0,0.0,0.0,5.040000000000004
ppo_track_v5_960252_steps,59.772124746560976,479.9229945847452,30.887253397395067,455.1235882170324,1.0,0.0,0.0,5.080000000000004
ppo_track_v5_960252_steps,59.490317716759726,478.7085632714373,31.16747720770121,455.1235882170324,1.0,0.0,0.0,5.120000000000004
ppo_track_v5_960252_steps,59.252098214658574,477.4771157572684,31.356932161545732,457.1984008723572,1.0,0.0,0.0,5.160000000000004
ppo_track_v5_960252_steps,59.05579476187504,476.2280570060059,31.60975729185759,457.1984008723572,1.0,0.0,0.0,5.200000000000004
ppo_track_v5_960252_steps,58.89982035691404,474.9608233768251,31.91991038060772,459.2838232736565,1.0,0.0,0.0,5.240000000000004
ppo_track_v5_960252_steps,58.78838018199335,473.6801634538883,32.137485422038736,459.2838232736565,1.0,0.0,0.0,5.280000000000004
ppo_track_v5_960252_steps,58.72492246644391,472.3912584158179,32.261655634301555,459.2838232736565,1.0,0.0,0.0,5.320000000000004
ppo_track_v5_960252_steps,58.70778799405088,471.0931790719264,32.45481063322951,461.3754715848512,1.0,0.0,0.0,5.360000000000004
ppo_track_v5_960252_steps,58.73540121414896,469.7850445128472,32.71064920807112,461.3754715848512,1.0,0.0,0.0,5.400000000000004
ppo_track_v5_960252_steps,58.80626599191055,468.4660196569808,33.023177344863434,463.4698584165016,1.0,0.0,0.0,5.440000000000004
ppo_track_v5_960252_steps,58.91896157451895,467.1353129215823,33.38675551373571,463.4698584165016,1.0,0.0,0.0,5.480000000000004
ppo_track_v5_960252_steps,59.07213876225951,465.792174012158,33.796129409053144,465.5640164887556,1.0,0.0,0.0,5.520000000000004
ppo_track_v5_960252_steps,59.26974986803631,464.4421385608552,34.110536027200396,467.6551754607351,1.0,0.0,0.0,5.560000000000004
ppo_track_v5_960252_steps,59.510422886331824,463.0842832221338,34.47548606101862,467.6551754607351,1.0,0.0,0.0,5.600000000000004
ppo_track_v5_960252_steps,59.7928548013188,461.7177325753592,34.885781996425166,469.7404964788325,1.0,0.0,0.0,5.640000000000004
ppo_track_v5_960252_steps,60.1206167928742,460.3484648534933,35.19873947718407,469.7404964788325,1.0,0.0,0.0,5.680000000000004
ppo_track_v5_960252_steps,60.48739928159771,458.9686561389623,35.69314957672115,471.81695165118776,1.0,0.0,0.0,5.720000000000004
ppo_track_v5_960252_steps,60.88599493598178,457.5715671638413,36.32093146604976,473.88132774304313,1.0,0.0,0.0,5.760000000000004
ppo_track_v5_960252_steps,61.308480887971776,456.15165025070286,37.03594891998189,475.9304704115636,1.0,0.0,0.0,5.800000000000004
ppo_track_v5_960252_steps,61.75429979238275,454.7086703886975,37.756997511084194,475.9304704115636,1.0,0.0,0.0,5.840000000000004
ppo_track_v5_960252_steps,62.22292209213962,453.2424056212631,38.483269319673035,477.9616644289837,1.0,0.0,0.0,5.880000000000004
ppo_track_v5_960252_steps,62.7056828897842,451.7485973894494,39.2469825366941,479.9731768921646,1.0,0.0,0.0,5.920000000000004
ppo_track_v5_960252_steps,63.193609425721625,450.2243370322088,40.0112635792029,483.9383140827056,1.0,0.0,0.0,5.960000000000004
ppo_track_v5_960252_steps,63.68685233479271,448.669692123085,40.77537063606457,485.8975513528115,1.0,0.0,0.0,6.000000000000004
ppo_track_v5_960252_steps,64.17620341449158,447.08307282950494,41.50922534481646,487.8481988111333,1.0,0.0,0.0,6.0400000000000045
ppo_track_v5_960252_steps,64.65255194911734,445.4642468311661,42.186383609953495,491.75129508953256,1.0,0.0,0.0,6.0800000000000045
ppo_track_v5_960252_steps,65.11671876830059,443.8133250728048,42.873312563451336,493.7170975417724,1.0,0.0,0.0,6.1200000000000045
ppo_track_v5_960252_steps,65.56948287528641,442.1304140832896,43.56880144672051,495.6992604371584,1.0,0.0,0.0,6.160000000000005
ppo_track_v5_960252_steps,66.0115835718174,440.4156161989708,44.27178002080775,497.7005875443321,1.0,0.0,0.0,6.200000000000005
ppo_track_v5_960252_steps,66.4437224750724,438.6690297756858,44.98130282204786,499.7218942563138,1.0,0.0,0.0,6.240000000000005
ppo_track_v5_960252_steps,66.8564163060401,436.8914591329028,45.621223050535214,501.7622999086613,1.0,0.0,0.0,6.280000000000005
ppo_track_v5_960252_steps,67.25068488508803,435.082950094336,46.27467351993525,503.81969568892913,1.0,0.0,0.0,6.320000000000005
ppo_track_v5_960252_steps,67.62749620010054,433.2435473783943,46.9400489889433,505.89126272170864,1.0,0.0,0.0,6.360000000000005
ppo_track_v5_960252_steps,67.98776903958935,431.3732946533534,47.61592285147458,507.9739466669427,1.0,0.0,0.0,6.400000000000005
ppo_track_v5_960252_steps,68.33237549204223,429.47223458972496,48.30102853844799,510.0647997884872,1.0,0.0,0.0,6.440000000000005
ppo_track_v5_960252_steps,68.66214331830459,427.5404089099665,48.99424249473052,512.1612180491213,1.0,0.0,0.0,6.480000000000005
ppo_track_v5_960252_steps,68.9778582034442,425.5778584356671,49.69456869764238,512.1612180491213,1.0,0.0,0.0,6.520000000000005
ppo_track_v5_960252_steps,69.28026589422109,423.5846231323364,50.40112465191656,514.2610591049371,1.0,0.0,0.0,6.560000000000005
ppo_track_v5_960252_steps,69.57007422797402,421.5607421519194,51.113128775823526,516.3626775800581,1.0,0.0,0.0,6.600000000000005
ppo_track_v5_960252_steps,69.84795505843942,419.5062538731522,51.82988908156551,518.4648873784496,1.0,0.0,0.0,6.640000000000005
ppo_track_v5_960252_steps,70.11454608373883,417.4211959398685,52.550793047771286,520.5668887578513,1.0,0.0,0.0,6.680000000000005
ppo_track_v5_960252_steps,70.37045258150442,415.3056052973607,53.27529858119796,522.6681915115336,1.0,0.0,0.0,6.720000000000005
ppo_track_v5_960252_steps,70.61624905586024,413.1595182268949,54.002925967177475,524.7685338231288,1.0,0.0,0.0,6.760000000000005
ppo_track_v5_960252_steps,70.8524808007367,410.9829703784732,54.73325071287094,526.867818649792,1.0,0.0,0.0,6.800000000000005
ppo_track_v5_960252_steps,71.07966538376881,408.77599680193225,55.4658971932147,528.9660659303992,1.0,0.0,0.0,6.840000000000005
ppo_track_v5_960252_steps,71.29829405481217,406.5386319764634,56.200533015973676,531.0633749996499,1.0,0.0,0.0,6.880000000000005
ppo_track_v5_960252_steps,71.50883308290653,404.27090983863326,56.936864029137126,533.159907542084,1.0,0.0,0.0,6.920000000000005
ppo_track_v5_960252_steps,71.71172502532143,401.9728638089818,57.6746299007068,535.2558852765278,1.0,0.0,0.0,6.960000000000005
ppo_track_v5_960252_steps,71.90738993213436,399.6445268172705,58.4136002075364,537.3515835420523,1.0,0.0,0.0,7.000000000000005
ppo_track_v5_960252_steps,72.09622648961644,397.285931326448,59.15357097615768,541.5434485504261,1.0,0.0,0.0,7.040000000000005
ppo_track_v5_960252_steps,72.27861310553389,394.8971093553994,59.89436162439531,543.6403207706378,1.0,0.0,0.0,7.080000000000005
ppo_track_v5_960252_steps,72.45490893931631,392.4780925005409,60.63581225799161,545.7382705259677,1.0,0.0,0.0,7.120000000000005
ppo_track_v5_960252_steps,72.62545487989235,390.0289119563178,61.37778128142095,547.8375645410235,1.0,0.0,0.0,7.1600000000000055
ppo_track_v5_960252_steps,72.79057447385134,387.549598534662,62.120143286577836,549.9383757237719,1.0,0.0,0.0,7.2000000000000055
ppo_track_v5_960252_steps,72.95057480645427,385.040182683462,62.86278718708931,554.1446081508853,1.0,0.0,0.0,7.240000000000005
ppo_track_v5_960252_steps,73.10574733788937,382.50069450409546,63.60561456965758,556.2497254312783,1.0,0.0,0.0,7.280000000000006
ppo_track_v5_960252_steps,73.25636869704596,379.93116376807177,64.34853823711057,558.3557914770288,1.0,0.0,0.0,7.320000000000006
ppo_track_v5_960252_steps,73.40270143496447,377.33161993282977,65.0914809207567,562.5692646457121,1.0,0.0,0.0,7.360000000000006
ppo_track_v5_960252_steps,73.54499474001133,374.7020921567339,65.83437414224068,564.675946781556,1.0,0.0,0.0,7.400000000000006
ppo_track_v5_960252_steps,73.68348511672282,372.0426093133094,66.57715720740264,566.7822056290873,1.0,0.0,0.0,7.440000000000006
ppo_track_v5_960252_steps,73.8183970301637,369.3532000047551,67.31977631669163,570.9928176000643,1.0,0.0,0.0,7.480000000000006
ppo_track_v5_960252_steps,73.94994351755236,366.63389257477,68.06218377849484,573.0970752779331,1.0,0.0,0.0,7.520000000000006
ppo_track_v5_960252_steps,74.0783267688155,363.8847151207301,68.80433731334723,575.2006787776779,1.0,0.0,0.0,7.560000000000006
ppo_track_v5_960252_steps,74.20373867765053,361.1056955052463,69.546199438402,579.4062401620735,1.0,0.0,0.0,7.600000000000006
ppo_track_v5_960252_steps,74.32636136459398,358.29686136713644,70.28773692279255,581.5083618724974,1.0,0.0,0.0,7.640000000000006
ppo_track_v5_960252_steps,74.44636767351803,355.4582401318411,71.02892030562033,583.6101314102744,1.0,0.0,0.0,7.680000000000006
ppo_track_v5_960252_steps,74.56392164290504,352.58985902131,71.76972346927606,587.81278046638,1.0,0.0,0.0,7.720000000000006
ppo_track_v5_960252_steps,74.6791789531813,349.6917450633881,72.51012326165998,589.9137123239627,1.0,0.0,0.0,7.760000000000006
ppo_track_v5_960252_steps,74.79228735132618,346.76392510072486,73.2500991616243,592.0144030457795,1.0,0.0,0.0,7.800000000000006
ppo_track_v5_960252_steps,74.90338705391112,343.8064257992318,73.98963298262717,596.2151184232981,1.0,0.0,0.0,7.840000000000006
ppo_track_v5_960252_steps,75.01261112966428,340.81927365611165,74.72870861017644,598.315177171302,1.0,0.0,0.0,7.880000000000006
ppo_track_v5_960252_steps,75.12008586260083,337.80249500747965,75.4673117691593,602.5147951746736,1.0,0.0,0.0,7.920000000000006
ppo_track_v5_960252_steps,75.22593109670625,334.75611603559906,76.20542981761119,604.6143957992869,1.0,0.0,0.0,7.960000000000006
ppo_track_v5_960252_steps,75.33026056310962,331.6801627757495,76.94305156387988,608.8132735024383,1.0,0.0,0.0,8.000000000000005
ppo_track_v5_960252_steps,75.43318219063663,328.5746611227474,77.68016710449619,610.9125800263946,1.0,0.0,0.0,8.040000000000004
ppo_track_v5_960252_steps,75.53479840058634,325.4396368371355,78.41676768037597,615.1109927528587,1.0,0.0,0.0,8.080000000000004
ppo_track_v5_960252_steps,75.63520638653337,322.2751155510594,79.15284554925374,617.2101257181741,1.0,0.0,0.0,8.120000000000003
ppo_track_v5_960252_steps,75.73449837991605,319.08112277384583,79.88839387249274,621.40832219435,1.0,0.0,0.0,8.160000000000002
ppo_track_v5_960252_steps,75.8327619021327,315.8576838972982,80.62340661463105,623.5074182201271,1.0,0.0,0.0,8.200000000000001
ppo_track_v5_960252_steps,75.93008000383146,312.6048242007244,81.35787845421235,627.705665526561,1.0,0.0,0.0,8.24
ppo_track_v5_960252_steps,76.02653149204407,309.3225688557094,82.09180470461885,629.8048258944525,1.0,0.0,0.0,8.28
ppo_track_v5_960252_steps,76.12219114578133,306.01094293064654,82.82518124377026,634.0032043067732,1.0,0.0,0.0,8.319999999999999
ppo_track_v5_960252_steps,76.21712992067624,302.6699713950393,83.55800445168462,638.2016100528854,1.0,0.0,0.0,8.359999999999998
ppo_track_v5_960252_steps,76.3114151432313,299.29967912358507,84.29027115501104,640.3008046340007,1.0,0.0,0.0,8.399999999999997
ppo_track_v5_960252_steps,76.405110695198,295.9000909000525,85.02197857774736,644.499151385369,1.0,0.0,0.0,8.439999999999996
ppo_track_v5_960252_steps,76.49827718858984,292.4712314209624,85.7531242974447,646.5982966321367,1.0,0.0,0.0,8.479999999999995
ppo_track_v5_960252_steps,76.59097213180459,289.0131252990828,86.48370620628177,650.7965262051033,1.0,0.0,0.0,8.519999999999994
ppo_track_v5_960252_steps,76.68325008730767,285.5257970667464,87.21372247646117,654.9947030381005,1.0,0.0,0.0,8.559999999999993
ppo_track_v5_960252_steps,76.77516282130507,282.0092711790015,87.94317152944267,657.0937965453777,1.0,0.0,0.0,8.599999999999993
ppo_track_v5_960252_steps,76.88407700723347,278.46520264097035,88.64354214407828,661.2920713635433,1.0,0.0,0.0,8.639999999999992
ppo_track_v5_960252_steps,77.00928142037243,274.89354016358266,89.34640800505346,665.4905628084108,1.0,0.0,0.0,8.67999999999999
ppo_track_v5_960252_steps,77.15010084425808,271.29423622361725,90.05144003010842,669.689331074947,1.0,0.0,0.0,8.71999999999999
ppo_track_v5_960252_steps,77.30589424156125,267.667246871469,90.75834446223203,671.788814451988,1.0,0.0,0.0,8.75999999999999
ppo_track_v5_960252_steps,77.47605301788492,264.0125315486813,91.46685909312663,675.9879338811243,1.0,0.0,0.0,8.799999999999988
ppo_track_v5_960252_steps,77.6599993737607,260.3300529147492,92.1767498857708,680.1871891665776,1.0,0.0,0.0,8.839999999999987
ppo_track_v5_960252_steps,77.85718474036372,256.61977668272124,92.88780795519634,684.3865173576909,1.0,0.0,0.0,8.879999999999987
ppo_track_v5_960252_steps,78.06708829469326,252.88167146315348,93.59984687046753,686.4861979338451,1.0,0.0,0.0,8.919999999999986
ppo_track_v5_960252_steps,78.28921555018206,249.1157086159918,94.31270024442992,690.6855782415486,1.0,0.0,0.0,8.959999999999985
ppo_track_v5_960252_steps,78.52309701890256,245.3218621099789,95.02621958108845,694.8849709058479,1.0,0.0,0.0,8.999999999999984
ppo_track_v5_960252_steps,78.76828694173307,241.5001083892043,95.74027235348737,699.0843636174847,1.0,0.0,0.0,9.039999999999983
ppo_track_v5_960252_steps,79.0243620830313,237.6504262464345,96.45474028771106,703.2837540734287,1.0,0.0,0.0,9.079999999999982
ppo_track_v5_960252_steps,79.2909205865386,233.77279670287837,97.16951783111938,705.3834496960533,1.0,0.0,0.0,9.11999999999998
ppo_track_v5_960252_steps,79.56758088940393,229.86720289406145,97.88451078519329,709.5828417658041,1.0,0.0,0.0,9.15999999999998
ppo_track_v5_960252_steps,79.85398069137555,225.93362996149853,98.59963508540653,713.7822350801101,1.0,0.0,0.0,9.19999999999998
ppo_track_v5_960252_steps,80.14977597635759,221.97206494987017,99.31481571238447,717.9816366784579,1.0,0.0,0.0,9.23999999999998
ppo_track_v5_960252_steps,80.45464008367145,217.98249670942275,100.02998572026763,722.181081068368,1.0,0.0,0.0,9.279999999999978
ppo_track_v5_960252_steps,80.76826282649715,213.96491580332813,100.74508536968936,726.3806315999047,1.0,0.0,0.0,9.319999999999975
ppo_track_v5_960252_steps,81.08411173686986,209.99900665570897,99.46166315895586,730.5803654360716,1.0,0.0,1.0,9.359999999999976
ppo_track_v5_960252_steps,81.42054487287454,206.0885960536457,98.12141181888697,734.7803546524123,1.0,0.0,1.0,9.399999999999975
ppo_track_v5_960252_steps,81.80034471961099,202.16029982686848,98.66534082725448,736.8804590978538,1.0,0.0,0.0,9.439999999999976
ppo_track_v5_960252_steps,82.22169668849831,198.21363532820445,99.22732154849136,741.0808873827541,1.0,0.0,0.0,9.479999999999974
ppo_track_v5_960252_steps,82.68287806130331,194.24814554194668,99.80542790705628,745.2815480748149,1.0,0.0,0.0,9.519999999999971
ppo_track_v5_960252_steps,83.18225332337536,190.26339778088533,100.39792817724461,749.4823137191828,1.0,0.0,0.0,9.559999999999972
ppo_track_v5_960252_steps,83.69980051156088,186.25282953995455,101.09560050751801,753.6830402667822,1.0,0.0,0.0,9.599999999999971
ppo_track_v5_960252_steps,84.22459802492526,182.2956133480556,99.79658191623183,757.8836240703558,1.0,0.0,1.0,9.63999999999997
ppo_track_v5_960252_steps,84.74813410045374,178.43349259364928,97.43609041313864,762.0840228821218,0.0,0.0,1.0,9.67999999999997
ppo_track_v5_960252_steps,85.27675628856151,174.6242224474583,96.1443591182745,766.2842391280473,1.0,0.0,1.0,9.719999999999969
ppo_track_v5_960252_steps,85.80948038583975,170.86758686166525,94.85550158091561,768.3842873508505,1.0,0.0,1.0,9.759999999999968
ppo_track_v5_960252_steps,86.33790343008927,167.20535047757886,92.5040750677368,772.584290096434,0.0,0.0,1.0,9.799999999999969
ppo_track_v5_960252_steps,86.86865929307379,163.5953143064177,91.22110139375823,776.7842137671935,1.0,0.0,1.0,9.839999999999966
ppo_track_v5_960252_steps,87.40094292008119,160.03729277305243,89.94040767179875,780.9841285635437,1.0,0.0,1.0,9.879999999999963
ppo_track_v5_960252_steps,87.93400252984263,156.5311094273524,88.66183720048068,783.0841096146559,1.0,0.0,1.0,9.919999999999964
ppo_track_v5_960252_steps,88.46713624076233,153.07659641970145,87.38525216587087,787.2841753115539,1.0,0.0,1.0,9.959999999999964
ppo_track_v5_960252_steps,88.99968890419768,149.67359400297207,86.110531395694,791.4844475417289,1.0,0.0,1.0,9.999999999999964
ppo_track_v5_960252_steps,89.53104913254396,146.32195006002138,84.83756837549261,793.5846774703643,1.0,0.0,1.0,10.039999999999962
ppo_track_v5_960252_steps,90.0606465105551,143.0215196557562,83.5662694968572,797.7853148651571,1.0,0.0,1.0,10.07999999999996
ppo_track_v5_960252_steps,90.5802737198,139.8141055714526,81.23083445025935,799.8856921696095,0.0,0.0,1.0,10.11999999999996
ppo_track_v5_960252_steps,91.0894298098662,136.69954024155516,78.89770718409164,804.0863905175548,0.0,0.0,1.0,10.15999999999996
ppo_track_v5_960252_steps,91.58764673562884,133.6776620453057,76.56683329812341,806.1865983321042,0.0,0.0,1.0,10.199999999999958
ppo_track_v5_960252_steps,92.08220703639792,130.70638119899647,75.3039663577765,810.3863620693899,1.0,0.0,1.0,10.239999999999958
ppo_track_v5_960252_steps,92.57270430013568,127.7855821228215,74.0424490120312,812.4857605016447,1.0,0.0,1.0,10.279999999999957
ppo_track_v5_960252_steps,93.07315521647136,124.91934930296028,72.73986912841745,816.683271236177,1.0,0.0,1.0,10.319999999999956
ppo_track_v5_960252_steps,93.5818769805222,122.10722555530626,71.44419940300716,818.7813256468773,1.0,0.0,1.0,10.359999999999957
ppo_track_v5_960252_steps,94.09730176369362,119.34877955102108,70.15468206784297,820.8789318936417,1.0,0.0,1.0,10.399999999999954
ppo_track_v5_960252_steps,94.60744199654302,116.6848918086496,67.80736022516557,825.0730933603063,0.0,0.0,1.0,10.439999999999952
ppo_track_v5_960252_steps,95.11092525887156,114.11513786885656,65.46530906960831,827.1698758154412,0.0,0.0,1.0,10.479999999999952
ppo_track_v5_960252_steps,95.6294912764676,111.6032719738044,64.12088675566032,829.2666386185292,1.0,0.0,1.0,10.519999999999952
ppo_track_v5_960252_steps,96.16073430190384,109.1484901509368,62.790191062954804,831.3635121074213,1.0,0.0,1.0,10.55999999999995
ppo_track_v5_960252_steps,96.70241539341268,106.75003509803892,61.47156377987723,833.4606066774501,1.0,0.0,1.0,10.59999999999995
ppo_track_v5_960252_steps,97.25245180604132,104.4071939169726,60.16355237453573,837.6557417677283,1.0,0.0,1.0,10.639999999999947
ppo_track_v5_960252_steps,97.80890696764754,102.11929589790248,58.864886034371324,839.7538393725794,1.0,0.0,1.0,10.679999999999948
ppo_track_v5_960252_steps,98.36998102022272,99.88571036028752,57.57445422188016,841.8522708623552,1.0,0.0,1.0,10.719999999999947
ppo_track_v5_960252_steps,98.93400190546862,97.70584455590128,56.29128753704961,843.9509797264947,1.0,0.0,1.0,10.759999999999946
ppo_track_v5_960252_steps,99.50986293455448,95.58502107470365,54.940354949817426,846.0498817425633,1.0,0.0,1.0,10.799999999999946
ppo_track_v5_960252_steps,100.12557286151784,93.45224614612924,55.49677699040753,848.1488626874933,1.0,0.0,0.0,10.839999999999945
ppo_track_v5_960252_steps,100.76573434099244,91.391925926388,53.93703578987757,850.2477810021346,1.0,0.0,1.0,10.879999999999944
ppo_track_v5_960252_steps,101.426272253001,89.40178250701213,52.422449645200224,852.3464629331007,1.0,0.0,1.0,10.919999999999945
ppo_track_v5_960252_steps,102.10339043035906,87.47966710772641,50.94737870023349,854.4447096355678,1.0,0.0,1.0,10.959999999999942
ppo_track_v5_960252_steps,102.82042567454272,85.54827037316191,51.505053682187054,856.5422929415146,1.0,0.0,0.0,10.99999999999994
ppo_track_v5_960252_steps,103.55521480633205,83.69020802260978,49.951919174436014,858.6389636952491,1.0,0.0,1.0,11.03999999999994
ppo_track_v5_960252_steps,104.30385547617968,81.90288863225888,48.44438470861615,860.7344604611285,1.0,0.0,1.0,11.07999999999994
ppo_track_v5_960252_steps,105.06271691357102,80.18387105696951,46.97667044204887,862.8284939747692,1.0,0.0,1.0,11.11999999999994
ppo_track_v5_960252_steps,105.8284252408344,78.53085874857167,45.543653057775316,864.9207494489468,1.0,0.0,1.0,11.159999999999938
ppo_track_v5_960252_steps,106.5978489927035,76.94169399142093,44.14080832482508,864.9207494489468,1.0,0.0,1.0,11.199999999999935
ppo_track_v5_960252_steps,107.37386856508635,75.42236941662748,42.65086121853662,867.0108557505048,1.0,0.0,1.0,11.239999999999936
ppo_track_v5_960252_steps,108.15762692011089,73.97864034921955,41.0687744760945,869.0983306685823,1.0,0.0,1.0,11.279999999999935
ppo_track_v5_960252_steps,108.94869842482888,72.61581877459544,39.394453685114,871.1825194131193,1.0,0.0,1.0,11.319999999999936
ppo_track_v5_960252_steps,109.74305670194369,71.3298906487794,37.78736740950537,873.262501293931,1.0,0.0,1.0,11.359999999999934
ppo_track_v5_960252_steps,110.53930903647873,70.12547711797878,36.09561723246434,873.262501293931,1.0,0.0,1.0,11.399999999999933
ppo_track_v5_960252_steps,111.37967702857992,68.94026922689689,36.32265225750127,875.3370098728461,1.0,0.0,0.0,11.439999999999932
ppo_track_v5_960252_steps,112.26369088509269,67.78108683502413,36.44502980632611,877.4043416314523,1.0,0.0,0.0,11.479999999999931
ppo_track_v5_960252_steps,113.14139746043452,66.70905610912777,34.63757632312206,879.4623113270999,1.0,0.0,1.0,11.51999999999993
ppo_track_v5_960252_steps,114.06053015361256,65.65742934603232,34.91707816856347,879.4623113270999,1.0,0.0,0.0,11.55999999999993
ppo_track_v5_960252_steps,115.02024710251932,64.63287498521758,35.096013486963635,881.5082335591177,1.0,0.0,0.0,11.599999999999929
ppo_track_v5_960252_steps,116.01881575830578,63.64174689865321,35.17344740972873,883.5389796373714,1.0,0.0,0.0,11.639999999999928
ppo_track_v5_960252_steps,116.9961893245026,62.74550709407801,33.15215750148544,885.551151517952,1.0,0.0,1.0,11.679999999999929
ppo_track_v5_960252_steps,117.9467829048574,61.944453404681546,31.077676557171188,885.551151517952,1.0,0.0,1.0,11.719999999999926
ppo_track_v5_960252_steps,118.92680325560148,61.18735054692533,30.960101593575544,887.5413437854468,1.0,0.0,0.0,11.759999999999923
ppo_track_v5_960252_steps,119.93228503822776,60.47821435358527,30.75983334539292,889.506557272218,1.0,0.0,0.0,11.799999999999924
ppo_track_v5_960252_steps,120.95885411451964,59.82044158643065,30.480619678832504,891.4447132357195,1.0,0.0,0.0,11.839999999999923
ppo_track_v5_960252_steps,122.00182355763592,59.216780163978285,30.1267361764378,893.3552060050152,1.0,0.0,0.0,11.879999999999924
ppo_track_v5_960252_steps,123.05628986748243,58.6693140667328,29.702886288988868,895.2394076392692,1.0,0.0,0.0,11.919999999999922
ppo_track_v5_960252_steps,124.11722719944215,58.1794623248984,29.214109939847717,898.9457814576047,1.0,0.0,0.0,11.95999999999992
ppo_track_v5_960252_steps,125.17957759954994,57.7479911815796,28.665699452110612,900.7815247601168,1.0,0.0,0.0,11.99999999999992
ppo_track_v5_960252_steps,126.23833546444908,57.37503825419131,28.063121958956863,902.6168624050335,1.0,0.0,0.0,12.03999999999992
ppo_track_v5_960252_steps,127.2949570809517,57.058556277081934,27.575012265360833,904.4603823234715,1.0,0.0,0.0,12.079999999999918
ppo_track_v5_960252_steps,128.3508237374711,56.79660124532722,27.196907395545985,906.3196065514104,1.0,0.0,0.0,12.119999999999918
ppo_track_v5_960252_steps,129.40724553475553,56.587327169677565,26.923765669440055,908.2002373342732,1.0,0.0,0.0,12.159999999999917
ppo_track_v5_960252_steps,130.46546500303623,56.42898109795361,26.750022447171595,910.1057967912294,1.0,0.0,0.0,12.199999999999916
ppo_track_v5_960252_steps,131.5266605354236,56.31989838935438,26.669680763863642,912.0376870569944,1.0,0.0,0.0,12.239999999999917
ppo_track_v5_960252_steps,132.59194964688615,56.25849822883016,26.67642768804856,913.9955285920076,1.0,0.0,0.0,12.279999999999914
ppo_track_v5_960252_steps,133.66239206767284,56.24327936932471,26.763765032038847,913.9955285920076,1.0,0.0,0.0,12.319999999999911
ppo_track_v5_960252_steps,134.73899267958865,56.27281609031116,26.925142704637526,915.9776728408189,1.0,0.0,0.0,12.359999999999912
ppo_track_v5_960252_steps,135.822704303107,56.34575436163373,27.15408434255689,917.9817259980872,1.0,0.0,0.0,12.399999999999912
ppo_track_v5_960252_steps,136.91443034289597,56.4608082022259,27.444297360611802,917.9817259980872,1.0,0.0,0.0,12.43999999999991
ppo_track_v5_960252_steps,138.01502729895122,56.616756223805176,27.78976256097505,920.0050062894436,1.0,0.0,0.0,12.47999999999991
ppo_track_v5_960252_steps,139.12530715016285,56.8124383501477,28.184801340620343,920.0050062894436,1.0,0.0,0.0,12.519999999999907
ppo_track_v5_960252_steps,140.24004064284216,57.050709191915765,28.497848095710925,922.0448526372472,1.0,0.0,0.0,12.559999999999908
ppo_track_v5_960252_steps,141.3537571611296,57.3336644557443,28.72747122131766,922.0448526372472,1.0,0.0,0.0,12.599999999999907
ppo_track_v5_960252_steps,142.46760034096283,57.66014925975856,29.01765579471821,924.0988066084948,1.0,0.0,0.0,12.639999999999906
ppo_track_v5_960252_steps,143.5826548479949,58.02906649801361,29.362459901358804,926.16468671096,1.0,0.0,0.0,12.679999999999906
ppo_track_v5_960252_steps,144.69994937398366,58.43937390619079,29.756293735627924,926.16468671096,1.0,0.0,0.0,12.719999999999905
ppo_track_v5_960252_steps,145.82045948096396,58.89008127635612,30.1939566942458,928.2405837817672,1.0,0.0,0.0,12.759999999999904
ppo_track_v5_960252_steps,146.94511030093528,59.38024781320853,30.67065679024531,928.2405837817672,1.0,0.0,0.0,12.799999999999905
ppo_track_v5_960252_steps,148.07477909840466,59.90897962463002,31.1820152530367,930.3248068124252,1.0,0.0,0.0,12.839999999999902
ppo_track_v5_960252_steps,149.21029770275206,60.47542733971535,31.72405942995439,932.4158417672252,1.0,0.0,0.0,12.8799999999999
ppo_track_v5_960252_steps,150.35245481703078,61.07878384780524,32.293207001936906,932.4158417672252,1.0,0.0,0.0,12.9199999999999
ppo_track_v5_960252_steps,151.50199820948043,61.71828215237608,32.88624420515436,934.51231346587,1.0,0.0,0.0,12.9599999999999
ppo_track_v5_960252_steps,152.65963679371046,62.39319333395156,33.50030032247578,934.51231346587,1.0,0.0,0.0,12.9999999999999
ppo_track_v5_960252_steps,153.8260426032097,63.102824616497706,34.13282025413379,936.6129863365936,1.0,0.0,0.0,13.039999999999898
ppo_track_v5_960252_steps,155.0018526655503,63.8465175320446,34.781536547211864,938.7167540587308,1.0,0.0,0.0,13.079999999999895
ppo_track_v5_960252_steps,156.18767078138174,64.62364617854466,35.444441886608246,938.7167540587308,1.0,0.0,0.0,13.119999999999896
ppo_track_v5_960252_steps,157.3840692130511,65.4336155662312,36.11976273705839,940.8226561814364,1.0,0.0,0.0,13.159999999999895
ppo_track_v5_960252_steps,158.59159028744108,66.27586004798138,36.805934576968895,942.9298922005296,1.0,0.0,0.0,13.199999999999894
ppo_track_v5_960252_steps,159.8107479173832,67.14984182941619,37.50157897447489,942.9298922005296,1.0,0.0,0.0,13.239999999999894
ppo_track_v5_960252_steps,161.04202904578264,68.05504955468673,38.2054826157362,945.0378109555912,1.0,0.0,0.0,13.279999999999893
ppo_track_v5_960252_steps,162.28589501638112,68.99099696410208,38.91657829579324,947.1459256288746,1.0,0.0,0.0,13.319999999999892
ppo_track_v5_960252_steps,163.54278287488424,69.95722161994898,39.63392781458677,949.2538950704782,1.0,0.0,0.0,13.359999999999893
ppo_track_v5_960252_steps,164.81310660399123,70.95328369703942,40.35670667737599,949.2538950704782,1.0,0.0,0.0,13.39999999999989
ppo_track_v5_960252_steps,166.09725829568453,71.97876483469781,41.084190473434404,951.3615056639272,1.0,0.0,0.0,13.43999999999989
ppo_track_v5_960252_steps,167.3956092639665,73.03326704706662,41.815742794501,953.4686513234266,1.0,0.0,0.0,13.479999999999889
ppo_track_v5_960252_steps,168.70851110106852,74.11641168876791,42.5508045510904,955.57530470427,1.0,0.0,0.0,13.519999999999888
ppo_track_v5_960252_steps,170.03629668000434,75.22783847310882,43.28888454745277,957.6814955620242,1.0,0.0,0.0,13.559999999999889
ppo_track_v5_960252_steps,171.37928110619282,76.36720454016147,44.02955118252851,957.6814955620242,1.0,0.0,0.0,13.599999999999886
ppo_track_v5_960252_steps,172.73776262073795,77.534183572184,44.77242515308037,959.7872834970292,1.0,0.0,0.0,13.639999999999883
ppo_track_v5_960252_steps,174.1120234578216,78.7284649539776,45.517173045186205,961.892744240214,1.0,0.0,0.0,13.679999999999884
ppo_track_v5_960252_steps,175.5023306585402,79.9497529758968,46.26350171067121,963.9979525972386,1.0,0.0,0.0,13.719999999999883
ppo_track_v5_960252_steps,176.9089368433979,81.19776607734632,47.01115333533631,966.1029761220752,1.0,0.0,0.0,13.759999999999884
ppo_track_v5_960252_steps,178.33208094555667,82.47223612870778,47.75990111567545,968.2078754820516,1.0,0.0,0.0,13.799999999999882
ppo_track_v5_960252_steps,179.77198890683655,83.77290774974385,48.50954546997579,970.3127000015248,1.0,0.0,0.0,13.83999999999988
ppo_track_v5_960252_steps,181.2203240249348,85.10611186135655,49.213233849860146,972.417489640748,1.0,0.0,0.0,13.87999999999988
ppo_track_v5_960252_steps,182.6681587975048,86.4767304628528,49.84238206229774,972.417489640748,1.0,0.0,0.0,13.91999999999988
ppo_track_v5_960252_steps,184.1163871918108,87.88411257740573,50.48570279320159,974.5222789693872,1.0,0.0,0.0,13.959999999999878
ppo_track_v5_960252_steps,185.55560635521573,89.33182221700464,51.0343940452149,976.6270982245588,1.0,0.0,0.0,13.999999999999876
ppo_track_v5_960252_steps,186.98703445779216,90.8191279699957,51.60586700975663,978.731974359952,1.0,0.0,0.0,14.039999999999877
ppo_track_v5_960252_steps,188.41182717817205,92.3453345266558,52.197585849585806,980.8369315553384,1.0,0.0,0.0,14.079999999999876
ppo_track_v5_960252_steps,189.83108087859864,93.9097808460575,52.80727549580687,982.9419897322542,1.0,0.0,0.0,14.119999999999877
ppo_track_v5_960252_steps,191.24583561868536,95.51183841605652,53.43289852813674,985.0471587070192,1.0,0.0,0.0,14.159999999999874
ppo_track_v5_960252_steps,192.6570780160754,97.15090960167132,54.07263318736085,987.15243494734,1.0,0.0,0.0,14.199999999999871
ppo_track_v5_960252_steps,194.0657439617792,98.82642607736412,54.7248527116777,989.2577982391482,1.0,0.0,0.0,14.239999999999872
ppo_track_v5_960252_steps,195.4727211975728,100.53784733896164,55.38810610529005,993.46862926918,1.0,0.0,0.0,14.279999999999871
ppo_track_v5_960252_steps,196.88948792931436,102.27925188617544,56.12328933487895,995.5739867875571,1.0,0.0,0.0,14.31999999999987
ppo_track_v5_960252_steps,198.3164088492321,104.0503568215739,56.86011345778583,997.6792133898643,1.0,0.0,0.0,14.35999999999987
ppo_track_v5_960252_steps,199.76370534603276,105.84374190323132,57.61345980304294,999.7842328685128,1.0,0.0,0.0,14.399999999999867
ppo_track_v5_960252_steps,201.2313034173636,107.65943704218658,58.36626238997066,1001.8889674598609,1.0,0.0,0.0,14.439999999999868
ppo_track_v5_960252_steps,202.7191320513299,109.49746970060376,59.11851495860919,1003.9933484859912,1.0,0.0,0.0,14.479999999999867
ppo_track_v5_960252_steps,204.22712307519456,111.35786501691858,59.87021202684228,1006.0973314721216,1.0,0.0,0.0,14.519999999999866
ppo_track_v5_960252_steps,205.7552110117637,113.24064592462668,60.621348798908926,1008.200907055967,1.0,0.0,0.0,14.559999999999864
ppo_track_v5_960252_steps,207.30333294306723,115.1458332650369,61.371921084902006,1012.4070345922812,1.0,0.0,0.0,14.599999999999865
ppo_track_v5_960252_steps,208.87142838096364,117.07344589429611,62.12192522990164,1014.5097856917106,1.0,0.0,0.0,14.639999999999864
ppo_track_v5_960252_steps,210.45943914431805,119.02350078497662,62.87135805156214,1016.612493077884,1.0,0.0,0.0,14.679999999999865
ppo_track_v5_960252_steps,212.0673092424188,120.9960131225022,63.6202167851204,1018.7152707800576,1.0,0.0,0.0,14.719999999999862
ppo_track_v5_960252_steps,213.6949847643162,122.99099639667529,64.36849903492289,1020.8181960284456,1.0,0.0,0.0,14.75999999999986
ppo_track_v5_960252_steps,215.34241377378208,125.00846248855385,65.11620273168128,1025.024574887343,1.0,0.0,0.0,14.79999999999986
ppo_track_v5_960252_steps,217.00954620960525,127.04842175291444,65.86332609476428,1027.1279776814824,1.0,0.0,0.0,14.83999999999986
ppo_track_v5_960252_steps,218.6963337909514,129.11088309652538,66.60986759892027,1029.2314476098868,1.0,0.0,0.0,14.87999999999986
ppo_track_v5_960252_steps,220.37559345304444,131.1629623726042,66.28981052943296,1031.3349259256452,0.0,0.0,0.0,14.919999999999858
ppo_track_v5_960252_steps,222.08431106787657,133.22798951057115,67.00770929423658,1035.541714566043,1.0,0.0,0.0,14.959999999999855
ppo_track_v5_960252_steps,223.8220348228019,135.3063735218816,67.72815121361405,1037.6449632699796,1.0,0.0,0.0,14.999999999999856
ppo_track_v5_960252_steps,225.58833502153595,137.3985017867987,68.45079012013377,1039.748089415532,1.0,0.0,0.0,15.039999999999855
ppo_track_v5_960252_steps,227.35352065394733,139.47377129749816,68.11123190648517,1041.8510761747823,0.0,0.0,0.0,15.079999999999854
ppo_track_v5_960252_steps,229.1464819903353,141.56355018165664,68.8380624112527,1046.0565152942215,1.0,0.0,0.0,15.119999999999854
ppo_track_v5_960252_steps,230.97562142830748,143.65701664775747,69.49978834605334,1048.1588787976077,1.0,0.0,0.0,15.159999999999853
ppo_track_v5_960252_steps,232.8402288985789,145.75495683873203,70.16994577051163,1050.26092995382,1.0,0.0,0.0,15.199999999999852
ppo_track_v5_960252_steps,234.73962950116183,147.85811618267303,70.84755586424001,1054.463893296546,1.0,0.0,0.0,15.239999999999853
ppo_track_v5_960252_steps,236.6731817194868,149.96720146177148,71.53174511842293,1056.564781989933,1.0,0.0,0.0,15.27999999999985
ppo_track_v5_960252_steps,238.64780011839105,152.07034577751526,72.12113869272494,1058.6653485402885,1.0,0.0,0.0,15.31999999999985
ppo_track_v5_960252_steps,240.66260118931004,154.1687247096909,72.726445922267,1060.7657311928772,1.0,0.0,0.0,15.359999999999848
ppo_track_v5_960252_steps,242.7167453437918,156.2634534196087,73.34591235860375,1064.9667811226657,1.0,0.0,0.0,15.399999999999848
ppo_track_v5_960252_steps,244.80943468312464,158.35558971992052,73.97796534289625,1067.0679247335352,1.0,0.0,0.0,15.439999999999849
ppo_track_v5_960252_steps,246.911091893952,160.40842733600448,73.44685710528972,1069.1697514048617,0.0,0.0,0.0,15.479999999999846
ppo_track_v5_960252_steps,249.05569914513785,162.44765095975885,73.98383797119492,1071.2723518575465,1.0,0.0,0.0,15.519999999999843
ppo_track_v5_960252_steps,251.2071877740377,164.45088876158303,73.49262297563867,1075.4794758745832,0.0,0.0,0.0,15.559999999999844
ppo_track_v5_960252_steps,253.3676730215268,166.4078463592433,72.87566270564143,1077.583391673763,0.0,0.0,0.0,15.599999999999843
ppo_track_v5_960252_steps,255.5132795596529,168.28848565558616,71.32860391963281,1079.6868589862454,1.0,0.0,1.0,15.639999999999842
ppo_track_v5_960252_steps,257.64178723820686,170.09660303978168,69.82045461706366,1083.8894947004717,1.0,0.0,1.0,15.679999999999842
ppo_track_v5_960252_steps,259.7144228194434,171.81456791061078,67.30166022288508,1085.9868931175629,0.0,0.0,1.0,15.71999999999984
ppo_track_v5_960252_steps,261.7292890449876,173.4457915614014,64.81018682341391,1088.080331013119,0.0,0.0,1.0,15.75999999999984
ppo_track_v5_960252_steps,263.6811841737771,175.00372339745743,62.43519740293404,1092.250828011435,0.0,0.0,1.0,15.79999999999984
ppo_track_v5_960252_steps,265.59820547890035,176.5247982159898,61.179241209077375,1094.3255099570467,1.0,0.0,1.0,15.839999999999838
ppo_track_v5_960252_steps,267.5426109743313,178.0592523258617,61.92365332591499,1098.4480978017582,1.0,0.0,0.0,15.879999999999836
ppo_track_v5_960252_steps,269.44338415080495,179.5679398805893,60.668550368948964,1102.5301811910715,1.0,0.0,1.0,15.919999999999837
ppo_track_v5_960252_steps,271.2916723713316,181.0590497964141,59.36948988752817,1106.5734992281057,1.0,0.0,1.0,15.959999999999836
ppo_track_v5_960252_steps,273.0785343550817,182.53834348771167,57.993456387790886,1110.5915921362289,1.0,0.0,1.0,15.999999999999837
ppo_track_v5_960252_steps,274.7952483612794,184.009288142881,56.517614276693614,1114.6068529989243,1.0,0.0,1.0,16.039999999999836
ppo_track_v5_960252_steps,276.4335872833684,185.47323565997752,54.92777505759827,1116.6204351447102,1.0,0.0,1.0,16.079999999999835
ppo_track_v5_960252_steps,278.0453629590571,186.9832325608082,55.214985903172256,1120.6684250251603,1.0,0.0,0.0,16.119999999999834
ppo_track_v5_960252_steps,279.6208641261241,188.53914626142932,55.35720013698597,1122.7039756967736,1.0,0.0,0.0,16.159999999999833
ppo_track_v5_960252_steps,281.1507753612687,190.13938956198143,55.34780375263001,1124.7468604244332,1.0,0.0,0.0,16.199999999999832
ppo_track_v5_960252_steps,282.6263716255834,191.7810312928899,55.18362476722389,1128.8513944210658,1.0,0.0,0.0,16.23999999999983
ppo_track_v5_960252_steps,284.0506977593497,193.4634657899705,55.1094976631563,1130.9113875094204,1.0,0.0,0.0,16.27999999999983
ppo_track_v5_960252_steps,285.4266436964511,195.1861169588788,55.11779585332879,1132.9757076441765,1.0,0.0,0.0,16.31999999999983
ppo_track_v5_960252_steps,286.7569523338008,196.94843677392012,55.20129188419616,1135.0440402751872,1.0,0.0,0.0,16.35999999999983
ppo_track_v5_960252_steps,288.04422700100235,198.74990385312063,55.353182531935694,1137.1162662983809,1.0,0.0,0.0,16.399999999999828
ppo_track_v5_960252_steps,289.2795172526656,200.58743582641716,55.353781254880886,1139.1923593091956,1.0,0.0,0.0,16.439999999999827
ppo_track_v5_960252_steps,290.4546751661561,202.45671808059805,55.19970712917704,1141.2722719889364,1.0,0.0,0.0,16.479999999999826
ppo_track_v5_960252_steps,291.57278738469034,204.35766156715465,55.1348408014244,1143.3558350552712,1.0,0.0,0.0,16.519999999999825
ppo_track_v5_960252_steps,292.636783724473,206.29018054214976,55.15159675718342,1143.3558350552712,1.0,0.0,0.0,16.559999999999825
ppo_track_v5_960252_steps,293.64944514152967,208.254192399321,55.242792067746365,1145.4426875959484,1.0,0.0,0.0,16.599999999999824
ppo_track_v5_960252_steps,294.6134112938244,210.2496175116612,55.40167033654963,1147.5322384969818,1.0,0.0,0.0,16.639999999999823
ppo_track_v5_960252_steps,295.5311877192213,212.27637908104597,55.62191579174016,1149.6236646150371,1.0,0.0,0.0,16.679999999999822
ppo_track_v5_960252_steps,296.4051526488067,214.33440299549957,55.897658328681345,1151.7159167013092,1.0,0.0,0.0,16.71999999999982
ppo_track_v5_960252_steps,297.23756347409284,216.42361769371053,56.223470617674245,1153.807738847588,1.0,0.0,0.0,16.75999999999982
ppo_track_v5_960252_steps,298.0305628856896,218.54395403642937,56.59435855855602,1155.8976689554763,1.0,0.0,0.0,16.79999999999982
ppo_track_v5_960252_steps,298.7861847001298,220.69534518439843,57.0057464099977,1157.984051816894,1.0,0.0,0.0,16.83999999999982
ppo_track_v5_960252_steps,299.5063593906933,222.8777264824821,57.45345787653658,1160.0650776942784,1.0,0.0,0.0,16.879999999999818
ppo_track_v5_960252_steps,300.20502844513646,225.0927121781716,58.06408140874183,1162.1388511444611,1.0,0.0,0.0,16.919999999999817
ppo_track_v5_960252_steps,300.8958078570848,227.33987525962132,58.77349588995416,1166.2575289110714,1.0,0.0,0.0,16.959999999999816
ppo_track_v5_960252_steps,301.59169428886764,229.6168577132338,59.523666616725386,1168.2997687194274,1.0,0.0,0.0,16.999999999999815
ppo_track_v5_960252_steps,302.3047983493294,231.91952232358173,60.26390767281347,1172.3488697445257,1.0,0.0,0.0,17.039999999999814
ppo_track_v5_960252_steps,303.0043584972082,234.1271923407952,57.89641237483707,1174.3582736322428,0.0,1.0,1.0,17.079999999999814
ppo_track_v5_960252_steps,303.7308620947373,236.35549182838287,58.5935474455502,1178.3606978727428,1.0,0.0,0.0,17.119999999999813
ppo_track_v5_960252_steps,304.48358202288915,238.60473629611107,59.29633191565599,1182.3662332090817,1.0,0.0,0.0,17.159999999999812
ppo_track_v5_960252_steps,305.27215754900215,240.8680533195821,59.918983370871075,1186.401744108289,1.0,0.0,0.0,17.19999999999981
ppo_track_v5_960252_steps,306.1047983228651,243.1374336842848,60.43269964388717,1188.435765738578,1.0,0.0,0.0,17.23999999999981
ppo_track_v5_960252_steps,306.9881672662932,245.40397903152385,60.815132272446306,1192.53809270545,1.0,0.0,0.0,17.27999999999981
ppo_track_v5_960252_steps,307.9273053158223,247.65815839781092,61.04969743714955,1194.6048975423864,1.0,0.0,0.0,17.31999999999981
ppo_track_v5_960252_steps,308.920435348292,249.9016782729909,61.337634714142055,1196.6804266272914,1.0,0.0,0.0,17.359999999999808
ppo_track_v5_960252_steps,309.9658696736403,252.136157594586,61.67369155104055,1198.7632123323835,1.0,0.0,0.0,17.399999999999807
ppo_track_v5_960252_steps,311.06200549237843,254.36313219614408,62.05304993061002,1202.9449896052936,1.0,0.0,0.0,17.439999999999806
ppo_track_v5_960252_steps,312.2073205838245,256.58405902960993,62.47130670507308,1205.0416041159542,1.0,0.0,0.0,17.479999999999805
ppo_track_v5_960252_steps,313.40036921337537,258.8003201732,62.92445117490141,1207.140793830568,1.0,0.0,0.0,17.519999999999804
ppo_track_v5_960252_steps,314.6397782476876,261.0132266356758,63.40884089581907,1209.2418792082292,1.0,0.0,0.0,17.559999999999803
ppo_track_v5_960252_steps,315.9242434672074,263.2240219673606,63.921176551454266,1211.3443421433126,1.0,0.0,0.0,17.599999999999802
ppo_track_v5_960252_steps,317.2525260660231,265.4338856877152,64.45847658015943,1213.4477981863347,1.0,0.0,0.0,17.6399999999998
ppo_track_v5_960252_steps,318.6234493295246,267.6439365387925,65.018052102652,1217.6566425320043,1.0,0.0,0.0,17.6799999999998
ppo_track_v5_960252_steps,320.03589548083744,269.8552355734162,65.59748256834177,1219.7616620937208,1.0,0.0,0.0,17.7199999999998
ppo_track_v5_960252_steps,321.48880268745734,272.06878908647934,66.19459242567541,1221.8669011612044,1.0,0.0,0.0,17.7599999999998
ppo_track_v5_960252_steps,322.981162219947,274.2855513973322,66.8074290265986,1223.9722540912676,1.0,0.0,0.0,17.799999999999798
ppo_track_v5_960252_steps,324.51201575497083,276.50642749082465,67.43424189692696,1226.0776404578082,1.0,0.0,0.0,17.839999999999797
ppo_track_v5_960252_steps,326.0804528153348,278.73227552418274,68.07346344174519,1230.2883223947406,1.0,0.0,0.0,17.879999999999797
ppo_track_v5_960252_steps,327.6856083400719,280.9639092065356,68.7236911061504,1232.3935873327134,1.0,0.0,0.0,17.919999999999796
ppo_track_v5_960252_steps,329.32666037796645,283.2021000575615,69.38367097476086,1234.4988157121827,1.0,0.0,0.0,17.959999999999795
ppo_track_v5_960252_steps,331.0028278982472,285.4475795513948,70.0522827664711,1236.6040377994764,1.0,0.0,0.0,17.999999999999794
ppo_track_v5_960252_steps,332.71336871249633,287.70104115162087,70.72852616212275,1240.814617382099,1.0,0.0,0.0,18.039999999999797
ppo_track_v5_960252_steps,334.4659612413733,289.9513311294872,71.30649320346335,1242.9200526043833,1.0,0.0,0.0,18.079999999999792
ppo_track_v5_960252_steps,336.2662480615563,292.1866436241845,71.75328643986742,1245.025627194536,1.0,0.0,0.0,18.11999999999979
ppo_track_v5_960252_steps,338.1130110081691,294.40861476136297,72.23091926001989,1249.2372566918257,1.0,0.0,0.0,18.15999999999979
ppo_track_v5_960252_steps,340.0050928353472,296.6187968512738,72.73616067378558,1251.343307260972,1.0,0.0,0.0,18.19999999999979
ppo_track_v5_960252_steps,341.9413941223229,298.8186626471523,73.26609120962686,1253.4494919831952,1.0,0.0,0.0,18.23999999999979
ppo_track_v5_960252_steps,343.9208703366808,301.00960938727343,73.81807748299353,1257.662140054783,1.0,0.0,0.0,18.279999999999788
ppo_track_v5_960252_steps,345.9425290467994,303.19296263167155,74.38974782363427,1259.7685340156113,1.0,0.0,0.0,18.319999999999787
ppo_track_v5_960252_steps,348.00542727589965,305.3699799039536,74.97896916569135,1261.874923592292,1.0,0.0,0.0,18.359999999999783
ppo_track_v5_960252_steps,350.0753948476875,307.5153838474081,74.52987584202094,1266.087505844077,0.0,0.0,0.0,18.399999999999785
ppo_track_v5_960252_steps,352.184826478058,309.6568726966259,75.1485042038924,1268.1935829932215,1.0,0.0,0.0,18.439999999999785
ppo_track_v5_960252_steps,354.2995012620202,311.7691836864957,74.72326930017587,1272.404932217435,0.0,0.0,0.0,18.479999999999784
ppo_track_v5_960252_steps,356.45204520897056,313.8797520145943,75.36554298519567,1274.5100080556806,1.0,0.0,0.0,18.519999999999783
ppo_track_v5_960252_steps,358.60819413047943,315.9633301333436,74.95947216936122,1278.7183586196788,0.0,0.0,0.0,18.559999999999786
ppo_track_v5_960252_steps,360.7671900337127,318.0209618658356,74.56168443282299,1280.8213676481205,0.0,0.0,0.0,18.59999999999978
ppo_track_v5_960252_steps,362.92831625724193,320.0536357723255,74.17137994263204,1285.0244274729605,0.0,0.0,0.0,18.63999999999978
ppo_track_v5_960252_steps,365.0497421105762,322.03907165434543,72.6395350894037,1287.1243006974637,1.0,1.0,1.0,18.67999999999978
ppo_track_v5_960252_steps,367.09881493074096,323.96541895135823,70.30964252436445,1291.320613673456,0.0,0.0,1.0,18.71999999999978
ppo_track_v5_960252_steps,369.0667630756408,325.83930211445454,67.93497814984003,1293.4171366578826,0.0,0.0,1.0,18.759999999999778
ppo_track_v5_960252_steps,370.9560271783705,327.6586365848362,65.57103383441259,1295.5126444403052,0.0,1.0,1.0,18.799999999999777
ppo_track_v5_960252_steps,372.7835156723939,329.4618282807457,64.18340170940277,1299.7005773060469,1.0,0.0,1.0,18.839999999999776
ppo_track_v5_960252_steps,374.51565854416526,331.2168682083995,61.646593964546135,1301.7926255881534,0.0,0.0,1.0,18.87999999999977
ppo_track_v5_960252_steps,376.1670225955193,332.9597609246158,60.024360941747474,1303.8827078312625,1.0,0.0,1.0,18.91999999999977
ppo_track_v5_960252_steps,377.7294668419871,334.6893068515657,58.26963798126901,1308.051997810633,1.0,0.0,1.0,18.959999999999773
ppo_track_v5_960252_steps,379.19596057671015,336.40260737530144,56.3804185789235,1310.1267564600537,1.0,0.0,1.0,18.999999999999773
ppo_track_v5_960252_steps,380.61229009312416,338.15643376325306,56.35765419477653,1312.1901212817254,1.0,0.0,0.0,19.03999999999977
ppo_track_v5_960252_steps,381.9699020851954,339.94705998473654,56.17746760312218,1349.4400961864485,1.0,0.0,0.0,19.07999999999977
ppo_track_v5_960252_steps,383.2611213718793,341.76960309788484,55.839673651384516,1349.4400961864485,1.0,0.0,0.0,19.11999999999977
ppo_track_v5_960252_steps,384.4336549151989,343.5525601887512,53.348915746247194,1347.4428245886218,1.0,0.0,1.0,19.15999999999977
ppo_track_v5_960252_steps,385.530320663053,345.35534737869,52.75365754336121,1347.4428245886218,1.0,0.0,0.0,19.19999999999977
ppo_track_v5_960252_steps,386.5059710281559,347.10220544610416,50.02128760972351,1345.486669130356,1.0,0.0,1.0,19.239999999999768
ppo_track_v5_960252_steps,387.3630009081183,348.78516181808254,47.21521447803524,1345.486669130356,1.0,0.0,1.0,19.279999999999767
ppo_track_v5_960252_steps,388.10511788272856,350.3966132958418,44.35308239835991,1345.486669130356,1.0,0.0,1.0,19.31999999999977
ppo_track_v5_960252_steps,388.7371963910341,351.9295109252193,41.45252090353544,1345.486669130356,1.0,0.0,1.0,19.359999999999765
ppo_track_v5_960252_steps,389.2682771399146,353.38575385021545,38.75153398925832,1345.486669130356,1.0,0.0,1.0,19.399999999999764
ppo_track_v5_960252_steps,389.7037584472772,354.7593795628219,36.02509166709163,1345.486669130356,1.0,0.0,1.0,19.439999999999763
ppo_track_v5_960252_steps,390.0498807858455,356.0451643431651,33.28891683633467,1345.486669130356,1.0,0.0,1.0,19.47999999999976
ppo_track_v5_960252_steps,390.33280509959536,357.3162918576582,32.5558301749882,1345.486669130356,1.0,0.0,0.0,19.51999999999976
ppo_track_v5_960252_steps,390.5538502748184,358.5674577456545,31.763550737982214,1345.486669130356,1.0,0.0,0.0,19.55999999999976
ppo_track_v5_960252_steps,390.7149435350776,359.79368163786734,30.919007830282546,1345.486669130356,1.0,0.0,0.0,19.59999999999976
ppo_track_v5_960252_steps,390.8099596400372,360.9108979426264,28.03123628005375,1345.486669130356,1.0,0.0,1.0,19.63999999999976
ppo_track_v5_960252_steps,390.85219533043,361.9977223718332,27.19111979883742,1345.486669130356,1.0,0.0,0.0,19.67999999999976
ppo_track_v5_960252_steps,390.8446461031887,363.0505465227846,26.32128040743063,1345.486669130356,1.0,0.0,0.0,19.71999999999976
ppo_track_v5_960252_steps,390.790598886588,364.0662130690242,25.427588791169725,1345.486669130356,1.0,0.0,0.0,19.75999999999976
ppo_track_v5_960252_steps,390.6909193335948,365.047130734118,24.64923273372343,1345.486669130356,1.0,0.0,0.0,19.79999999999976
ppo_track_v5_960252_steps,390.54884388395897,365.9904033405903,23.84780707306207,1345.486669130356,1.0,0.0,0.0,19.839999999999755
ppo_track_v5_960252_steps,390.3649909477608,366.89833745583655,23.159046015767128,1347.4428245886218,1.0,0.0,0.0,19.879999999999757
ppo_track_v5_960252_steps,390.14254939521663,367.7682549908857,22.44767195730144,1347.4428245886218,1.0,0.0,0.0,19.919999999999757
ppo_track_v5_960252_steps,389.88487453479047,368.5978882287844,21.718190001728328,1805.0290763902103,1.0,0.0,0.0,19.959999999999752
ppo_track_v5_960252_steps,389.59543141425263,369.3853760981978,20.974902629391952,1802.918234824996,1.0,0.0,0.0,19.99999999999975
ppo_track_v5_960252_steps,389.3412799867118,369.980477605338,16.177506604880506,1802.918234824996,1.0,0.0,0.0,20.03999999999975
ppo_track_v5_960252_steps,389.1170971134832,370.4270984168712,12.493200899480257,1802.918234824996,1.0,0.0,0.0,20.07999999999975
ppo_track_v5_960252_steps,388.8681959996449,370.8417602584527,12.090704263341133,1802.918234824996,1.0,0.0,0.0,20.11999999999975
ppo_track_v5_960252_steps,388.5942879480405,371.2256901153978,11.790561791842263,1802.918234824996,1.0,0.0,0.0,20.159999999999748
ppo_track_v5_960252_steps,388.2978462871168,371.5774237509439,11.499842626794601,1802.918234824996,1.0,0.0,0.0,20.199999999999747
ppo_track_v5_960252_steps,387.9814185242361,371.8956861278925,11.219889418536365,1802.918234824996,1.0,0.0,0.0,20.239999999999743
ppo_track_v5_960252_steps,387.647614400789,372.1793909931885,10.95198736026104,1802.918234824996,1.0,0.0,0.0,20.279999999999745
ppo_track_v5_960252_steps,387.2959200120852,372.4295260679885,10.789361041406655,1800.8065488258585,1.0,0.0,0.0,20.319999999999744
ppo_track_v5_960252_steps,386.92584867709184,372.6470295114548,10.731394972913058,1800.8065488258585,1.0,0.0,0.0,20.359999999999744
ppo_track_v5_960252_steps,386.5369395545776,372.83279243801314,10.774917936413367,1800.8065488258585,1.0,0.0,0.0,20.399999999999743
ppo_track_v5_960252_steps,386.12875632955786,372.9876613067345,10.91438018414595,1800.8065488258585,1.0,0.0,0.0,20.439999999999745
ppo_track_v5_960252_steps,385.7008859664689,373.1124401893362,11.142340899504267,1800.8065488258585,1.0,0.0,0.0,20.47999999999974
ppo_track_v5_960252_steps,385.2529375256816,373.2078929229697,11.45013727979712,1798.694141243421,1.0,0.0,0.0,20.51999999999974
ppo_track_v5_960252_steps,384.7845410401368,373.2747451536464,11.828580018779196,1798.694141243421,1.0,0.0,0.0,20.55999999999974
ppo_track_v5_960252_steps,384.29534644904913,373.31368627585806,12.268551232433634,1798.694141243421,1.0,0.0,0.0,20.59999999999974
ppo_track_v5_960252_steps,383.7850225857779,373.3253712736653,12.761440568120388,1798.694141243421,1.0,0.0,0.0,20.639999999999738
ppo_track_v5_960252_steps,383.2532562171161,373.3104224682586,13.299411115318431,1796.5811530060598,1.0,0.0,0.0,20.679999999999737
ppo_track_v5_960252_steps,382.69975113138406,373.2694311767438,13.875521744949845,1796.5811530060598,1.0,0.0,0.0,20.719999999999736
ppo_track_v5_960252_steps,382.1275873147178,373.1994438183384,14.410709200076903,1796.5811530060598,1.0,0.0,0.0,20.75999999999973
ppo_track_v5_960252_steps,381.53639713850873,373.1010593823522,14.98301792218524,1796.5811530060598,1.0,0.0,0.0,20.79999999999973
ppo_track_v5_960252_steps,380.9258327020753,372.9748471286469,15.58682264010751,1794.4677231794612,1.0,0.0,0.0,20.839999999999733
ppo_track_v5_960252_steps,380.29556482964233,372.8213480973324,16.217265946277323,1794.4677231794612,1.0,0.0,0.0,20.879999999999733
ppo_track_v5_960252_steps,379.6452821182747,372.6410765417715,16.870192619825765,1794.4677231794612,1.0,0.0,0.0,20.91999999999973
ppo_track_v5_960252_steps,378.97469003417615,372.4345212887882,17.54207113966646,1792.3539749960837,1.0,0.0,0.0,20.95999999999973
ppo_track_v5_960252_steps,378.2835100548976,372.2021470297776,18.229912918164413,1792.3539749960837,1.0,0.0,0.0,20.99999999999973
ppo_track_v5_960252_steps,377.57147885512114,371.9443955462285,18.93119543119976,1792.3539749960837,1.0,0.0,0.0,21.03999999999973
ppo_track_v5_960252_steps,376.83834753380734,371.6616868729892,19.64379240714607,1790.240008674146,1.0,0.0,0.0,21.07999999999973
ppo_track_v5_960252_steps,376.083880880604,371.35442040244,20.365912309536736,1790.240008674146,1.0,0.0,0.0,21.119999999999727
ppo_track_v5_960252_steps,375.3078566795221,371.022975932575,21.096045205041563,1790.240008674146,1.0,0.0,0.0,21.159999999999727
ppo_track_v5_960252_steps,374.5100650479853,370.66771466184025,21.832917490485375,1788.1258999834392,1.0,0.0,0.0,21.19999999999973
ppo_track_v5_960252_steps,373.6903078094573,370.2889801334362,22.57545366549378,1788.1258999834392,1.0,0.0,0.0,21.239999999999725
ppo_track_v5_960252_steps,372.8483978979391,369.8870991316488,23.32274424663295,1788.1258999834392,1.0,0.0,0.0,21.279999999999724
ppo_track_v5_960252_steps,372.15700661376366,369.5473258524481,19.259215149709505,1786.0117026327623,1.0,0.0,0.0,21.319999999999723
ppo_track_v5_960252_steps,371.5852351896946,369.2582506452354,16.017315567983403,1786.0117026327623,1.0,0.0,0.0,21.35999999999972
ppo_track_v5_960252_steps,371.1085525246914,369.0105000243698,13.430532688008485,1786.0117026327623,1.0,0.0,0.0,21.39999999999972
ppo_track_v5_960252_steps,370.7074771147465,368.7963890311557,11.366205443043894,1363.9591266121004,1.0,0.0,0.0,21.43999999999972
ppo_track_v5_960252_steps,370.281297193267,368.5629386064561,12.14826186808069,1363.9591266121004,1.0,0.0,0.0,21.47999999999972
ppo_track_v5_960252_steps,369.8299715391812,368.3102564927785,12.931142075638787,1363.9591266121004,1.0,0.0,0.0,21.51999999999972
ppo_track_v5_960252_steps,369.3534620786721,368.0384456590716,13.71455420518372,1363.9591266121004,1.0,0.0,0.0,21.55999999999972
ppo_track_v5_960252_steps,368.85173372445433,367.7476045426623,14.498273526965455,1366.0597284500022,1.0,0.0,0.0,21.59999999999972
ppo_track_v5_960252_steps,368.3247542232162,367.4378272789024,15.28212493134913,1366.0597284500022,1.0,0.0,0.0,21.63999999999972
ppo_track_v5_960252_steps,367.7724940108128,367.1092039191505,16.06597053515924,1366.0597284500022,1.0,0.0,0.0,21.679999999999715
ppo_track_v5_960252_steps,367.1949260748156,366.7618206376798,16.849700756566495,1366.0597284500022,1.0,0.0,0.0,21.719999999999715
ppo_track_v5_960252_steps,366.59202582404566,366.3957599280767,17.633227786864897,1368.1612117290936,1.0,0.0,0.0,21.759999999999717
ppo_track_v5_960252_steps,365.96085788472,366.0159172905736,18.416252959307506,1368.1612117290936,1.0,0.0,0.0,21.799999999999716
ppo_track_v5_960252_steps,365.2991487134353,365.6274973116536,19.182171204442618,1368.1612117290936,1.0,0.0,0.0,21.839999999999712
ppo_track_v5_960252_steps,364.6070160169774,365.2302973568045,19.950179724100078,1368.1612117290936,1.0,0.0,0.0,21.87999999999971
ppo_track_v5_960252_steps,363.8845726696576,364.824125596038,20.71985595586371,1370.2630018716457,1.0,0.0,0.0,21.91999999999971
ppo_track_v5_960252_steps,363.13192695788473,364.4088004546117,21.490848932610838,1370.2630018716457,1.0,0.0,0.0,21.95999999999971
ppo_track_v5_960252_steps,362.3491828123139,363.98415009165376,22.26286605799153,1372.3647605304063,1.0,0.0,0.0,21.99999999999971
ppo_track_v5_960252_steps,361.5345075454866,363.5561052924145,23.0070388758528,1372.3647605304063,1.0,0.0,0.0,22.039999999999708
ppo_track_v5_960252_steps,360.6880466638967,363.1243242896603,23.755668513026134,1372.3647605304063,1.0,0.0,0.0,22.079999999999707
ppo_track_v5_960252_steps,359.8099394635841,362.6884830892968,24.50803193821324,1374.4663065849725,1.0,0.0,0.0,22.119999999999703
ppo_track_v5_960252_steps,358.9003193446801,362.2482745671642,25.263514992884037,1374.4663065849725,1.0,0.0,0.0,22.159999999999705
ppo_track_v5_960252_steps,357.9593141099758,361.8034076117156,26.021595115774687,1376.5675667877845,1.0,0.0,0.0,22.199999999999704
ppo_track_v5_960252_steps,356.98704624832334,361.3536063102481,26.781826926156505,1376.5675667877845,1.0,0.0,0.0,22.239999999999704
ppo_track_v5_960252_steps,355.98363320364103,360.89860917647286,27.543830184615953,1378.6685224258226,1.0,0.0,0.0,22.279999999999703
ppo_track_v5_960252_steps,354.9476759977143,360.4452822364912,28.27004429410101,1378.6685224258226,1.0,0.0,0.0,22.319999999999705
ppo_track_v5_960252_steps,353.87932141880583,359.9931538525224,29.002172137024136,1380.7691828441004,1.0,0.0,0.0,22.3599999999997
ppo_track_v5_960252_steps,352.77871000349865,359.54177665541874,29.739355885443324,1380.7691828441004,1.0,0.0,0.0,22.3999999999997
ppo_track_v5_960252_steps,351.6459763533172,359.0907263115712,30.48085397977581,1382.8695737611397,1.0,0.0,0.0,22.4399999999997
ppo_track_v5_960252_steps,350.4812494352654,358.6396003524566,31.226025049443766,1382.8695737611397,1.0,0.0,0.0,22.4799999999997
ppo_track_v5_960252_steps,349.28465286709707,358.1880170636445,31.974314043528167,1384.969720497309,1.0,0.0,0.0,22.519999999999698
ppo_track_v5_960252_steps,348.0563051880965,357.7356144302418,32.725240289567004,1384.969720497309,1.0,0.0,0.0,22.559999999999697
ppo_track_v5_960252_steps,346.7963201161034,357.2820491359099,33.478387224705564,1387.0696501162804,1.0,0.0,0.0,22.599999999999696
ppo_track_v5_960252_steps,345.5048067914823,356.8269956127315,34.23339357110869,1389.1693922666527,1.0,0.0,0.0,22.63999999999969
ppo_track_v5_960252_steps,344.1818700086983,356.3701451393442,34.98994575479046,1389.1693922666527,1.0,0.0,0.0,22.67999999999969
ppo_track_v5_960252_steps,342.82761043613044,355.9112049848896,35.74777139261972,1391.268975849055,1.0,0.0,0.0,22.719999999999693
ppo_track_v5_960252_steps,341.4421248247188,355.4498975964497,36.506633695620984,1393.368424443809,1.0,0.0,0.0,22.75999999999969
ppo_track_v5_960252_steps,340.0255062060129,354.9859598277617,37.26632665758109,1393.368424443809,1.0,0.0,0.0,22.79999999999969
ppo_track_v5_960252_steps,338.57784408016084,354.5191422071142,38.026670916390295,1395.467762245937,1.0,0.0,0.0,22.83999999999969
ppo_track_v5_960252_steps,337.09922459434824,354.04920824243504,38.78751019161857,1397.5670113529982,1.0,0.0,0.0,22.87999999999969
ppo_track_v5_960252_steps,335.5897307121742,353.5759337616799,39.548708215748505,1397.5670113529982,1.0,0.0,0.0,22.91999999999969
ppo_track_v5_960252_steps,334.04944237442305,353.09910628673026,40.31014608847649,1399.666190564237,1.0,0.0,0.0,22.959999999999688
ppo_track_v5_960252_steps,332.47843665167034,352.61852443909714,41.07171999378144,1401.7653156679633,1.0,0.0,0.0,22.999999999999687
ppo_track_v5_960252_steps,330.8767878891365,352.1339973758153,41.83333922826044,1403.864400786632,1.0,0.0,0.0,23.039999999999687
ppo_track_v5_960252_steps,329.24456784418305,351.64534425399404,42.5949244967444,1405.963458440914,1.0,0.0,0.0,23.07999999999969
ppo_track_v5_960252_steps,327.5818458168249,351.1523937225696,43.35640643761311,1405.963458440914,1.0,0.0,0.0,23.119999999999685
ppo_track_v5_960252_steps,325.88868877361307,350.65498343987593,44.11772434568697,1408.062499889381,1.0,0.0,0.0,23.159999999999684
ppo_track_v5_960252_steps,324.1651614652251,350.15295961572383,44.878825065220724,1410.1615360184153,1.0,0.0,0.0,23.199999999999683
ppo_track_v5_960252_steps,322.41132653808256,349.64617657674205,45.63966202948287,1412.2605772927018,1.0,0.0,0.0,23.23999999999968
ppo_track_v5_960252_steps,320.6272446402993,349.1344963537997,46.40019442677581,1414.3596335963368,1.0,0.0,0.0,23.27999999999968
ppo_track_v5_960252_steps,318.8129745222482,348.6177882903875,47.160386475624705,1416.458714251544,1.0,0.0,0.0,23.31999999999968
ppo_track_v5_960252_steps,316.9685731320196,348.0959286708936,47.92020679431232,1418.557825052057,1.0,0.0,0.0,23.35999999999968
ppo_track_v5_960252_steps,315.09409570603185,347.5688003677632,48.679627852027025,1420.6569689899409,1.0,0.0,0.0,23.39999999999968
ppo_track_v5_960252_steps,313.1895958550389,347.0362925065824,49.43862549067579,1420.6569689899409,1.0,0.0,0.0,23.43999999999968
ppo_track_v5_960252_steps,311.2551256457698,346.4983001481766,50.19717850793836,1422.7561451069505,1.0,0.0,0.0,23.47999999999968
ppo_track_v5_960252_steps,309.290735678422,345.9547239868577,50.955268293444284,1424.855348637854,1.0,0.0,0.0,23.51999999999968
ppo_track_v5_960252_steps,307.2964751602178,345.4054700640011,51.71287851107061,1426.9545717635017,1.0,0.0,0.0,23.559999999999675
ppo_track_v5_960252_steps,305.2723919752261,344.85044949617304,52.46999482131615,1429.0538063046035,1.0,0.0,0.0,23.599999999999675
ppo_track_v5_960252_steps,303.21665290261166,344.30087849986705,53.198281308319245,1431.153044479383,1.0,0.0,0.0,23.639999999999677
ppo_track_v5_960252_steps,301.1291245906635,343.7677869313252,53.86302693891412,1433.2522829754696,1.0,0.0,0.0,23.679999999999676
ppo_track_v5_960252_steps,299.0099123064942,343.2502108687594,54.537519687797726,1435.3515221171629,1.0,0.0,0.0,23.719999999999672
ppo_track_v5_960252_steps,296.859117177348,342.74723545902185,55.220602758161476,1437.4507661577268,1.0,0.0,0.0,23.75999999999967
ppo_track_v5_960252_steps,294.67683639994004,342.2579924248371,55.911247403488936,1439.5500223019008,1.0,0.0,0.0,23.79999999999967
ppo_track_v5_960252_steps,292.4631634391617,341.78165769866644,56.608539266601454,1443.748596690941,1.0,0.0,0.0,23.83999999999967
ppo_track_v5_960252_steps,290.2181882166926,341.3174491767725,57.31166603154882,1445.8479185279643,1.0,0.0,0.0,23.87999999999967
ppo_track_v5_960252_steps,287.9419972900323,340.8646245873772,58.01990630040134,1447.9472572884115,1.0,0.0,0.0,23.919999999999668
ppo_track_v5_960252_steps,285.6346740224371,340.42247946711706,58.732619602292424,1450.0466013649277,1.0,0.0,0.0,23.959999999999667
ppo_track_v5_960252_steps,283.2962987442255,339.9903452402953,59.449237441187954,1452.145937958389,1.0,0.0,0.0,23.999999999999662
ppo_track_v5_960252_steps,280.9278197662365,339.5801634321961,60.0933741401219,1454.2452561644438,1.0,0.0,0.0,24.039999999999665
ppo_track_v5_960252_steps,278.5319126500978,339.2032255112809,60.63442249141507,1456.344548971191,1.0,0.0,0.0,24.079999999999664
ppo_track_v5_960252_steps,276.10847033985067,338.8579686806404,61.19780893851404,1458.4438149034545,1.0,0.0,0.0,24.119999999999663
ppo_track_v5_960252_steps,273.65739241830335,338.5429094326543,61.78109190540343,1462.6422797283835,1.0,0.0,0.0,24.159999999999663
ppo_track_v5_960252_steps,271.17858476882145,338.25663952117606,62.382077881730865,1464.741489725579,1.0,0.0,0.0,24.199999999999665
ppo_track_v5_960252_steps,268.6719592543002,337.9978221383304,62.998799133952616,1466.8406912877344,1.0,0.0,0.0,24.23999999999966
ppo_track_v5_960252_steps,266.1374334124455,337.76518828552986,63.629492731840955,1468.939887711446,1.0,0.0,0.0,24.27999999999966
ppo_track_v5_960252_steps,263.5749301665357,337.5575333288433,64.27258098489028,1471.0390827672122,1.0,0.0,0.0,24.31999999999966
ppo_track_v5_960252_steps,260.9882209545624,337.3865388577542,64.80887119277423,1475.237479476389,1.0,0.0,0.0,24.35999999999966
ppo_track_v5_960252_steps,258.3770573916167,337.2505925126984,65.36750225259796,1477.3366866468089,1.0,0.0,0.0,24.399999999999658
ppo_track_v5_960252_steps,255.74120489318136,337.1481636419831,65.94604834192018,1479.4359038105056,1.0,0.0,0.0,24.439999999999657
ppo_track_v5_960252_steps,253.08044197312515,337.07779915118704,66.54232900150411,1481.5351350802662,1.0,0.0,0.0,24.479999999999656
ppo_track_v5_960252_steps,250.3911702977072,337.02475339325144,67.24486967717436,1485.7336743424871,1.0,0.0,0.0,24.51999999999965
ppo_track_v5_960252_steps,247.67335044923627,336.98827149905435,67.95161724228275,1487.8330146570645,1.0,0.0,0.0,24.55999999999965
ppo_track_v5_960252_steps,244.93025754203703,336.98126949181324,68.57754609578973,1489.932434181784,1.0,0.0,0.0,24.599999999999653
ppo_track_v5_960252_steps,242.1669561315202,337.01559062109123,69.08786355648515,1494.131635835008,1.0,0.0,0.0,24.63999999999965
ppo_track_v5_960252_steps,239.38302718658903,337.08950684446984,69.62275121370232,1496.231483979138,1.0,0.0,0.0,24.67999999999965
ppo_track_v5_960252_steps,236.58503624567757,337.21381393359337,70.01877229460098,1498.331539936844,1.0,0.0,0.0,24.71999999999965
ppo_track_v5_960252_steps,233.78090841453744,337.39782243022665,70.25396794936054,1502.5324166647686,1.0,0.0,0.0,24.75999999999965
ppo_track_v5_960252_steps,230.9796604426127,337.64921246111174,70.31263732360384,1504.633329722581,1.0,0.0,0.0,24.79999999999965
ppo_track_v5_960252_steps,228.22835417053963,337.95506187010585,69.20634934622423,1506.734638344178,0.0,0.0,0.0,24.839999999999648
ppo_track_v5_960252_steps,225.4998226793736,338.3381005110128,68.88215797066286,1508.8364172131603,1.0,0.0,0.0,24.879999999999647
ppo_track_v5_960252_steps,222.79172965060013,338.79534191978723,68.66056709635772,1513.0416728857963,1.0,0.0,0.0,24.919999999999646
ppo_track_v5_960252_steps,220.14831919703752,339.30561574106764,67.30526631832133,1515.145234446176,0.0,0.0,0.0,24.95999999999965
ppo_track_v5_960252_steps,217.57775018760145,339.86750339877483,65.78156453443582,1517.249379040412,0.0,0.0,0.0,24.999999999999645
ppo_track_v5_960252_steps,215.0579223596267,340.50603738545846,64.98681565703282,1519.3539466042391,1.0,0.0,0.0,25.039999999999644
ppo_track_v5_960252_steps,212.5983515414001,341.2188911474768,64.01976792315503,1521.4586365198925,1.0,0.0,0.0,25.079999999999643
ppo_track_v5_960252_steps,210.2078828158818,342.00235185880763,62.889543118670936,1525.6663153054533,1.0,0.0,0.0,25.11999999999964
ppo_track_v5_960252_steps,207.8945166566163,342.85147738829903,61.60700625572537,1527.7677995201527,1.0,0.0,0.0,25.15999999999964
ppo_track_v5_960252_steps,205.66526593811187,343.7602729279863,60.18444617853937,1529.866422890714,1.0,0.0,0.0,25.19999999999964
ppo_track_v5_960252_steps,203.52604559652,344.72188169765224,58.635287454414595,1531.9610483963477,1.0,0.0,0.0,25.23999999999964
ppo_track_v5_960252_steps,201.48159576834945,345.7287840884336,56.973829104180844,1534.0504606079244,1.0,0.0,0.0,25.27999999999964
ppo_track_v5_960252_steps,199.53543831651075,346.772999707671,55.21500637737979,1536.1334459980617,1.0,0.0,0.0,25.31999999999964
ppo_track_v5_960252_steps,197.68986578705957,347.8462870276469,53.374172316101195,1538.2088818962134,1.0,0.0,0.0,25.35999999999964
ppo_track_v5_960252_steps,195.94484696854275,348.9297359614902,51.35022072265069,1540.2758338109118,1.0,1.0,0.0,25.39999999999964
ppo_track_v5_960252_steps,194.3013740811242,350.0257644850689,49.38548405261641,1542.3336515638357,1.0,0.0,0.0,25.439999999999635
ppo_track_v5_960252_steps,192.7582398528308,351.12646552497336,47.38674673482998,1544.382036494106,1.0,0.0,0.0,25.479999999999634
ppo_track_v5_960252_steps,191.31324801268053,352.2243602459298,45.36914036823988,1548.4511755285205,1.0,0.0,0.0,25.519999999999637
ppo_track_v5_960252_steps,189.9633263715257,353.3125215623124,43.347314563084616,1550.472978382894,1.0,0.0,0.0,25.559999999999636
ppo_track_v5_960252_steps,188.70465331281216,354.3846743149989,41.335286029496714,1552.4870918332822,1.0,0.0,0.0,25.599999999999632
ppo_track_v5_960252_steps,187.5327934356636,355.435271052225,39.34629172441805,1554.493829284023,1.0,0.0,0.0,25.63999999999963
ppo_track_v5_960252_steps,186.43604435371373,356.4513308389028,37.37676449732433,1556.4928816557292,1.0,1.0,0.0,25.67999999999963
ppo_track_v5_960252_steps,185.41593285178703,357.4371403734301,35.465193453653576,1558.4830528088853,1.0,0.0,0.0,25.71999999999963
ppo_track_v5_960252_steps,184.46700001732765,358.38957930053226,33.61187879841253,1560.462086326318,1.0,0.0,0.0,25.75999999999963
ppo_track_v5_960252_steps,183.58373215487288,359.30631916982816,31.825442895602976,1564.3724131027584,1.0,0.0,0.0,25.799999999999628
ppo_track_v5_960252_steps,182.7606824536388,360.1857838261095,30.113004793917778,1566.294538851993,1.0,0.0,0.0,25.839999999999627
ppo_track_v5_960252_steps,181.9992873738642,361.0349889673713,28.5139421977469,1568.188021616798,1.0,0.0,0.0,25.879999999999622
ppo_track_v5_960252_steps,181.29996245615712,361.86124530910416,27.061906838532455,1571.8724603177952,1.0,0.0,0.0,25.919999999999625
ppo_track_v5_960252_steps,180.65879078415617,362.6619676987088,25.64490029945822,1573.6588507140204,1.0,0.0,0.0,25.959999999999624
ppo_track_v5_960252_steps,180.0741141568632,363.4393948483604,24.318713621382514,1578.8173623523317,1.0,0.0,0.0,25.999999999999623
ppo_track_v5_960252_steps,179.5423239545385,364.19136994446376,23.025357820893287,1582.162448800302,1.0,0.0,0.0,26.039999999999623
ppo_track_v5_960252_steps,179.062104366669,364.9200161493653,21.816509581206788,1583.8399281254135,1.0,0.0,0.0,26.07999999999962
ppo_track_v5_960252_steps,178.63220532925985,365.62734810460586,20.693170329690115,1583.8399281254135,1.0,0.0,0.0,26.11999999999962
ppo_track_v5_960252_steps,178.25143918578857,366.3152774443088,19.656894980484605,1585.5371398637774,1.0,0.0,0.0,26.15999999999962
ppo_track_v5_960252_steps,177.91867751778204,366.9856180284878,18.709737212411493,1585.5371398637774,1.0,0.0,0.0,26.19999999999962
ppo_track_v5_960252_steps,177.63284813639956,367.6400909105024,17.85415197779426,1585.5371398637774,1.0,0.0,0.0,26.23999999999962
ppo_track_v5_960252_steps,177.39293222684273,368.28032905216537,17.092844294078667,1587.2650594818206,1.0,0.0,0.0,26.279999999999617
ppo_track_v5_960252_steps,177.1979616378286,368.9078817993238,16.428557092882407,1587.2650594818206,1.0,0.0,0.0,26.319999999999617
ppo_track_v5_960252_steps,177.04701630875692,369.52421913007856,15.86379915189175,1587.2650594818206,1.0,0.0,0.0,26.359999999999616
ppo_track_v5_960252_steps,176.93922182757663,370.1307356871952,15.400527268359355,1587.2650594818206,1.0,0.0,0.0,26.39999999999961
ppo_track_v5_960252_steps,176.8737471127119,370.728754605667,15.039813104240825,1589.0323042280943,1.0,0.0,0.0,26.43999999999961
ppo_track_v5_960252_steps,176.84980221274574,371.3195311458378,14.781539979197106,1589.0323042280943,1.0,0.0,0.0,26.479999999999613
ppo_track_v5_960252_steps,176.86663621787903,371.90425614196175,14.624181704051574,1589.0323042280943,1.0,0.0,0.0,26.51999999999961
ppo_track_v5_960252_steps,176.92353527748656,372.48405927557576,14.56470856069667,1589.0323042280943,1.0,0.0,0.0,26.55999999999961
ppo_track_v5_960252_steps,177.0198207183807,373.06001218258416,14.598643713107812,1590.8444247029877,1.0,0.0,0.0,26.59999999999961
ppo_track_v5_960252_steps,177.1548472586665,373.6331314025031,14.720262540586946,1590.8444247029877,1.0,0.0,0.0,26.63999999999961
ppo_track_v5_960252_steps,177.32800131233222,374.204381177883,14.922898348101876,1590.8444247029877,1.0,0.0,0.0,26.67999999999961
ppo_track_v5_960252_steps,177.53869937996606,374.7746761115196,15.19930070423082,1590.8444247029877,1.0,0.0,0.0,26.719999999999608
ppo_track_v5_960252_steps,177.78638652122373,375.3448836886787,15.541991526868557,1590.8444247029877,1.0,0.0,0.0,26.759999999999607
ppo_track_v5_960252_steps,178.07053490489398,375.91582667119104,15.943576159822443,1592.7036582587807,1.0,0.0,0.0,26.799999999999606
ppo_track_v5_960252_steps,178.3906424326201,376.4882853699272,16.396985070920262,1592.7036582587807,1.0,0.0,0.0,26.83999999999961
ppo_track_v5_960252_steps,178.7462314325357,377.0629998018297,16.895639509539716,1592.7036582587807,1.0,0.0,0.0,26.879999999999605
ppo_track_v5_960252_steps,179.13810523320845,377.6354976804657,17.344287544758412,1594.609125239572,1.0,0.0,0.0,26.919999999999604
ppo_track_v5_960252_steps,179.56653687190845,378.201268752614,17.742085825780478,1594.609125239572,1.0,0.0,0.0,26.959999999999603
ppo_track_v5_960252_steps,180.031134273942,378.76123479970977,18.190188287170642,1594.609125239572,1.0,0.0,0.0,26.9999999999996
ppo_track_v5_960252_steps,180.531524109959,379.3162703126436,18.682451803209542,1594.609125239572,1.0,0.0,0.0,27.0399999999996
ppo_track_v5_960252_steps,181.06735084462724,379.8672048944922,19.213263697605793,1596.5573803230077,1.0,0.0,0.0,27.0799999999996
ppo_track_v5_960252_steps,181.63827583363312,380.4148255411907,19.777571194440014,1596.5573803230077,1.0,0.0,0.0,27.1199999999996
ppo_track_v5_960252_steps,182.243976466554,380.9598788063456,20.37087870246427,1596.5573803230077,1.0,0.0,0.0,27.1599999999996
ppo_track_v5_960252_steps,182.88414535327212,381.5030728560757,20.989223115448446,1598.5431965682983,1.0,0.0,0.0,27.1999999999996
ppo_track_v5_960252_steps,183.5592528307576,382.0390397723648,21.549806285572615,1598.5431965682983,1.0,0.0,0.0,27.2399999999996
ppo_track_v5_960252_steps,184.26902502486345,382.5685998741012,22.13891467638186,1598.5431965682983,1.0,0.0,0.0,27.2799999999996
ppo_track_v5_960252_steps,185.01335579555564,383.086268005132,22.666172345646807,1600.560413149107,1.0,0.0,0.0,27.319999999999595
ppo_track_v5_960252_steps,185.79144723166712,383.5866803258406,23.127888652920245,1600.560413149107,1.0,0.0,0.0,27.359999999999594
ppo_track_v5_960252_steps,186.60184116133817,384.0646822503031,23.521587970383194,1602.6026951732258,1.0,0.0,0.0,27.399999999999597
ppo_track_v5_960252_steps,187.44446202899852,384.5214778368133,23.961846423949645,1602.6026951732258,1.0,0.0,0.0,27.439999999999596
ppo_track_v5_960252_steps,188.319236864972,384.9582099250156,24.443377560675277,1602.6026951732258,1.0,0.0,0.0,27.479999999999592
ppo_track_v5_960252_steps,189.2260951551149,385.3759632458543,24.961342555448113,1604.6641250290693,1.0,0.0,0.0,27.51999999999959
ppo_track_v5_960252_steps,190.1649687170761,385.7757673735375,25.511356611594394,1604.6641250290693,1.0,0.0,0.0,27.55999999999959
ppo_track_v5_960252_steps,191.13579158284224,386.1585995275415,26.089479379072213,1606.7395818080322,1.0,0.0,0.0,27.59999999999959
ppo_track_v5_960252_steps,192.1384998872488,386.5253872322724,26.692194131285675,1606.7395818080322,1.0,0.0,0.0,27.63999999999959
ppo_track_v5_960252_steps,193.1730317621539,386.8770108416184,27.316379734101712,1608.8249218170122,1.0,0.0,0.0,27.679999999999588
ppo_track_v5_960252_steps,194.2393272359878,387.2143059352532,27.959278622095496,1608.8249218170122,1.0,0.0,0.0,27.719999999999587
ppo_track_v5_960252_steps,195.33732813840368,387.5380655932082,28.618463203687075,1610.9169771493068,1.0,0.0,0.0,27.759999999999582
ppo_track_v5_960252_steps,196.466978009772,387.8490425548963,29.291802421744435,1610.9169771493068,1.0,0.0,0.0,27.799999999999585
ppo_track_v5_960252_steps,197.6282220152715,388.1479512684565,29.977429627875356,1613.013453195358,1.0,0.0,0.0,27.839999999999584
ppo_track_v5_960252_steps,198.8210068633436,388.4354698359928,30.673712487939813,1613.013453195358,1.0,0.0,0.0,27.879999999999583
ppo_track_v5_960252_steps,200.0452807282885,388.7122418599941,31.379225309678436,1615.1127690037422,1.0,0.0,0.0,27.919999999999582
ppo_track_v5_960252_steps,201.3009931767927,388.9788781959565,32.09272395130888,1617.213881589892,1.0,0.0,0.0,27.95999999999958
ppo_track_v5_960252_steps,202.58809509818803,389.2359586159719,32.81312331231649,1617.213881589892,1.0,0.0,0.0,27.99999999999958
ppo_track_v5_960252_steps,203.90653863825275,389.4840333878069,33.539477306221954,1619.316126152842,1.0,0.0,0.0,28.03999999999958
ppo_track_v5_960252_steps,205.25627713637476,389.7236247737635,34.270961154609935,1619.316126152842,1.0,0.0,0.0,28.07999999999958
ppo_track_v5_960252_steps,206.63726506590615,389.9552284533986,35.0068558100769,1621.4190865406515,1.0,0.0,0.0,28.119999999999575
ppo_track_v5_960252_steps,208.0494579775471,390.1793148739687,35.746534303803244,1623.522503215186,1.0,0.0,0.0,28.159999999999577
ppo_track_v5_960252_steps,209.49281244560456,390.3963305322722,36.48944981438414,1623.522503215186,1.0,0.0,0.0,28.199999999999577
ppo_track_v5_960252_steps,210.9672860169809,390.6066991913743,37.23512526348299,1625.6262141953223,1.0,0.0,0.0,28.239999999999576
ppo_track_v5_960252_steps,212.47283716275257,390.8108230355216,37.98314425738679,1627.7301218683797,1.0,0.0,0.0,28.27999999999957
ppo_track_v5_960252_steps,214.00942523220823,391.0090837663876,38.733143209313525,1629.8341769931876,1.0,0.0,0.0,28.31999999999957
ppo_track_v5_960252_steps,215.57701040922063,391.2018436436291,39.484804493809904,1629.8341769931876,1.0,0.0,0.0,28.359999999999573
ppo_track_v5_960252_steps,217.17555367083395,391.3894464725811,40.23785050080464,1631.9383679035898,1.0,0.0,0.0,28.39999999999957
ppo_track_v5_960252_steps,218.8050167479546,391.5722185417782,40.992038472260475,1634.042711567744,1.0,0.0,0.0,28.43999999999957
ppo_track_v5_960252_steps,220.46536208803755,391.7504695128491,41.747156018576135,1636.14724025306,1.0,0.0,0.0,28.47999999999957
ppo_track_v5_960252_steps,222.1565528196679,391.9244932652044,42.50301722478202,1636.14724025306,1.0,0.0,0.0,28.51999999999957
ppo_track_v5_960252_steps,223.87855271894048,392.0945686978147,43.25945926812133,1638.2519854215025,1.0,0.0,0.0,28.55999999999957
ppo_track_v5_960252_steps,225.6306146002768,392.251077930563,43.97595917065904,1640.3569612886906,1.0,0.0,0.0,28.599999999999568
ppo_track_v5_960252_steps,227.41274015805973,392.3946460488924,44.69747831466464,1642.462152496276,1.0,0.0,0.0,28.639999999999567
ppo_track_v5_960252_steps,229.2249297775232,392.52586643516753,45.423355822371974,1644.5675119860696,1.0,0.0,0.0,28.679999999999566
ppo_track_v5_960252_steps,231.0671826022351,392.6453023791497,46.153009211710696,1646.672968533996,1.0,0.0,0.0,28.719999999999565
ppo_track_v5_960252_steps,232.93949659815192,392.7534886066605,46.88592512103813,1648.7784480250502,1.0,0.0,0.0,28.759999999999565
ppo_track_v5_960252_steps,234.841868614418,392.8509327305889,47.6216510998432,1648.7784480250502,1.0,0.0,0.0,28.799999999999564
ppo_track_v5_960252_steps,236.7742944410758,392.9381166281871,48.35978835467689,1650.8838988710925,1.0,0.0,0.0,28.839999999999563
ppo_track_v5_960252_steps,238.73676886384385,393.0154977484004,49.09998534740173,1652.9893131375316,1.0,0.0,0.0,28.87999999999956
ppo_track_v5_960252_steps,240.72928571611047,393.0835103527839,49.84193215131257,1655.0947364142012,1.0,0.0,0.0,28.91999999999956
ppo_track_v5_960252_steps,242.75183792828645,393.1425666933815,50.58535547927118,1657.200269865878,1.0,0.0,0.0,28.95999999999956
ppo_track_v5_960252_steps,244.8044175746489,393.1930581307681,51.33001430639075,1659.30605669006,1.0,0.0,0.0,28.99999999999956
ppo_track_v5_960252_steps,246.8870159178053,393.2353561952954,52.07569601779484,1661.4122623130866,1.0,0.0,0.0,29.03999999999956
ppo_track_v5_960252_steps,248.99962345089756,393.2698135944267,52.82221301943535,1663.519052054073,1.0,0.0,0.0,29.07999999999956
ppo_track_v5_960252_steps,251.14222993766165,393.2967651688988,53.56939975682309,1665.6265671965705,1.0,0.0,0.0,29.11999999999956
ppo_track_v5_960252_steps,253.3148244504513,393.3165288003112,54.31711009278338,1667.7348990488304,1.0,0.0,0.0,29.15999999999956
ppo_track_v5_960252_steps,255.5173954063294,393.3294062726095,55.065215001002095,1669.844067271825,1.0,0.0,0.0,29.199999999999555
ppo_track_v5_960252_steps,257.7499306013249,393.3356840898058,55.81360053720267,1671.954006397464,1.0,0.0,0.0,29.239999999999554
ppo_track_v5_960252_steps,260.012417242949,393.3356342521586,56.56216605432583,1674.064564527636,1.0,0.0,0.0,29.279999999999557
ppo_track_v5_960252_steps,262.3048419810588,393.3295149929232,57.31082263211263,1676.1755157923972,1.0,0.0,0.0,29.319999999999556
ppo_track_v5_960252_steps,264.62719093715174,393.3175714776745,58.05949169506298,1678.286585644052,1.0,0.0,0.0,29.359999999999552
ppo_track_v5_960252_steps,266.979449732172,393.30003646810536,58.80810379589793,1682.5079374155778,1.0,0.0,0.0,29.39999999999955
ppo_track_v5_960252_steps,269.3616035129026,393.2771309521029,59.55659754443924,1684.617734638733,1.0,0.0,0.0,29.43999999999955
ppo_track_v5_960252_steps,271.77363697701685,393.2490647418177,60.30491866427056,1686.7267432616047,1.0,0.0,0.0,29.47999999999955
ppo_track_v5_960252_steps,274.2155343968559,393.2160370413505,61.05301916170214,1688.834928707799,1.0,0.0,0.0,29.51999999999955
ppo_track_v5_960252_steps,276.6872796419977,393.1782369856013,61.800856593454505,1690.942353150445,1.0,0.0,0.0,29.559999999999548
ppo_track_v5_960252_steps,279.1888562006788,393.13584415174415,62.54839342114003,1693.0491620316193,1.0,0.0,0.0,29.599999999999547
ppo_track_v5_960252_steps,281.7202472001272,393.0890290447194,63.29559644208043,1697.2617961360168,1.0,0.0,0.0,29.639999999999542
ppo_track_v5_960252_steps,284.2814354258612,393.0379535580631,64.0424362872773,1699.3681213008235,1.0,0.0,0.0,29.679999999999545
ppo_track_v5_960252_steps,286.87240334000774,392.9827714113259,64.78888697847525,1701.474788588567,1.0,0.0,0.0,29.719999999999544
ppo_track_v5_960252_steps,289.49313309868853,392.9236285652715,65.53492553724003,1703.5820240013115,1.0,0.0,0.0,29.759999999999543
ppo_track_v5_960252_steps,292.14360656852296,392.8606636159828,66.28053163983654,1705.6900112651697,1.0,0.0,0.0,29.799999999999542
ppo_track_v5_960252_steps,294.8238053422914,392.79400816894776,67.0256873124465,1709.90867910657,1.0,0.0,0.0,29.83999999999954
ppo_track_v5_960252_steps,297.53371075380244,392.7237871941414,67.7703766619289,1712.019405778112,1.0,0.0,0.0,29.87999999999954
ppo_track_v5_960252_steps,300.2733038920037,392.6501193630697,68.51458563790611,1714.130984277978,1.0,0.0,0.0,29.91999999999954
ppo_track_v5_960252_steps,303.04256561437546,392.5731173686923,69.2583018224684,1718.3562122875444,1.0,0.0,0.0,29.95999999999954
ppo_track_v5_960252_steps,305.8414765596427,392.4928882290921,70.00151424423629,1720.4695857747656,1.0,0.0,0.0,29.999999999999535
ppo_track_v5_960252_steps,308.67001715984094,392.4095335757193,70.74421321391209,1722.583294051471,1.0,0.0,0.0,30.039999999999537
ppo_track_v5_960252_steps,311.5281676517683,392.3231499269927,71.48639017879529,1726.8113253856186,1.0,0.0,0.0,30.079999999999536
ppo_track_v5_960252_steps,314.4159080878549,392.23382894800136,72.22803759403999,1728.925512483467,1.0,0.0,0.0,30.119999999999536
ppo_track_v5_960252_steps,317.3332183464795,392.1416576970141,72.96914880869575,1731.0397566799015,1.0,0.0,0.0,30.15999999999953
ppo_track_v5_960252_steps,320.2800781417612,392.0467188594664,73.70971796480798,1735.2683283424287,1.0,0.0,0.0,30.19999999999953
ppo_track_v5_960252_steps,323.25646703285287,391.94909097006,74.44973990805748,1737.3826325174057,1.0,0.0,0.0,30.239999999999533
ppo_track_v5_960252_steps,326.262364432762,391.848848623581,75.18921010859937,1741.611253684063,1.0,0.0,0.0,30.27999999999953
ppo_track_v5_960252_steps,329.29774961672246,391.7460626750075,75.92812459091975,1743.72556668276,1.0,0.0,0.0,30.31999999999953
ppo_track_v5_960252_steps,332.36260173014017,391.6408004294523,76.66647987166736,1745.839879700667,1.0,0.0,0.0,30.35999999999953
ppo_track_v5_960252_steps,335.4568997961347,391.5331258224564,77.40427290454059,1750.0685057364813,1.0,0.0,0.0,30.39999999999953
ppo_track_v5_960252_steps,338.58062272269643,391.42309959112345,78.14150103141738,1752.1828187543883,1.0,0.0,0.0,30.43999999999953
ppo_track_v5_960252_steps,341.7337493094801,391.31077943656106,78.87816193901132,1756.4114447902025,1.0,0.0,0.0,30.479999999999528
ppo_track_v5_960252_steps,344.9162582542519,391.19622017806967,79.61425362042,1758.5257578081096,1.0,0.0,0.0,30.519999999999527
ppo_track_v5_960252_steps,348.12812815900844,391.0794738994989,80.3497743410064,1762.7543838439235,1.0,0.0,0.0,30.55999999999953
ppo_track_v5_960252_steps,351.3693375357844,390.9605900881687,81.08472260811826,1764.8686968618308,1.0,0.0,0.0,30.599999999999525
ppo_track_v5_960252_steps,354.639864812164,390.8396157667341,81.81909714420804,1769.097322897645,1.0,0.0,0.0,30.639999999999525
ppo_track_v5_960252_steps,357.9396883365119,390.7165956183503,82.55289686296726,1773.3259489334591,1.0,0.0,0.0,30.679999999999524
ppo_track_v5_960252_steps,361.2687863829378,390.59157210548005,83.28612084813216,1775.4402613246268,1.0,0.0,0.0,30.719999999999523
ppo_track_v5_960252_steps,364.6271371560079,390.4645855826654,84.0187683346586,1779.6688758878188,1.0,0.0,0.0,30.75999999999952
ppo_track_v5_960252_steps,368.014718795216,390.3356744035708,84.75083869199803,1781.7831723883226,1.0,0.0,0.0,30.79999999999952
ppo_track_v5_960252_steps,371.4294534364199,390.18814177549694,85.44800519242911,1786.0117026327623,1.0,0.0,0.0,30.83999999999952
ppo_track_v5_960252_steps,374.87141380483206,390.0227502254504,86.148293448516,1790.240008674146,1.0,0.0,0.0,30.87999999999952
ppo_track_v5_960252_steps,378.34066776954575,389.8402236908198,86.85130614851852,1792.3539749960837,1.0,0.0,0.0,30.91999999999952
ppo_track_v5_960252_steps,381.8372785911556,389.6412494796112,87.55668868840472,1796.5811530060598,1.0,0.0,0.0,30.95999999999952
ppo_track_v5_960252_steps,385.36130515679775,389.4264801311032,88.2641246076591,1798.694141243421,1.0,0.0,0.0,30.99999999999952
ppo_track_v5_960252_steps,388.9128022032495,389.1965351819814,88.97333150508543,1802.918234824996,1.0,0.0,0.0,31.03999999999952
ppo_track_v5_960252_steps,392.4918205286946,388.95200284275256,89.6840573861943,1807.13899139836,1.0,0.0,0.0,31.079999999999515
ppo_track_v5_960252_steps,396.09840719373005,388.6934415889978,90.39607739814745,1811.3560292438565,1.0,0.0,0.0,31.119999999999514
ppo_track_v5_960252_steps,399.6528770656564,388.42713554200657,89.11079824120743,1813.463326946432,1.0,0.0,1.0,31.159999999999517
ppo_track_v5_960252_steps,403.2350895693294,388.1480422071204,89.82670646531326,1817.6763828685212,1.0,0.0,0.0,31.199999999999516
ppo_track_v5_960252_steps,406.8450802227284,387.8566286523614,90.54334037328981,1821.888984292848,1.0,0.0,0.0,31.23999999999951
ppo_track_v5_960252_steps,410.40320731158494,387.55980168180446,89.2621652455032,1823.9957103598888,1.0,0.0,1.0,31.27999999999951
ppo_track_v5_960252_steps,413.9096042046268,387.2583665512988,87.9832452424782,1828.210910846814,1.0,0.0,1.0,31.31999999999951
ppo_track_v5_960252_steps,417.4440383515196,386.9461999808143,88.70482197451976,1832.42885079973,1.0,0.0,0.0,31.35999999999951
ppo_track_v5_960252_steps,421.006532021428,386.6236643842664,89.42661222749214,1834.5386669311567,1.0,0.0,0.0,31.39999999999951
ppo_track_v5_960252_steps,424.5971051949938,386.2911039111384,90.14853084984792,1838.758890415627,1.0,0.0,0.0,31.439999999999507
ppo_track_v5_960252_steps,428.2157756815187,385.9488453741971,90.87050193873144,1842.9778580769344,1.0,0.0,0.0,31.479999999999507
ppo_track_v5_960252_steps,431.8625592301933,385.597199130082,91.59245783593421,1847.1930953638332,1.0,0.0,0.0,31.519999999999506
ppo_track_v5_960252_steps,435.53878758545096,385.2544178598822,92.30436717458208,1849.2986901608167,1.0,0.0,0.0,31.559999999999505
ppo_track_v5_960252_steps,439.2444160647219,384.9199904032428,93.01721665281337,1853.5051424525527,1.0,0.0,0.0,31.599999999999504
ppo_track_v5_960252_steps,442.899785710229,384.6005838665327,91.73244989161442,1857.7055228653544,1.0,0.0,1.0,31.639999999999503
ppo_track_v5_960252_steps,446.5845250968959,384.2883893916797,92.44853209280349,1861.9020028700763,1.0,0.0,0.0,31.679999999999502
ppo_track_v5_960252_steps,450.2985930665895,383.9829797983697,93.16509507049253,1863.9999883444848,1.0,0.0,0.0,31.7199999999995
ppo_track_v5_960252_steps,453.9197033767612,383.69269203209103,90.81817984881542,1868.198104727642,0.0,0.0,1.0,31.7599999999995
ppo_track_v5_960252_steps,457.490470426574,383.4145724183954,89.53954379054547,1872.4016062792296,1.0,0.0,1.0,31.7999999999995
ppo_track_v5_960252_steps,461.0905959474363,383.14174809491294,90.26120732853703,1874.505828319288,1.0,0.0,0.0,31.8399999999995
ppo_track_v5_960252_steps,464.67745893366106,382.8760161356683,89.91732159362049,1878.719153719544,0.0,0.0,0.0,31.879999999999495
ppo_track_v5_960252_steps,468.213920989919,382.62080090820393,88.64147832590149,1882.9381427962585,1.0,0.0,1.0,31.919999999999497
ppo_track_v5_960252_steps,471.69999385137424,382.3755234635244,87.36727440896904,1885.0492973702324,1.0,0.0,1.0,31.959999999999496
ppo_track_v5_960252_steps,475.093104997493,382.1417355008934,85.02889237410255,1889.2738135191623,0.0,0.0,1.0,31.999999999999496
ppo_track_v5_960252_steps,478.3933038535946,381.9189184254212,82.69280477668617,1893.4997319281647,0.0,0.0,1.0,32.039999999999495
ppo_track_v5_960252_steps,481.722985668391,381.6991581341381,83.42315166296328,1895.6126541749863,1.0,0.0,0.0,32.079999999999494
ppo_track_v5_960252_steps,485.0804771121657,381.465680151497,84.13999035609552,1899.837368168338,1.0,0.0,0.0,32.11999999999949
ppo_track_v5_960252_steps,488.46581938122745,381.218997662719,84.85794942492878,1901.9487827944552,1.0,0.0,0.0,32.15999999999949
ppo_track_v5_960252_steps,491.8366917698463,380.9644087092729,84.5118194232667,1906.169038773055,0.0,0.0,0.0,32.19999999999949
ppo_track_v5_960252_steps,495.1931684269264,380.70242540978,84.16713580258299,1910.3855929323013,0.0,0.0,0.0,32.23999999999949
ppo_track_v5_960252_steps,498.5791600197352,380.4453673744947,84.89338129411577,1912.4926130655829,1.0,0.0,0.0,32.27999999999949
ppo_track_v5_960252_steps,501.95074756970246,380.1809484214443,84.5485067499204,1916.704783947368,0.0,0.0,0.0,32.31999999999949
ppo_track_v5_960252_steps,505.3044109713929,379.89600976347896,84.14365785162022,1918.810232820736,0.0,0.0,0.0,32.35999999999949
ppo_track_v5_960252_steps,508.555468654174,379.587753974612,81.64097350649068,1923.0204722866465,0.0,1.0,1.0,32.39999999999949
ppo_track_v5_960252_steps,511.7048233936983,379.259466833363,79.16046883733064,1925.1253993198588,0.0,1.0,1.0,32.439999999999486
ppo_track_v5_960252_steps,514.7458388483872,378.9012706011539,76.55096152411092,1929.3348159772563,0.0,0.0,1.0,32.479999999999485
ppo_track_v5_960252_steps,517.6799824982821,378.517534843368,73.97825732107997,1931.4391009318977,0.0,0.0,1.0,32.519999999999484
ppo_track_v5_960252_steps,520.5879054434088,378.1019877182771,73.43660219862075,1935.645856786281,0.0,0.0,0.0,32.559999999999484
ppo_track_v5_960252_steps,523.4703685645893,377.65659832417913,72.91675629330925,1937.7477978504344,0.0,0.0,0.0,32.59999999999948
ppo_track_v5_960252_steps,526.3203848111477,377.1738143450764,72.26545239655229,1939.848376626723,0.0,0.0,0.0,32.63999999999948
ppo_track_v5_960252_steps,529.0512799688488,376.6612540043621,69.46449842018409,1944.044098108128,0.0,0.0,1.0,32.67999999999948
ppo_track_v5_960252_steps,531.7345590609981,376.1031188007103,68.51779692131524,1946.1384475509587,0.0,0.0,0.0,32.71999999999948
ppo_track_v5_960252_steps,534.3618187340792,375.4974556373625,67.40419709314482,1948.2297093295972,0.0,0.0,0.0,32.75999999999948
ppo_track_v5_960252_steps,536.9247217752472,374.8440694696421,66.1219776369631,1952.398875098498,0.0,0.0,0.0,32.79999999999948
ppo_track_v5_960252_steps,539.4187474871142,374.1497544143946,64.72170060824176,1954.473436931504,0.0,1.0,0.0,32.83999999999948
ppo_track_v5_960252_steps,541.8327619738872,373.41197969545925,63.10594998814597,1956.5379977914336,0.0,0.0,0.0,32.87999999999948
ppo_track_v5_960252_steps,544.16017507315,372.6351296208055,61.34099247806179,1960.623618798353,0.0,0.0,0.0,32.91999999999948
ppo_track_v5_960252_steps,546.4190305599982,371.792178838761,60.27537915379355,1962.6374078385884,1.0,0.0,0.0,32.959999999999475
ppo_track_v5_960252_steps,548.6017744317097,370.8881548503808,59.06368480854398,1966.592831517639,1.0,0.0,0.0,32.999999999999474
ppo_track_v5_960252_steps,550.7018337550973,369.929058383473,57.71760560360735,1970.4511710427064,1.0,0.0,0.0,33.03999999999947
ppo_track_v5_960252_steps,552.3113387370568,369.1231539498147,44.99991835508125,1974.241554716889,1.0,0.0,0.0,33.07999999999947
ppo_track_v5_960252_steps,553.8474913133017,368.278169399894,43.83038063881013,1978.019152673393,1.0,0.0,0.0,33.11999999999947
ppo_track_v5_960252_steps,555.3141808432173,367.3945386182289,42.80757479312308,1979.9213618397732,1.0,0.0,0.0,33.15999999999947
ppo_track_v5_960252_steps,556.7079893951371,366.4781312664895,41.7021036169569,1981.840006786576,1.0,0.0,0.0,33.19999999999947
ppo_track_v5_960252_steps,558.026388140934,365.5350936517677,40.523875645251934,1983.7784994789165,1.0,0.0,0.0,33.23999999999947
ppo_track_v5_960252_steps,559.2677338648699,364.5717117898004,39.28297832953052,1985.7384092751795,1.0,0.0,0.0,33.27999999999947
ppo_track_v5_960252_steps,560.4412376522894,363.5812687881792,38.3901719075672,1987.719676315775,1.0,0.0,0.0,33.31999999999947
ppo_track_v5_960252_steps,561.5568596888776,362.5584439421871,37.83833368837152,1989.7209668350165,1.0,0.0,0.0,33.35999999999947
ppo_track_v5_960252_steps,562.610815513511,361.5082232951637,37.19699490309167,1991.740053596028,1.0,0.0,0.0,33.399999999999466
ppo_track_v5_960252_steps,563.600095370149,360.435947702645,36.473017261573446,1991.740053596028,1.0,0.0,0.0,33.439999999999465
ppo_track_v5_960252_steps,564.5224783981251,359.34719268833845,35.673676670236496,1993.774174967538,1.0,0.0,0.0,33.479999999999464
ppo_track_v5_960252_steps,565.3765288688514,358.24765163771445,34.80654328351109,1995.820344367414,1.0,0.0,0.0,33.51999999999946
ppo_track_v5_960252_steps,566.1652333204801,357.1363805566079,34.06774618061191,1995.820344367414,1.0,0.0,0.0,33.55999999999946
ppo_track_v5_960252_steps,566.8962737634718,356.0065333473472,33.64311636096284,1997.8755851911096,1.0,0.0,0.0,33.59999999999946
ppo_track_v5_960252_steps,567.5722226975145,354.85753231645714,33.3270754269311,1997.8755851911096,1.0,0.0,0.0,33.63999999999946
ppo_track_v5_960252_steps,568.1955222247777,353.6888303343799,33.11312639647096,1999.9370999222808,1.0,0.0,0.0,33.67999999999946
ppo_track_v5_960252_steps,568.7630798487644,352.50539306459126,32.812396933839004,2002.0023988970995,1.0,0.0,0.0,33.71999999999946
ppo_track_v5_960252_steps,569.2725380861733,351.3124498737837,32.42935738029175,2002.0023988970995,1.0,0.0,0.0,33.75999999999946
ppo_track_v5_960252_steps,569.7262423584291,350.1090419804978,32.15235337698713,2004.0693945852147,1.0,0.0,0.0,33.79999999999946
ppo_track_v5_960252_steps,570.1264194243697,348.89426046271814,31.974949374900657,2004.0693945852147,1.0,0.0,0.0,33.839999999999456
ppo_track_v5_960252_steps,570.4751834079184,347.66724372409067,31.890500085180882,2006.1364503028567,1.0,0.0,0.0,33.879999999999455
ppo_track_v5_960252_steps,570.7745415195495,346.42717508885744,31.892255124564898,2006.1364503028567,1.0,0.0,0.0,33.919999999999455
ppo_track_v5_960252_steps,571.0263994871046,345.1732805189689,31.973465837090163,2008.2024114789208,1.0,0.0,0.0,33.959999999999454
ppo_track_v5_960252_steps,571.2325667107234,343.90482644716803,32.12748683334615,2008.2024114789208,1.0,0.0,0.0,33.99999999999945
ppo_track_v5_960252_steps,571.394761155904,342.62111772015413,32.34786636954488,2010.266602657748,1.0,0.0,0.0,34.03999999999945
ppo_track_v5_960252_steps,571.5092902972433,341.32720674689654,32.47424490011621,2012.328798559724,1.0,0.0,0.0,34.07999999999945
ppo_track_v5_960252_steps,571.5778545413098,340.0222326731757,32.66935097159077,2012.328798559724,1.0,0.0,0.0,34.11999999999945
ppo_track_v5_960252_steps,571.6020684908109,338.7053794794691,32.926894868838524,2014.3891685401693,1.0,0.0,0.0,34.15999999999945
ppo_track_v5_960252_steps,571.583465302968,337.37587370246604,33.24089809333591,2014.3891685401693,1.0,0.0,0.0,34.19999999999945
ppo_track_v5_960252_steps,571.5235008264856,336.03298227233,33.60573920081062,2016.448205641637,1.0,0.0,0.0,34.23999999999945
ppo_track_v5_960252_steps,571.4182118716682,334.6820897412133,33.874736111827126,2016.448205641637,1.0,0.0,0.0,34.27999999999945
ppo_track_v5_960252_steps,571.2644873071744,333.32896436726065,34.04573687853021,2018.50665034852,1.0,0.0,0.0,34.319999999999446
ppo_track_v5_960252_steps,571.0638486393545,331.97248246227133,34.280999051843885,2018.50665034852,1.0,0.0,0.0,34.359999999999445
ppo_track_v5_960252_steps,570.8177408332546,330.6115784110985,34.574456690615364,2020.56541184677,1.0,0.0,0.0,34.399999999999444
ppo_track_v5_960252_steps,570.5275362003131,329.2452417207463,34.920397695895176,2022.62548180305,1.0,0.0,0.0,34.43999999999944
ppo_track_v5_960252_steps,570.1945380885643,327.8725142193736,35.31349366259617,2022.62548180305,1.0,0.0,0.0,34.47999999999944
ppo_track_v5_960252_steps,569.8154762840487,326.4995749023922,35.607673152670465,2024.6878518918184,1.0,0.0,0.0,34.51999999999944
ppo_track_v5_960252_steps,569.3916543378338,325.1252833973499,35.953982593421784,2024.6878518918184,1.0,0.0,0.0,34.55999999999944
ppo_track_v5_960252_steps,568.9205038719787,323.7561433013331,36.19847514050482,2026.7534245512893,1.0,0.0,0.0,34.59999999999944
ppo_track_v5_960252_steps,568.4004371217759,322.39881474667266,36.33877259521771,2028.82293241665,1.0,0.0,0.0,34.63999999999944
ppo_track_v5_960252_steps,567.8308358080384,321.0599747959075,36.37425317425951,2028.82293241665,1.0,0.0,0.0,34.67999999999944
ppo_track_v5_960252_steps,567.2129241361858,319.7378257252814,36.48538233979076,2030.8968545420155,1.0,0.0,0.0,34.71999999999944
ppo_track_v5_960252_steps,566.5478651557229,318.4306618222069,36.66555704093643,2030.8968545420155,1.0,0.0,0.0,34.75999999999944
ppo_track_v5_960252_steps,565.8367638661326,317.1368647105488,36.90846794937341,2032.9753881985005,1.0,0.0,0.0,34.79999999999944
ppo_track_v5_960252_steps,565.0806701649915,315.8548989133831,37.208147545327364,2035.0584565988784,1.0,0.0,0.0,34.839999999999435
ppo_track_v5_960252_steps,564.2805816463206,314.583307641169,37.55900359168455,2035.0584565988784,1.0,0.0,0.0,34.879999999999434
ppo_track_v5_960252_steps,563.4374462567808,313.320708793881,37.955838930486394,2037.145733704458,1.0,0.0,0.0,34.91999999999943
ppo_track_v5_960252_steps,562.552164816935,312.06579116623453,38.39385920880869,2039.236724849046,1.0,0.0,0.0,34.95999999999943
ppo_track_v5_960252_steps,561.6255934144297,310.8173108456854,38.8686705035299,2039.236724849046,1.0,0.0,0.0,34.99999999999943
ppo_track_v5_960252_steps,560.6585456756043,309.574087793412,39.37626892297707,2041.330838450068,1.0,0.0,0.0,35.03999999999943
ppo_track_v5_960252_steps,559.6517949217033,308.33500259898364,39.91302418644037,2043.4274432918533,1.0,0.0,0.0,35.07999999999943
ppo_track_v5_960252_steps,558.6060762155531,307.0989933998926,40.47565898652795,2043.4274432918533,1.0,0.0,0.0,35.11999999999943
ppo_track_v5_960252_steps,557.5220883042691,305.865052957574,41.06122568037384,2045.525908259348,1.0,0.0,0.0,35.15999999999943
ppo_track_v5_960252_steps,556.4004954632728,304.6322258819644,41.667081576244385,2047.625621794515,1.0,0.0,0.0,35.19999999999943
ppo_track_v5_960252_steps,555.238773091651,303.408641700828,42.18083923013554,2049.725994918384,1.0,0.0,0.0,35.23999999999943
ppo_track_v5_960252_steps,554.0376140701972,302.19309107064095,42.72255207563166,2049.725994918384,1.0,0.0,0.0,35.279999999999426
ppo_track_v5_960252_steps,552.7976771579201,300.98442667437365,43.289094825020456,2051.826467344665,1.0,0.0,0.0,35.319999999999425
ppo_track_v5_960252_steps,551.5195887245692,299.78156007007186,43.87765740677435,2053.926513742439,1.0,0.0,0.0,35.359999999999424
ppo_track_v5_960252_steps,550.2039443951481,298.5834586995296,44.48572029056797,2056.0256716598838,1.0,0.0,0.0,35.39999999999942
ppo_track_v5_960252_steps,548.8513106108883,297.38914304892216,45.111029884656844,2058.123584608208,1.0,0.0,0.0,35.43999999999942
ppo_track_v5_960252_steps,547.4622261109251,296.1976839536789,45.75157458817459,2058.123584608208,1.0,0.0,0.0,35.47999999999942
ppo_track_v5_960252_steps,546.0372033387063,295.0082000402695,46.40556190804449,2060.2200389824498,1.0,0.0,0.0,35.51999999999942
ppo_track_v5_960252_steps,544.5767297769543,293.8198552979474,47.071396909250495,2062.315007528708,1.0,0.0,0.0,35.55999999999942
ppo_track_v5_960252_steps,543.0812692148148,292.6318567738491,47.747662155951296,2064.408668436989,1.0,0.0,0.0,35.59999999999942
ppo_track_v5_960252_steps,541.5512629506337,291.44345238518304,48.43309921578958,2066.501383208254,1.0,0.0,0.0,35.63999999999942
ppo_track_v5_960252_steps,539.9871309336337,290.2539288425593,49.12659173668593,2066.501383208254,1.0,0.0,0.0,35.67999999999942
ppo_track_v5_960252_steps,538.3892728475951,289.06260967881474,49.8271500603836,2068.593648132777,1.0,0.0,0.0,35.719999999999416
ppo_track_v5_960252_steps,536.7580691394857,287.8688533779745,50.53389730632408,2070.686013472145,1.0,0.0,0.0,35.759999999999415
ppo_track_v5_960252_steps,535.0938819958371,286.6720515992619,51.24605683986087,2072.7790007877925,1.0,0.0,0.0,35.799999999999415
ppo_track_v5_960252_steps,533.3970562695222,285.4716274913296,51.96294102765212,2074.8730305278223,1.0,0.0,0.0,35.839999999999414
ppo_track_v5_960252_steps,531.6679203594522,284.2670340921281,52.68394117810836,2076.96838673048,1.0,0.0,0.0,35.87999999999941
ppo_track_v5_960252_steps,529.9067870455867,283.0577528100609,53.4085185642518,2079.065213728872,1.0,0.0,0.0,35.91999999999941
ppo_track_v5_960252_steps,528.1139542815253,281.84329198229807,54.136196428907574,2081.163538984021,1.0,0.0,0.0,35.95999999999941
ppo_track_v5_960252_steps,526.2897059468359,280.6231855063272,54.86655287674622,2083.263307040646,1.0,0.0,0.0,35.99999999999941
ppo_track_v5_960252_steps,524.4343125611668,279.3969915410223,55.59921456355354,2085.364419636135,1.0,0.0,0.0,36.03999999999941
ppo_track_v5_960252_steps,522.5480319620813,278.1642912736985,56.33385109964234,2087.466767073952,1.0,0.0,0.0,36.07999999999941
ppo_track_v5_960252_steps,520.6311099484589,276.9246877498013,57.07017009112963,2089.570238070754,1.0,0.0,0.0,36.11999999999941
ppo_track_v5_960252_steps,518.6793375515634,275.6891834862583,57.748843465237265,2091.674714047835,1.0,0.0,0.0,36.15999999999941
ppo_track_v5_960252_steps,516.6902994649838,274.46893785690264,58.33776599374612,2093.7800698667497,1.0,0.0,0.0,36.199999999999406
ppo_track_v5_960252_steps,514.6644639682531,273.2626795491671,58.944192699509294,2095.8861636787988,1.0,0.0,0.0,36.239999999999405
ppo_track_v5_960252_steps,512.6022766921582,272.069202230102,59.56616317597457,2097.9928342210137,1.0,0.0,0.0,36.27999999999941
ppo_track_v5_960252_steps,510.50416176838377,270.88736124509313,60.20192245275298,2100.0999042082262,1.0,0.0,0.0,36.3199999999994
ppo_track_v5_960252_steps,508.3705229207562,269.716070484285,60.8499012861767,2102.207191095236,1.0,0.0,0.0,36.3599999999994
ppo_track_v5_960252_steps,506.201744501052,268.55429940819005,61.50869789624101,2104.314514749581,1.0,0.0,0.0,36.3999999999994
ppo_track_v5_960252_steps,503.99819247218807,267.4010702243972,62.1770611553298,2106.4217066579,1.0,0.0,0.0,36.4399999999994
ppo_track_v5_960252_steps,501.7602153414673,266.2554552077036,62.85387519926187,2110.6351247256684,1.0,0.0,0.0,36.4799999999994
ppo_track_v5_960252_steps,499.4861816914711,265.1295892581777,63.43699225223883,2112.741134029095,1.0,0.0,0.0,36.5199999999994
ppo_track_v5_960252_steps,497.1764697208209,264.0220959348836,64.03763955921613,2114.846585639116,1.0,0.0,0.0,36.5599999999994
ppo_track_v5_960252_steps,494.8314395784264,262.9316690186356,64.65387279785149,2116.95145391446,1.0,0.0,0.0,36.5999999999994
ppo_track_v5_960252_steps,492.4538378199328,261.84380855742535,65.3664215454703,2121.159498522245,1.0,0.0,0.0,36.6399999999994
ppo_track_v5_960252_steps,490.0483840194543,260.7450351931483,66.11311751593496,2123.262777341516,1.0,0.0,0.0,36.6799999999994
ppo_track_v5_960252_steps,487.6151280966443,259.63529558011766,66.8592570003355,2125.365668045793,1.0,0.0,0.0,36.7199999999994
ppo_track_v5_960252_steps,485.1930355775999,258.531966523601,66.53883817818776,2129.570690764212,0.0,0.0,0.0,36.759999999999394
ppo_track_v5_960252_steps,482.7785725378997,257.4454853481406,66.19135666151946,2131.673020581733,0.0,0.0,0.0,36.79999999999939
ppo_track_v5_960252_steps,480.40496012253465,256.3930392441696,64.91185706469145,2135.877636689589,1.0,0.0,1.0,36.83999999999939
ppo_track_v5_960252_steps,478.0041174248298,255.32824824244912,65.65927931596697,2137.9798899361326,1.0,0.0,0.0,36.87999999999939
ppo_track_v5_960252_steps,475.655598966102,254.2715939228642,64.38195254729196,2140.081943730177,1.0,0.0,1.0,36.91999999999939
ppo_track_v5_960252_steps,473.3667673731196,253.21356236078367,63.0385836581115,2144.284345899971,1.0,0.0,1.0,36.95999999999939
ppo_track_v5_960252_steps,471.1455707942192,252.1470527806192,61.599294469892136,2146.383903989262,1.0,0.0,1.0,36.99999999999939
ppo_track_v5_960252_steps,468.9282758737164,251.03242499303371,62.042283310179954,2148.481723510952,1.0,0.0,0.0,37.03999999999939
ppo_track_v5_960252_steps,466.7848767749221,249.9072541142207,60.51946589342602,2150.5772964210773,1.0,0.0,1.0,37.07999999999939
ppo_track_v5_960252_steps,464.71267730282494,248.7749123917813,59.034991893244666,2154.7599466550746,1.0,0.0,1.0,37.119999999999386
ppo_track_v5_960252_steps,462.6498071572079,247.59354323370528,59.42992893595047,2156.846424430743,1.0,0.0,0.0,37.159999999999386
ppo_track_v5_960252_steps,460.6754088350535,246.3996552701056,57.6824128534553,2158.9295287956884,1.0,0.0,1.0,37.199999999999385
ppo_track_v5_960252_steps,458.7969763745027,245.19398073359963,55.80187943088027,2163.086173894656,1.0,0.0,1.0,37.23999999999938
ppo_track_v5_960252_steps,456.9542440636661,243.93531256877205,55.789268225123536,2165.1603416645644,1.0,0.0,0.0,37.27999999999938
ppo_track_v5_960252_steps,455.15641387377616,242.6247113748236,55.62075197969616,2167.2323502375825,1.0,0.0,0.0,37.31999999999938
ppo_track_v5_960252_steps,453.400614302652,241.2634106664565,55.54261737936365,2171.3722675889594,1.0,0.0,0.0,37.35999999999938
ppo_track_v5_960252_steps,451.6841201928031,239.85258241957268,55.5472117400544,2173.441536363004,1.0,0.0,0.0,37.39999999999938
ppo_track_v5_960252_steps,450.0657611286577,238.4445052205955,53.629326508339716,2175.511325828283,1.0,0.0,1.0,37.43999999999938
ppo_track_v5_960252_steps,448.5512216914818,237.0430118684918,51.587385344867776,2177.5823664557856,1.0,0.0,1.0,37.47999999999938
ppo_track_v5_960252_steps,447.086791928161,235.59832865381517,51.4275225588667,2179.6553176553566,1.0,0.0,0.0,37.51999999999938
ppo_track_v5_960252_steps,445.6800827300364,234.11412962241508,51.122876073836274,2181.7306946185063,1.0,0.0,0.0,37.55999999999938
ppo_track_v5_960252_steps,444.3279379477762,232.5909056277848,50.919709163119805,2183.808813293103,1.0,0.0,0.0,37.599999999999376
ppo_track_v5_960252_steps,443.03743511491314,231.03305246648364,50.57360992777997,2185.8897603903606,1.0,0.0,0.0,37.639999999999375
ppo_track_v5_960252_steps,441.8147620505024,229.44586337901757,50.08803887785394,2187.973402365624,1.0,0.0,0.0,37.679999999999374
ppo_track_v5_960252_steps,440.6565052012895,227.82929146704484,49.71709763330758,2190.0594055729284,1.0,0.0,0.0,37.719999999999374
ppo_track_v5_960252_steps,439.5594243967661,226.1832934443903,49.452602195412474,2192.147313092478,1.0,0.0,0.0,37.75999999999937
ppo_track_v5_960252_steps,438.5204440413472,224.50782945256333,49.28653319401229,2194.236612918153,1.0,0.0,0.0,37.79999999999937
ppo_track_v5_960252_steps,437.5366447539854,222.8028628856486,49.21110159373667,2196.326803887524,1.0,0.0,0.0,37.83999999999937
ppo_track_v5_960252_steps,436.60525543249327,221.068360224093,49.21880707065334,2198.417464383694,1.0,0.0,0.0,37.87999999999937
ppo_track_v5_960252_steps,435.733029680673,219.30923466810864,49.08729777050175,2200.5082854379853,1.0,0.0,0.0,37.91999999999937
ppo_track_v5_960252_steps,434.92576256592577,217.53122385942515,48.81727812944055,2202.59910754504,1.0,0.0,0.0,37.95999999999937
ppo_track_v5_960252_steps,434.1882106191567,215.74072266616216,48.411500423833964,2204.689898119097,1.0,0.0,0.0,37.99999999999937
ppo_track_v5_960252_steps,433.5172461513691,213.93688338602837,48.114638271445486,2206.780742939645,1.0,0.0,0.0,38.03999999999937
ppo_track_v5_960252_steps,432.90990002909416,212.1189025657797,47.91870443153022,2208.8717938984387,1.0,0.0,0.0,38.079999999999366
ppo_track_v5_960252_steps,432.363353620035,210.2860187524197,47.8158972684079,2210.9632116874905,1.0,0.0,0.0,38.119999999999365
ppo_track_v5_960252_steps,431.8749311478717,208.43751035863835,47.798664947322216,2213.0551173772205,1.0,0.0,0.0,38.15999999999936
ppo_track_v5_960252_steps,431.4420924354419,206.5726936366887,47.85976100442339,2215.147536863491,1.0,0.0,0.0,38.19999999999936
ppo_track_v5_960252_steps,431.0624260165683,204.69092075519043,47.992289531513556,2217.2403796148246,1.0,0.0,0.0,38.23999999999936
ppo_track_v5_960252_steps,430.7336425978041,202.79157797363288,48.18973917176872,2219.333439853578,1.0,0.0,0.0,38.27999999999936
ppo_track_v5_960252_steps,430.46173610156137,200.8806952257308,48.25327721337158,2219.333439853578,1.0,0.0,0.0,38.31999999999936
ppo_track_v5_960252_steps,430.25160083496,198.9649685768943,48.18042537776624,2221.4264164003075,1.0,0.0,0.0,38.35999999999936
ppo_track_v5_960252_steps,430.1069776476844,197.05158001179424,47.971161045943724,2223.518956445322,1.0,0.0,0.0,38.39999999999936
ppo_track_v5_960252_steps,430.02530680609857,195.1390800557932,47.856074640983415,2225.6107161368386,1.0,0.0,0.0,38.43999999999936
ppo_track_v5_960252_steps,430.0041579964114,193.2260939321252,47.8275756069224,2227.701417238617,1.0,0.0,0.0,38.47999999999936
ppo_track_v5_960252_steps,430.0412237506398,191.31131776639248,47.878372172325044,2229.79089996642,1.0,0.0,0.0,38.51999999999936
ppo_track_v5_960252_steps,430.1343132065334,189.39351498387396,48.00151794106685,2231.87915058463,1.0,0.0,0.0,38.55999999999936
ppo_track_v5_960252_steps,430.28134618449405,187.4715128898514,48.190447354967255,2233.966315005384,1.0,0.0,0.0,38.59999999999936
ppo_track_v5_960252_steps,430.4803475653876,185.5441994236559,48.43899995468557,2236.0526932135904,1.0,0.0,0.0,38.63999999999936
ppo_track_v5_960252_steps,430.7294419539624,183.61052007760895,48.741434040684865,2238.1387134226743,1.0,0.0,0.0,38.67999999999935
ppo_track_v5_960252_steps,431.026848613366,181.66947497248256,49.092430814184716,2238.1387134226743,1.0,0.0,0.0,38.71999999999935
ppo_track_v5_960252_steps,431.3708766569877,179.7201160815261,49.48709036550065,2240.2248881289497,1.0,0.0,0.0,38.75999999999935
ppo_track_v5_960252_steps,431.75992048455527,177.76154459551384,49.92092100004705,2242.311769740684,1.0,0.0,0.0,38.79999999999935
ppo_track_v5_960252_steps,432.1924554500774,175.7929084216483,50.38982338634428,2244.3999026235115,1.0,0.0,0.0,38.83999999999935
ppo_track_v5_960252_steps,432.6670337498544,173.8133998095202,50.890070913369534,2246.4897710914806,1.0,0.0,0.0,38.87999999999935
ppo_track_v5_960252_steps,433.18228051937774,171.82225309767037,51.418287491019775,2248.581766174136,1.0,0.0,0.0,38.91999999999935
ppo_track_v5_960252_steps,433.7368901285065,169.81874257462675,51.971423845732474,2250.67615309995,1.0,0.0,0.0,38.95999999999935
ppo_track_v5_960252_steps,434.32962266484816,167.80218044860163,52.54673317484296,2252.773069269792,1.0,0.0,0.0,38.99999999999935
ppo_track_v5_960252_steps,434.95930059578416,165.77191492032884,53.141746842763816,2254.872519567941,1.0,0.0,0.0,39.03999999999935
ppo_track_v5_960252_steps,435.6248056000631,163.72732835380148,53.754250638579975,2256.9743820547656,1.0,0.0,0.0,39.07999999999935
ppo_track_v5_960252_steps,436.3334982422032,161.6758250779218,54.26158258823981,2259.0784380399846,1.0,0.0,0.0,39.119999999999344
ppo_track_v5_960252_steps,437.0840500037415,159.61651129462416,54.795649946116605,2261.184392610004,1.0,0.0,0.0,39.15999999999934
ppo_track_v5_960252_steps,437.8751991626221,157.54853960691827,55.35354489975454,2263.2919004831897,1.0,0.0,0.0,39.19999999999934
ppo_track_v5_960252_steps,438.7057474004925,155.47110666091746,55.932649345883654,2265.40059767238,1.0,0.0,0.0,39.23999999999934
ppo_track_v5_960252_steps,439.5745565823492,153.3834509076529,56.53061083727731,2267.5101288195583,1.0,0.0,0.0,39.27999999999934
ppo_track_v5_960252_steps,440.48054569977614,151.2848504785881,57.14531937179441,2269.6201729015274,1.0,0.0,0.0,39.31999999999934
ppo_track_v5_960252_steps,441.4226879694668,149.17462116905793,57.77488530461401,2271.730462944554,1.0,0.0,0.0,39.35999999999934
ppo_track_v5_960252_steps,442.4083120054633,147.06117728003414,58.29933432502748,2275.9510267511228,1.0,0.0,0.0,39.39999999999934
ppo_track_v5_960252_steps,443.4431867324322,144.95367369555748,58.69698171063031,2278.061070711175,1.0,0.0,0.0,39.43999999999934
ppo_track_v5_960252_steps,444.52586722178654,142.85072926864237,59.13212063211673,2280.17087524624,1.0,0.0,0.0,39.479999999999336
ppo_track_v5_960252_steps,445.65498110170654,140.7510338780737,59.60085405744624,2282.280403902864,1.0,0.0,0.0,39.519999999999335
ppo_track_v5_960252_steps,446.82922487193207,138.653344819607,60.09964547485111,2284.389624854416,1.0,0.0,0.0,39.55999999999933
ppo_track_v5_960252_steps,448.0473604057634,136.55648338049582,60.625294193172735,2286.4984996371954,1.0,0.0,0.0,39.59999999999933
ppo_track_v5_960252_steps,449.30821162976,134.45933158803422,61.174910347698656,2288.606984867259,1.0,0.0,0.0,39.63999999999933
ppo_track_v5_960252_steps,450.6172084351766,132.3718694063908,61.59835121769973,2290.715036895285,1.0,0.0,0.0,39.67999999999933
ppo_track_v5_960252_steps,451.973044855724,130.29262072912277,62.05626207927935,2294.929737312409,1.0,0.0,0.0,39.71999999999933
ppo_track_v5_960252_steps,453.3744803563366,128.220185223094,62.54503571940285,2297.0364066715606,1.0,0.0,0.0,39.75999999999933
ppo_track_v5_960252_steps,454.7753405559605,126.21930359552512,61.06316702006564,2299.1426967511256,1.0,0.0,1.0,39.79999999999933
ppo_track_v5_960252_steps,456.1728112445292,124.28715007895862,59.61407938245965,2301.248704260473,1.0,0.0,1.0,39.83999999999933
ppo_track_v5_960252_steps,457.56427706991246,122.42107467921612,58.19372034814932,2303.354541983812,1.0,0.0,1.0,39.87999999999933
ppo_track_v5_960252_steps,458.9473093167096,120.6185943389346,56.798512154709925,2305.460314774031,1.0,0.0,1.0,39.91999999999933
ppo_track_v5_960252_steps,460.3196541986197,118.87738431036718,55.425303554021355,2307.5661038646813,1.0,0.0,1.0,39.959999999999326
ppo_track_v5_960252_steps,461.6792216842812,117.19526976020924,54.07132504803911,2309.6719386285017,1.0,0.0,1.0,39.999999999999325
ppo_track_v5_960252_steps,463.0295951904574,115.58040687584705,52.626578013592166,2311.7777857491355,1.0,0.0,1.0,40.03999999999933
ppo_track_v5_960252_steps,464.3723217884328,114.04050212264345,51.07727825223183,2313.883538980725,1.0,0.0,1.0,40.07999999999932
ppo_track_v5_960252_steps,465.7574245245068,112.51185087550316,51.57085068660008,2315.9890103476405,1.0,0.0,0.0,40.11999999999932
ppo_track_v5_960252_steps,467.18405158930193,110.99309360421984,52.09299635676787,2318.0939388534266,1.0,0.0,0.0,40.15999999999932
ppo_track_v5_960252_steps,468.65139340463816,109.48294047300324,52.64061218986163,2320.197996243658,1.0,0.0,0.0,40.19999999999932
ppo_track_v5_960252_steps,470.1057787660199,108.04819055167036,51.074358269134706,2322.300773395997,1.0,0.0,1.0,40.23999999999932
ppo_track_v5_960252_steps,471.5461849912641,106.69573727548088,49.395723233380565,2324.401785587156,1.0,0.0,1.0,40.27999999999932
ppo_track_v5_960252_steps,472.969958753784,105.4207764493775,47.779812911274895,2326.5004483109856,1.0,0.0,1.0,40.31999999999932
ppo_track_v5_960252_steps,474.4344946272289,104.16580820675998,48.21702639230157,2328.596054287081,1.0,0.0,0.0,40.35999999999932
ppo_track_v5_960252_steps,475.878166925868,102.98094470145575,46.69108073323361,2330.68773424502,1.0,0.0,1.0,40.39999999999932
ppo_track_v5_960252_steps,477.2988586416984,101.86216077989933,45.208146490442964,2332.7744578527654,1.0,0.0,1.0,40.43999999999932
ppo_track_v5_960252_steps,478.6946168373287,100.8056886438522,43.762671842802284,2334.85501331844,1.0,0.0,1.0,40.47999999999932
ppo_track_v5_960252_steps,480.0646177071002,99.81776529188812,42.22628722527892,2334.85501331844,1.0,0.0,1.0,40.519999999999314
ppo_track_v5_960252_steps,481.406696718265,98.90358054553356,40.596411653896794,2336.92807455819,1.0,0.0,1.0,40.55999999999931
ppo_track_v5_960252_steps,482.71759482349256,98.06718475249204,38.87489360843005,2338.9922841925045,1.0,0.0,1.0,40.59999999999931
ppo_track_v5_960252_steps,483.9932043882092,97.31143265359329,37.06700855027904,2341.046390909504,1.0,0.0,1.0,40.63999999999931
ppo_track_v5_960252_steps,485.29804698209233,96.59801395342936,37.17845845173062,2343.0894055751382,1.0,0.0,0.0,40.67999999999931
ppo_track_v5_960252_steps,486.62810762306685,95.93239657310428,37.1828909384104,2343.0894055751382,1.0,0.0,0.0,40.71999999999931
ppo_track_v5_960252_steps,487.97873687910175,95.31932637612152,37.081451340983016,2345.1207385287285,1.0,0.0,0.0,40.75999999999931
ppo_track_v5_960252_steps,489.35040816067385,94.7564566893705,37.06669992183688,2347.1402812167844,1.0,0.0,0.0,40.79999999999931
ppo_track_v5_960252_steps,490.7435696143708,94.24155979255568,37.131671542099006,2349.148388020656,1.0,0.0,0.0,40.83999999999931
ppo_track_v5_960252_steps,492.1532835734816,93.77918466240044,37.09012846683364,2351.1457796280806,1.0,0.0,0.0,40.879999999999306
ppo_track_v5_960252_steps,493.5741339500335,93.37306118667254,36.943809275750525,2353.133354062068,1.0,0.0,0.0,40.919999999999305
ppo_track_v5_960252_steps,495.00035511750656,93.0260649328895,36.6956504463378,2355.111965096547,1.0,0.0,0.0,40.959999999999305
ppo_track_v5_960252_steps,496.4259608701092,92.74020189256176,36.349599719934446,2357.0822733452123,1.0,0.0,0.0,40.9999999999993
ppo_track_v5_960252_steps,497.84487043971865,92.51661240390054,35.91044961227426,2359.044697886205,1.0,0.0,0.0,41.0399999999993
ppo_track_v5_960252_steps,499.2510287979424,92.35559302105322,35.38368771460079,2360.999500108074,1.0,0.0,0.0,41.0799999999993
ppo_track_v5_960252_steps,500.6462658295086,92.25498556401008,34.97149048391267,2362.9470455825544,1.0,0.0,0.0,41.1199999999993
ppo_track_v5_960252_steps,502.03231751530257,92.21274067200072,34.66738296469357,2364.8881158150543,1.0,0.0,0.0,41.1599999999993
ppo_track_v5_960252_steps,503.4108307034388,92.2269122761299,34.46465076920282,2366.824234405172,1.0,0.0,0.0,41.1999999999993
ppo_track_v5_960252_steps,504.78336763796136,92.29565235280268,34.35642984553263,2368.757886215304,1.0,0.0,0.0,41.2399999999993
ppo_track_v5_960252_steps,506.1514102574864,92.41720594367526,34.33580387411626,2370.6925128358184,1.0,0.0,0.0,41.2799999999993
ppo_track_v5_960252_steps,507.5088506131726,92.59272549243872,34.21852049004182,2372.6322643073872,1.0,0.0,0.0,41.3199999999993
ppo_track_v5_960252_steps,508.8496015487172,92.82251047144383,34.00748270362575,2374.5815154157167,1.0,0.0,0.0,41.359999999999296
ppo_track_v5_960252_steps,510.16770995961633,93.10604170938454,33.70645103102799,2376.544276196328,1.0,0.0,0.0,41.399999999999295
ppo_track_v5_960252_steps,511.4652167217979,93.44187035310446,33.50657282394071,2378.5236462975736,1.0,0.0,0.0,41.439999999999294
ppo_track_v5_960252_steps,512.744058322184,93.82862012602212,33.40107806764766,2378.5236462975736,1.0,0.0,0.0,41.47999999999929
ppo_track_v5_960252_steps,514.0060721622223,94.26498364206108,33.383117463942845,2380.5214410400567,1.0,0.0,0.0,41.51999999999929
ppo_track_v5_960252_steps,515.2530015919983,94.74971890683172,33.4458637180472,2382.538070408344,1.0,0.0,0.0,41.55999999999929
ppo_track_v5_960252_steps,516.4865006886132,95.28164599655253,33.5826075719306,2384.5726727356555,1.0,0.0,0.0,41.59999999999929
ppo_track_v5_960252_steps,517.70813879182,95.85964390568104,33.78684320637679,2384.5726727356555,1.0,0.0,0.0,41.63999999999929
ppo_track_v5_960252_steps,518.9194048092494,96.48264755468524,34.052339417172455,2386.6234107528144,1.0,0.0,0.0,41.67999999999929
ppo_track_v5_960252_steps,520.1217113029289,97.14964494981872,34.37319476949737,2388.6878613237204,1.0,0.0,0.0,41.71999999999929
ppo_track_v5_960252_steps,521.3163983682073,97.85967448717912,34.74387650964273,2388.6878613237204,1.0,0.0,0.0,41.75999999999929
ppo_track_v5_960252_steps,522.5047373156281,98.61182239371968,35.15924422600836,2390.7634106634678,1.0,0.0,0.0,41.79999999999929
ppo_track_v5_960252_steps,523.6879341657644,99.40522029825657,35.61456005884605,2392.8475330176784,1.0,0.0,0.0,41.839999999999286
ppo_track_v5_960252_steps,524.8671329665156,100.23904292586845,36.10548768894495,2392.8475330176784,1.0,0.0,0.0,41.879999999999285
ppo_track_v5_960252_steps,526.0434189418837,101.11250590942008,36.6280824597294,2394.938008894371,1.0,0.0,0.0,41.91999999999928
ppo_track_v5_960252_steps,527.2178214807935,102.02486371225964,37.17877489072153,2397.033020837347,1.0,0.0,0.0,41.95999999999928
ppo_track_v5_960252_steps,528.3913169740781,102.97540765644244,37.75434960522684,2397.033020837347,1.0,0.0,0.0,41.99999999999928
ppo_track_v5_960252_steps,529.5648315073468,103.9634640511203,38.35192138974637,2399.1311727081525,1.0,0.0,0.0,42.03999999999928
ppo_track_v5_960252_steps,530.7392434170533,104.98839241600804,38.96890977763717,2401.2314699585063,1.0,0.0,0.0,42.07999999999928
ppo_track_v5_960252_steps,531.9153857167172,106.04958379509722,39.60301323851261,2403.333256754839,1.0,0.0,0.0,42.11999999999928
ppo_track_v5_960252_steps,533.0940483998905,107.1464591560325,40.25218377718918,2403.333256754839,1.0,0.0,0.0,42.15999999999928
ppo_track_v5_960252_steps,534.2759806261352,108.27846787079925,40.91460251046917,2405.436130511408,1.0,0.0,0.0,42.19999999999928
ppo_track_v5_960252_steps,535.4618927959513,109.44508627359131,41.588656598367955,2407.539884010166,1.0,0.0,0.0,42.23999999999928
ppo_track_v5_960252_steps,536.652458520299,110.6458162919387,42.27291775587587,2409.6444273355155,1.0,0.0,0.0,42.27999999999928
ppo_track_v5_960252_steps,537.8483164900679,111.88018414737309,42.96612245704087,2411.749728616512,1.0,0.0,0.0,42.31999999999928
ppo_track_v5_960252_steps,539.0500722505773,113.14773912209904,43.66715385926612,2411.749728616512,1.0,0.0,0.0,42.35999999999928
ppo_track_v5_960252_steps,540.2582998859311,114.4480523883178,44.37502541645163,2413.8557657337096,1.0,0.0,0.0,42.39999999999928
ppo_track_v5_960252_steps,541.4735436178073,115.78071589702036,45.0888661096884,2415.962510120153,1.0,0.0,0.0,42.43999999999927
ppo_track_v5_960252_steps,542.6963193230283,117.14534132322966,45.80790719908284,2418.069897453682,1.0,0.0,0.0,42.47999999999927
ppo_track_v5_960252_steps,543.9271159740383,118.54155906482362,46.531470386174696,2420.177843059406,1.0,0.0,0.0,42.51999999999927
ppo_track_v5_960252_steps,545.166397006204,119.96901729221727,47.25895727028534,2422.2862410540693,1.0,0.0,0.0,42.55999999999927
ppo_track_v5_960252_steps,546.4146016156558,121.42738104632063,47.98983998162544,2424.394979323169,1.0,0.0,0.0,42.59999999999927
ppo_track_v5_960252_steps,547.6721459911987,122.91633138231936,48.72365287728801,2424.394979323169,1.0,0.0,0.0,42.63999999999927
ppo_track_v5_960252_steps,548.9394244836411,124.4355645569509,49.45998519199788,2426.503951178186,1.0,0.0,0.0,42.67999999999927
ppo_track_v5_960252_steps,550.2168107157217,125.9847912570664,50.19847454268284,2428.613063969719,1.0,0.0,0.0,42.71999999999927
ppo_track_v5_960252_steps,551.4948019970767,127.56876010792678,50.88110550412595,2430.722244731735,1.0,0.0,0.0,42.75999999999927
ppo_track_v5_960252_steps,552.7741273439469,129.18702213862818,51.57182699373369,2432.8314417840497,1.0,0.0,0.0,42.79999999999927
ppo_track_v5_960252_steps,554.0554781307462,130.8391501332444,52.26965389584228,2434.940624582196,1.0,0.0,0.0,42.839999999999264
ppo_track_v5_960252_steps,555.3395100027521,132.5247375265162,52.97371228191734,2437.049780061198,1.0,0.0,0.0,42.879999999999264
ppo_track_v5_960252_steps,556.6268446916321,134.24339735563888,53.683227184065025,2439.158906693856,1.0,0.0,0.0,42.91999999999926
ppo_track_v5_960252_steps,557.91807173874,135.99476126529856,54.39751161152415,2441.2680111286386,1.0,0.0,0.0,42.95999999999926
ppo_track_v5_960252_steps,559.2137501308696,137.77847856325175,55.11595671201407,2443.377104948388,1.0,0.0,0.0,42.99999999999926
ppo_track_v5_960252_steps,560.5144098529106,139.59421532388092,55.83802297964018,2445.4862001372394,1.0,0.0,0.0,43.03999999999926
ppo_track_v5_960252_steps,561.8205533616297,141.44165353728863,56.56323241364482,2447.595308742021,1.0,0.0,0.0,43.07999999999926
ppo_track_v5_960252_steps,563.1326569845832,143.32049030161727,57.29116153670879,2451.813602611279,1.0,0.0,0.0,43.11999999999926
ppo_track_v5_960252_steps,564.4511722479643,145.23043705639796,58.021435187062515,2453.92279797349,1.0,0.0,0.0,43.15999999999926
ppo_track_v5_960252_steps,565.7765271369959,147.171218854845,58.753721004838724,2456.032026103721,1.0,0.0,0.0,43.19999999999926
ppo_track_v5_960252_steps,567.109127292294,149.14257367311671,59.4877245395195,2458.141281437587,1.0,0.0,0.0,43.239999999999256
ppo_track_v5_960252_steps,568.4493571454566,151.14425175466556,60.22318491173717,2460.250553158512,1.0,0.0,0.0,43.279999999999255
ppo_track_v5_960252_steps,569.7975809969636,153.1760149878943,60.95987096890222,2462.359825169892,1.0,0.0,0.0,43.31999999999925
ppo_track_v5_960252_steps,571.1541440393191,155.23763631542667,61.69757788003749,2464.469077006227,1.0,0.0,0.0,43.35999999999925
ppo_track_v5_960252_steps,572.5193733282181,157.3288991733865,62.436124120726305,2468.687429611924,1.0,0.0,0.0,43.39999999999925
ppo_track_v5_960252_steps,573.8935787043769,159.4495969591607,63.17534880419679,2470.796488390994,1.0,0.0,0.0,43.43999999999925
ppo_track_v5_960252_steps,575.2770536685344,161.59953252619908,63.91510931925481,2472.9054487657054,1.0,0.0,0.0,43.47999999999925
ppo_track_v5_960252_steps,576.6700762120037,163.77851770447813,64.65527924004643,2475.0143039838617,1.0,0.0,0.0,43.51999999999925
ppo_track_v5_960252_steps,578.0729096050295,165.98637284532407,65.39574647649263,2477.1230543131787,1.0,0.0,0.0,43.55999999999925
ppo_track_v5_960252_steps,579.4858031450988,168.22292638935846,66.1364116377188,2481.340266790462,1.0,0.0,0.0,43.59999999999925
ppo_track_v5_960252_steps,580.9089928672348,170.4880144563915,66.87718658392195,2483.448749166597,1.0,0.0,0.0,43.63999999999925
ppo_track_v5_960252_steps,582.3427022182095,172.78148045614816,67.61799314490956,2485.557163603143,1.0,0.0,0.0,43.67999999999925
ppo_track_v5_960252_steps,583.7871426965045,175.10317471876849,68.3587619860343,2487.665520269233,1.0,0.0,0.0,43.719999999999246
ppo_track_v5_960252_steps,585.242514459762,177.45295414407818,69.09943160446471,2491.88209756473,1.0,0.0,0.0,43.759999999999245
ppo_track_v5_960252_steps,586.7090069013769,179.8306818686753,69.83994744070077,2493.990336052441,1.0,0.0,0.0,43.79999999999925
ppo_track_v5_960252_steps,588.1867991977977,182.2362269499285,70.58026109199086,2496.0985534053143,1.0,0.0,0.0,43.83999999999924
ppo_track_v5_960252_steps,589.6760608280233,184.6694640660272,71.32032961585493,2500.314961410011,1.0,0.0,0.0,43.87999999999924
ppo_track_v5_960252_steps,591.1769520667107,187.1302732312689,72.06011491328923,2502.423169526397,1.0,0.0,0.0,43.91999999999924
ppo_track_v5_960252_steps,592.6896244522304,189.61853952580924,72.79958318244121,2506.639635696168,1.0,0.0,0.0,43.95999999999924
ppo_track_v5_960252_steps,594.2142212309461,192.13415283913952,73.53870443461548,2508.7479118903043,1.0,0.0,0.0,43.99999999999924
ppo_track_v5_960252_steps,595.750877778923,194.67700762659567,74.27745206541907,2510.856231077661,1.0,0.0,0.0,44.03999999999924
ppo_track_v5_960252_steps,597.2997220022143,197.24700267823545,75.01580247469228,2515.0730456411684,1.0,0.0,0.0,44.07999999999924
ppo_track_v5_960252_steps,598.8608747168114,199.844040899456,75.75373472960995,2517.1815609591176,1.0,0.0,0.0,44.11999999999924
ppo_track_v5_960252_steps,600.4344500092939,202.4680291027558,76.4912302659915,2521.398824588349,1.0,0.0,0.0,44.15999999999924
ppo_track_v5_960252_steps,602.0205555791565,205.1188778100739,77.228272623435,2523.5075592087323,1.0,0.0,0.0,44.19999999999924
ppo_track_v5_960252_steps,603.6192930637466,207.79650106517008,77.96484721039812,2527.725147014791,1.0,0.0,0.0,44.23999999999924
ppo_track_v5_960252_steps,605.2307583466937,210.5008162555352,78.70094109580049,2529.8339506473035,1.0,0.0,0.0,44.279999999999234
ppo_track_v5_960252_steps,606.8550418506715,213.23174394334788,79.43654282411643,2534.05144957284,1.0,0.0,0.0,44.31999999999923
ppo_track_v5_960252_steps,608.4922288152854,215.98920770501823,80.17164225127934,2536.1601045443417,1.0,0.0,0.0,44.35999999999923
ppo_track_v5_960252_steps,610.1423995608453,218.7731339788817,80.90623039902684,2540.3771757774743,1.0,0.0,0.0,44.39999999999923
ppo_track_v5_960252_steps,611.8056297387359,221.58345192062944,81.6402993255907,2542.4855942228605,1.0,0.0,0.0,44.43999999999923
ppo_track_v5_960252_steps,613.4819905690699,224.42009326608252,82.37384201087517,2546.7022433355223,1.0,0.0,0.0,44.47999999999923
ppo_track_v5_960252_steps,615.1715490662668,227.28299220093635,83.1068522544824,2548.810499993416,1.0,0.0,0.0,44.51999999999923
ppo_track_v5_960252_steps,616.8743682531724,230.1720852371212,83.83932458513034,2553.0269371976965,1.0,0.0,0.0,44.55999999999923
ppo_track_v5_960252_steps,618.5905073643003,233.08731109544328,84.5712541801764,2557.243331819002,1.0,0.0,0.0,44.59999999999923
ppo_track_v5_960252_steps,620.3200220387489,236.0286105941871,85.30263679410697,2559.351531745799,1.0,0.0,0.0,44.639999999999226
ppo_track_v5_960252_steps,622.0629645033174,238.99592654337567,86.03346869498253,2563.5679780986666,1.0,0.0,0.0,44.679999999999225
ppo_track_v5_960252_steps,623.8193837463192,241.98920364440207,86.76374660794396,2565.676243077713,1.0,0.0,0.0,44.71999999999922
ppo_track_v5_960252_steps,625.5893256825655,245.00838839475892,87.49346766498704,2569.892901340071,1.0,0.0,0.0,44.75999999999922
ppo_track_v5_960252_steps,627.3728333099666,248.0534289976072,88.22262936030239,2574.109776461514,1.0,0.0,0.0,44.79999999999922
ppo_track_v5_960252_steps,629.169946858179,251.1242752759376,88.95122951055777,2576.2183051433303,1.0,0.0,0.0,44.83999999999922
ppo_track_v5_960252_steps,630.9807039296985,254.22087859109288,89.67926621957001,2580.4355402576007,1.0,0.0,0.0,44.87999999999922
ppo_track_v5_960252_steps,632.805139633788,257.34319176542783,90.40673784687694,2584.652960330779,1.0,0.0,0.0,44.91999999999922
ppo_track_v5_960252_steps,634.6432867135995,260.4911690088977,91.13364297977418,2588.870449833744,1.0,0.0,0.0,44.95999999999922
ppo_track_v5_960252_steps,636.4951756668388,263.66476584937544,91.85998040843116,2590.979176376521,1.0,0.0,0.0,44.99999999999922
ppo_track_v5_960252_steps,638.3608348602996,266.8639390665079,92.58574910374433,2595.1965195490643,1.0,0.0,0.0,45.03999999999922
ppo_track_v5_960252_steps,640.2402906385795,270.08864662893177,93.3109481976232,2599.41366417288,1.0,0.0,0.0,45.07999999999922
ppo_track_v5_960252_steps,642.133567427272,273.3388476346782,94.03557696543987,2603.630595540483,1.0,0.0,0.0,45.119999999999216
ppo_track_v5_960252_steps,644.0406878309172,276.614502254604,94.75963481040223,2605.738984610957,1.0,0.0,0.0,45.159999999999215
ppo_track_v5_960252_steps,645.9616727259748,279.9155716786964,95.48312124963846,2609.9556245833555,1.0,0.0,0.0,45.199999999999214
ppo_track_v5_960252_steps,647.8965413490747,283.2420180651042,96.2060359018031,2614.1721154937904,1.0,0.0,0.0,45.23999999999921
ppo_track_v5_960252_steps,649.8453113807838,286.5938044917584,96.92837847603774,2618.3885186838866,1.0,0.0,0.0,45.27999999999921
ppo_track_v5_960252_steps,651.8079990251169,289.97089491044864,97.65014876213615,2622.6049012743915,1.0,0.0,0.0,45.31999999999921
ppo_track_v5_960252_steps,653.7846190850088,293.37325410323325,98.37134662178231,2626.821318881198,1.0,0.0,0.0,45.35999999999921
ppo_track_v5_960252_steps,655.7751850339505,296.800847641062,99.09197198074234,2628.929554707199,1.0,0.0,0.0,45.39999999999921
ppo_track_v5_960252_steps,657.779709083988,300.25364184450063,99.81202482190638,2633.1461037051886,1.0,0.0,0.0,45.43999999999921
ppo_track_v5_960252_steps,659.7982022502645,303.73160374645005,100.5315051790868,2637.3627816423977,1.0,0.0,0.0,45.47999999999921
ppo_track_v5_960252_steps,661.8306744122846,307.2347010567583,101.25041313149015,2641.579608662748,1.0,0.0,0.0,45.51999999999921
ppo_track_v5_960252_steps,663.8771343720657,310.76290212863006,101.96874879878884,2645.796586576452,1.0,0.0,0.0,45.55999999999921
ppo_track_v5_960252_steps,665.9375899093347,314.31617592674166,102.6865123367271,2650.01367981416,1.0,0.0,0.0,45.599999999999206
ppo_track_v5_960252_steps,668.0120478339206,317.89449199697526,103.40370393320289,2654.2307923128583,1.0,0.0,0.0,45.639999999999205
ppo_track_v5_960252_steps,670.0791778623368,321.4609012380332,103.0542982760883,2658.447755575227,0.0,0.0,0.0,45.6799999999992
ppo_track_v5_960252_steps,672.1603390357409,325.0523225567941,103.77119939600044,2662.664342389817,1.0,0.0,0.0,45.7199999999992
ppo_track_v5_960252_steps,674.2555354886471,328.66872707582473,104.48752862643417,2666.880314647467,1.0,0.0,0.0,45.7599999999992
ppo_track_v5_960252_steps,676.3246992066422,332.2409195656002,103.2048862574944,2671.095504826047,1.0,0.0,1.0,45.7999999999992
ppo_track_v5_960252_steps,678.3866084219457,335.80117019010754,102.855645571409,2675.3099063761524,0.0,0.0,0.0,45.8399999999992
ppo_track_v5_960252_steps,680.4012218791859,339.28030762346526,100.50828529990709,2679.5237294704434,0.0,0.0,1.0,45.8799999999992
ppo_track_v5_960252_steps,682.3686002099272,342.6783835862261,98.16280400743607,2683.737377351918,0.0,0.0,1.0,45.9199999999992
ppo_track_v5_960252_steps,684.3501856532946,346.10155077168497,98.88362620072608,2687.951326678819,1.0,0.0,0.0,45.9599999999992
ppo_track_v5_960252_steps,686.3059308736167,349.48060180197194,97.60547254155374,2690.0585402113365,1.0,0.0,1.0,45.9999999999992
ppo_track_v5_960252_steps,688.2358750181071,352.8155612966785,96.32834224731737,2694.273583092162,1.0,0.0,1.0,46.0399999999992
ppo_track_v5_960252_steps,690.1187260233442,356.0695317624046,93.98620809638777,2698.48946133349,0.0,0.0,1.0,46.0799999999992
ppo_track_v5_960252_steps,691.9758676381125,359.27949148017245,92.7119745738003,2702.7060454948714,1.0,0.0,1.0,46.1199999999992
ppo_track_v5_960252_steps,693.8073355755157,362.4454669094551,91.4387610116649,2704.81453588255,1.0,0.0,1.0,46.1599999999992
ppo_track_v5_960252_steps,695.6131645304332,365.5674850604793,90.16656652323859,2709.031757400513,1.0,0.0,1.0,46.19999999999919
ppo_track_v5_960252_steps,697.372060214111,368.6086495421917,87.82936379312963,2713.249088327981,0.0,0.0,1.0,46.23999999999919
ppo_track_v5_960252_steps,699.1454205355602,371.67513838758487,88.55845763043753,2717.466314787249,1.0,0.0,0.0,46.27999999999919
ppo_track_v5_960252_steps,700.9332397877113,374.766927951216,89.28696847853972,2719.5748489470293,1.0,0.0,0.0,46.31999999999919
ppo_track_v5_960252_steps,702.7355119701365,377.88399477856507,90.01489677306022,2723.791744688562,1.0,0.0,0.0,46.35999999999919
ppo_track_v5_960252_steps,704.5122193606492,380.9571140909217,88.74384295361588,2728.0084478824074,1.0,0.0,1.0,46.39999999999919
ppo_track_v5_960252_steps,706.263392189883,383.9863153984009,87.47380621891828,2730.116745315665,1.0,0.0,1.0,46.43999999999919
ppo_track_v5_960252_steps,707.989060020726,386.9716285593087,86.20478572524254,2734.333257843467,1.0,0.0,1.0,46.47999999999919
ppo_track_v5_960252_steps,709.6679263072912,389.8761583683991,83.87075406562921,2738.5496797028377,0.0,0.0,1.0,46.51999999999919
ppo_track_v5_960252_steps,711.3000366410957,392.6999647453552,81.53858977598163,2740.6578632989413,0.0,0.0,1.0,46.55999999999919
ppo_track_v5_960252_steps,712.9067610635037,395.4800335253407,80.27431793159454,2744.8741955225582,1.0,0.0,1.0,46.599999999999184
ppo_track_v5_960252_steps,714.4668021390049,398.1794698412541,77.94503103519175,2746.982354471221,0.0,0.0,1.0,46.63999999999918
ppo_track_v5_960252_steps,715.9802038775965,400.79833435097225,75.6176076661108,2749.090516036212,0.0,0.0,1.0,46.67999999999918
ppo_track_v5_960252_steps,717.4683341616814,403.3736139617393,74.35807293110086,2753.306869207066,1.0,0.0,1.0,46.71999999999918
ppo_track_v5_960252_steps,718.9176455520702,405.9118395653149,73.07142362509668,2755.415071971903,1.0,0.0,1.0,46.75999999999918
ppo_track_v5_960252_steps,720.3293992360332,408.4124255116138,71.78952978590739,2759.6315596945724,1.0,0.0,1.0,46.79999999999918
ppo_track_v5_960252_steps,721.704772885826,410.874829662512,70.51190891839303,2761.739857042784,1.0,0.0,1.0,46.83999999999918
ppo_track_v5_960252_steps,723.0448659386753,413.2985504287367,69.2381386183041,2763.848196588006,1.0,0.0,1.0,46.87999999999918
ppo_track_v5_960252_steps,724.3319084587405,415.64486941574864,66.90334089784156,2768.065000789984,0.0,0.0,1.0,46.91999999999918
ppo_track_v5_960252_steps,725.5856536018258,417.9516542265604,65.63694199535124,2770.1734503807984,1.0,0.0,1.0,46.95999999999918
ppo_track_v5_960252_steps,726.7882706557002,420.1802146026241,63.30861477729071,2772.2819075933385,0.0,0.0,1.0,46.999999999999176
ppo_track_v5_960252_steps,727.9593246636188,422.36851589252046,62.04851944659974,2774.3903437376684,1.0,0.0,1.0,47.039999999999175
ppo_track_v5_960252_steps,729.0996009744688,424.5162165638209,60.7908722516689,2776.498722589087,1.0,0.0,1.0,47.07999999999917
ppo_track_v5_960252_steps,730.1977438379322,426.6270814244152,59.48565062405558,2778.6070006082923,1.0,0.0,1.0,47.11999999999917
ppo_track_v5_960252_steps,731.2556242417141,428.7003675130266,58.18948656080038,2782.8230534556983,1.0,0.0,1.0,47.15999999999917
ppo_track_v5_960252_steps,732.2749854829993,430.7353899176145,56.90130450728418,2784.93071224275,1.0,0.0,1.0,47.19999999999917
ppo_track_v5_960252_steps,733.2574511858007,432.73151760065946,55.6201659933226,2787.0380394950503,1.0,0.0,1.0,47.23999999999917
ppo_track_v5_960252_steps,734.2045328832031,434.68816951196754,54.345253033153924,2789.144967603589,1.0,0.0,1.0,47.27999999999917
ppo_track_v5_960252_steps,735.1176371797255,436.60481097163375,53.075853391861884,2791.251435706407,1.0,0.0,1.0,47.31999999999917
ppo_track_v5_960252_steps,735.9822888339387,438.4413757454788,50.74810742568382,2793.357399229007,0.0,0.0,1.0,47.35999999999917
ppo_track_v5_960252_steps,736.7914180208088,440.1990172561089,48.37350592611932,2795.462831471299,0.0,0.0,1.0,47.39999999999917
ppo_track_v5_960252_steps,737.5498890353016,441.9182797356255,46.97833113055638,2797.567729551772,1.0,0.0,1.0,47.439999999999166
ppo_track_v5_960252_steps,738.2506334415862,443.5976695106541,45.493081475440654,2797.567729551772,1.0,0.0,1.0,47.479999999999166
ppo_track_v5_960252_steps,738.9182231587567,445.3083799368471,45.90891929106186,2799.672106847176,1.0,0.0,0.0,47.519999999999165
ppo_track_v5_960252_steps,739.5257541861599,446.9757138324943,44.364232981308376,2801.7759261706587,1.0,0.0,1.0,47.55999999999917
ppo_track_v5_960252_steps,740.0689713512447,448.5855207066545,42.474720868241484,2803.8790619869237,1.0,1.0,1.0,47.59999999999916
ppo_track_v5_960252_steps,740.5526219521422,450.1480142944877,40.89089229101421,2805.9811885707586,1.0,0.0,1.0,47.63999999999916
ppo_track_v5_960252_steps,741.004894947218,451.73934573771714,41.358845972517685,2805.9811885707586,1.0,0.0,0.0,47.67999999999916
ppo_track_v5_960252_steps,741.4272877747613,453.3595845976009,41.85980816843664,2808.0816549411284,1.0,0.0,0.0,47.71999999999916
ppo_track_v5_960252_steps,741.8212218804316,455.0087956740656,42.390161405272586,2810.1793313816165,1.0,0.0,0.0,47.75999999999916
ppo_track_v5_960252_steps,742.1789766879604,456.6837125549557,42.81745453229838,2812.2724470098983,1.0,0.0,0.0,47.79999999999916
ppo_track_v5_960252_steps,742.4774867390628,458.3017743469391,41.134172330357174,2814.358435027914,1.0,0.0,1.0,47.83999999999916
ppo_track_v5_960252_steps,742.7148146434596,459.8581007961185,39.35794512087563,2814.358435027914,1.0,0.0,1.0,47.87999999999916
ppo_track_v5_960252_steps,742.9016788504825,461.4267335505271,39.493092355418526,2816.433815309921,1.0,0.0,0.0,47.91999999999916
ppo_track_v5_960252_steps,743.0340401611198,463.0017763225918,39.51486469028804,2818.4941512402447,1.0,0.0,0.0,47.95999999999916
ppo_track_v5_960252_steps,743.1088163593186,464.57695128248616,39.4237209216672,2820.534184370136,1.0,0.0,0.0,47.999999999999154
ppo_track_v5_960252_steps,743.1239001786822,466.1457446479426,39.22164696556888,2822.548180893461,1.0,0.0,0.0,48.039999999999154
ppo_track_v5_960252_steps,743.0781553848535,467.7015493137543,38.91192574523261,2824.530546205561,1.0,0.0,0.0,48.07999999999915
ppo_track_v5_960252_steps,742.9713922977234,469.23780132076377,38.49893331163713,2826.476717767935,1.0,0.0,0.0,48.11999999999915
ppo_track_v5_960252_steps,742.8043245204751,470.7481072987463,37.98795688540943,2828.38423907655,1.0,0.0,0.0,48.15999999999915
ppo_track_v5_960252_steps,742.5785090150508,472.22636040827103,37.38503124839577,2830.253837092528,1.0,0.0,0.0,48.19999999999915
ppo_track_v5_960252_steps,742.2956310402874,473.6750520721433,36.90128288402852,2833.902175863256,1.0,0.0,0.0,48.23999999999915
ppo_track_v5_960252_steps,741.9572912831734,475.09654645838026,36.530125250838616,2835.701940286954,1.0,0.0,0.0,48.27999999999915
ppo_track_v5_960252_steps,741.5651238386347,476.484869947234,36.06623606521658,2839.320603356124,1.0,0.0,0.0,48.31999999999915
ppo_track_v5_960252_steps,741.1204965809504,477.8424588997393,35.71362802068932,2841.164589649571,1.0,0.0,0.0,48.35999999999915
ppo_track_v5_960252_steps,740.624708989644,479.1716253087668,35.46555264073362,2843.0431981252004,1.0,0.0,0.0,48.399999999999146
ppo_track_v5_960252_steps,740.0795149055458,480.4664807860064,35.1237748565084,2844.9600242848737,1.0,0.0,0.0,48.439999999999145
ppo_track_v5_960252_steps,739.4874019199511,481.7215412138793,34.69306906035386,2846.91492395784,1.0,0.0,0.0,48.47999999999914
ppo_track_v5_960252_steps,738.84927925478,482.9393415719427,34.37148389203364,2848.904893230119,1.0,0.0,0.0,48.51999999999914
ppo_track_v5_960252_steps,738.1660111228852,484.12228765207936,34.15238615907477,2848.904893230119,1.0,0.0,0.0,48.55999999999914
ppo_track_v5_960252_steps,737.43841901357,485.2726626215602,34.02896604315406,2850.925166195812,1.0,0.0,0.0,48.59999999999914
ppo_track_v5_960252_steps,736.6672838620012,486.3926332527028,33.99433442324346,2852.970210564584,1.0,0.0,0.0,48.63999999999914
ppo_track_v5_960252_steps,735.8533481084177,487.4842558360631,34.04162227575063,2852.970210564584,1.0,0.0,0.0,48.67999999999914
ppo_track_v5_960252_steps,734.9984632686429,488.541554276148,33.99180122362849,2855.034517208459,1.0,0.0,0.0,48.71999999999914
ppo_track_v5_960252_steps,734.1052317451829,489.55897313328126,33.84711661789797,2857.1131042387183,1.0,0.0,0.0,48.75999999999914
ppo_track_v5_960252_steps,733.1740654165459,490.5387981077297,33.792822020180495,2857.1131042387183,1.0,0.0,0.0,48.79999999999914
ppo_track_v5_960252_steps,732.2053564667185,491.4831985783328,33.822046049425325,2859.2017599354062,1.0,0.0,0.0,48.83999999999914
ppo_track_v5_960252_steps,731.199478384664,492.39423351179727,33.92800618543639,2861.297080514125,1.0,0.0,0.0,48.879999999999136
ppo_track_v5_960252_steps,730.1567869130471,493.2738570717996,34.10409719056504,2861.297080514125,1.0,0.0,0.0,48.919999999999135
ppo_track_v5_960252_steps,729.0776209487649,494.1239239431459,34.343966575528064,2863.3963857722133,1.0,0.0,0.0,48.959999999999134
ppo_track_v5_960252_steps,727.9623033977306,494.9461943854647,34.64157473286446,2865.497561054136,1.0,0.0,0.0,48.99999999999913
ppo_track_v5_960252_steps,726.8111419862356,495.74233903017125,34.9912389982305,2865.497561054136,1.0,0.0,0.0,49.03999999999913
ppo_track_v5_960252_steps,725.6261229620193,496.5057932489095,35.24142122438903,2867.598881813057,1.0,0.0,0.0,49.07999999999913
ppo_track_v5_960252_steps,724.4074215582249,497.23834743022167,35.54810772186435,2869.6988892598024,1.0,0.0,0.0,49.11999999999913
ppo_track_v5_960252_steps,723.1552053419388,497.94170090714033,35.90570607354314,2869.6988892598024,1.0,0.0,0.0,49.15999999999913
ppo_track_v5_960252_steps,721.8696346026376,498.617466582891,36.30901553221735,2871.796297885737,1.0,0.0,0.0,49.19999999999913
ppo_track_v5_960252_steps,720.550862720903,499.2671753216094,36.7532372827616,2873.889987590936,1.0,0.0,0.0,49.23999999999913
ppo_track_v5_960252_steps,719.1990365184064,499.89228011601006,37.2339737818407,2873.889987590936,1.0,0.0,0.0,49.27999999999913
ppo_track_v5_960252_steps,717.8142965901155,500.49416004333744,37.74721940026315,2875.9790676012467,1.0,0.0,0.0,49.319999999999126
ppo_track_v5_960252_steps,716.3967776196253,501.0741240203544,38.28934452247445,2878.062988491617,1.0,0.0,0.0,49.359999999999125
ppo_track_v5_960252_steps,714.9466086784707,501.63341436757753,38.85707505064334,2880.141705794941,1.0,0.0,0.0,49.399999999999125
ppo_track_v5_960252_steps,713.4639135102362,502.1732101924488,39.44746898134213,2880.141705794941,1.0,0.0,0.0,49.43999999999912
ppo_track_v5_960252_steps,711.948810800232,502.6946306006428,40.057891419352714,2882.215791794013,1.0,0.0,0.0,49.47999999999912
ppo_track_v5_960252_steps,710.4014144314718,503.1987377442383,40.685989098490694,2884.2864510895047,1.0,0.0,0.0,49.51999999999912
ppo_track_v5_960252_steps,708.8218337276489,503.68653971504415,41.32966521316611,2886.3554415524054,1.0,0.0,0.0,49.55999999999912
ppo_track_v5_960252_steps,707.2101736837678,504.1589932909426,41.987055136241345,2886.3554415524054,1.0,0.0,0.0,49.59999999999912
ppo_track_v5_960252_steps,705.5665351850624,504.6170065427196,42.65650341118751,2888.4248355727245,1.0,0.0,0.0,49.63999999999912
ppo_track_v5_960252_steps,703.8910152147929,505.0614413084672,43.33654225778443,2890.496703386181,1.0,0.0,0.0,49.67999999999912
ppo_track_v5_960252_steps,702.1837070514875,505.4931155422868,44.025871716474896,2892.572791107543,1.0,0.0,0.0,49.71999999999912
ppo_track_v5_960252_steps,700.4457903347128,505.9028607250284,44.63914782190116,2894.6542774273125,1.0,0.0,0.0,49.75999999999912
ppo_track_v5_960252_steps,698.6772895513116,506.2917908524867,45.269068253994234,2896.7416636783078,1.0,0.0,0.0,49.79999999999912
ppo_track_v5_960252_steps,696.878229168537,506.6609633294701,45.913686539466404,2896.7416636783078,1.0,0.0,0.0,49.83999999999912
ppo_track_v5_960252_steps,695.0486336340687,507.0113818446228,46.57126900990213,2898.834805581737,1.0,0.0,0.0,49.87999999999912
ppo_track_v5_960252_steps,693.1885273760279,507.3439990992057,47.240273663267665,2900.933047775099,1.0,0.0,0.0,49.91999999999911
ppo_track_v5_960252_steps,691.2979348029935,507.6597193972558,47.91933054502512,2903.035422898105,1.0,0.0,0.0,49.95999999999911
ppo_track_v5_960252_steps,689.3768803040176,507.95940110416495,48.60722370113528,2905.1408403540595,1.0,0.0,0.0,49.99999999999911
ppo_track_v5_960252_steps,687.4253882486408,508.2438589803632,49.30287469768894,2907.248241958556,1.0,0.0,0.0,50.03999999999911
ppo_track_v5_960252_steps,685.4434829869084,508.51386639645045,50.005327661315164,2909.356707882014,1.0,0.0,0.0,50.07999999999911
ppo_track_v5_960252_steps,683.4311888493854,508.7701574358005,50.71373576729916,2911.465514205966,1.0,0.0,0.0,50.11999999999911
ppo_track_v5_960252_steps,681.3885301471724,509.0134288903516,51.427349085420694,2913.5741517092333,1.0,0.0,0.0,50.15999999999911
ppo_track_v5_960252_steps,679.3155311719212,509.24434215501145,52.145503684333804,2915.682317028382,1.0,0.0,0.0,50.19999999999911
ppo_track_v5_960252_steps,677.2122161958501,509.4635250258266,52.86761189177823,2917.7898849094267,1.0,0.0,0.0,50.23999999999911
ppo_track_v5_960252_steps,675.0786094717599,509.6715734068044,53.59315360840364,2919.896875686125,1.0,0.0,0.0,50.27999999999911
ppo_track_v5_960252_steps,672.914735233049,509.8690529300285,54.321668576231765,2922.003414366338,1.0,0.0,0.0,50.31999999999911
ppo_track_v5_960252_steps,670.7206176937291,510.0565004934728,55.05274950781643,2924.109694519324,1.0,0.0,0.0,50.359999999999104
ppo_track_v5_960252_steps,668.4962810484406,510.23442572069416,55.78603598826842,2926.2159502765726,1.0,0.0,0.0,50.3999999999991
ppo_track_v5_960252_steps,666.2417494724683,510.4033123463727,56.52120906896927,2928.3224309641864,1.0,0.0,0.0,50.4399999999991
ppo_track_v5_960252_steps,663.9570471217569,510.5636195314667,57.2579864786309,2930.4293778894544,1.0,0.0,0.0,50.4799999999991
ppo_track_v5_960252_steps,661.642198132926,510.715783111558,57.99611838410864,2932.5370031470707,1.0,0.0,0.0,50.5199999999991
ppo_track_v5_960252_steps,659.2972266232861,510.8602167817806,58.735383639871124,2934.645464895309,1.0,0.0,0.0,50.5599999999991
ppo_track_v5_960252_steps,656.922156690854,510.9973132215559,59.47558647116394,2936.754852832495,1.0,0.0,0.0,50.5999999999991
ppo_track_v5_960252_steps,654.5170124143677,511.1274451621906,60.2165535416115,2940.9763782552063,1.0,0.0,0.0,50.6399999999991
ppo_track_v5_960252_steps,652.0818178533027,511.25096640024105,60.95813136125724,2943.0883297651594,1.0,0.0,0.0,50.6799999999991
ppo_track_v5_960252_steps,649.6165970478866,511.36821275939855,61.7001839958375,2945.2008674050267,1.0,0.0,0.0,50.7199999999991
ppo_track_v5_960252_steps,647.1213740191148,511.4795030035109,62.4425910424315,2947.313801343902,1.0,0.0,0.0,50.759999999999096
ppo_track_v5_960252_steps,644.596172768766,511.58513970322224,63.185245840549236,2949.426930428637,1.0,0.0,0.0,50.799999999999095
ppo_track_v5_960252_steps,642.0410172794175,511.6854100585883,63.92805389123527,2951.54005010532,1.0,0.0,0.0,50.83999999999909
ppo_track_v5_960252_steps,639.4559315144604,511.7805866799017,64.67093145991173,2955.7654536886066,1.0,0.0,0.0,50.87999999999909
ppo_track_v5_960252_steps,636.8409394181153,511.8709283288525,65.41380434148788,2957.8773565967977,1.0,0.0,0.0,50.91999999999909
ppo_track_v5_960252_steps,634.1960649154473,511.9566806220365,66.15660676875741,2959.988508950334,1.0,0.0,0.0,50.95999999999909
ppo_track_v5_960252_steps,631.5213319123815,512.0380766987269,66.89928044731822,2962.0987969722905,1.0,0.0,0.0,50.99999999999909
ppo_track_v5_960252_steps,628.816764295718,512.1153378547212,67.64177370221185,2966.316630115344,1.0,0.0,0.0,51.03999999999909
ppo_track_v5_960252_steps,626.082385933148,512.1886741439912,68.38404072321671,2968.424276608831,1.0,0.0,0.0,51.07999999999909
ppo_track_v5_960252_steps,623.318220673268,512.2582849497662,69.12604089726348,2970.531256263276,1.0,0.0,0.0,51.11999999999909
ppo_track_v5_960252_steps,620.5242923455959,512.3243595266079,69.8677382177994,2974.744055166566,1.0,0.0,0.0,51.15999999999909
ppo_track_v5_960252_steps,617.7006247605859,512.3870775149459,70.60910076212407,2976.8503670507657,1.0,0.0,0.0,51.199999999999086
ppo_track_v5_960252_steps,614.847241709644,512.4466094294763,71.35010022877763,2978.9569626904254,1.0,0.0,0.0,51.239999999999085
ppo_track_v5_960252_steps,611.9641669651428,512.5031171227487,72.09071152799321,2983.171925936428,1.0,0.0,0.0,51.279999999999085
ppo_track_v5_960252_steps,609.0514242804372,512.5567542252028,72.8309124190484,2985.280639045141,1.0,0.0,0.0,51.31999999999909
ppo_track_v5_960252_steps,606.1090373898794,512.6076665628523,73.57068318907521,2989.500887359956,1.0,0.0,0.0,51.35999999999908
ppo_track_v5_960252_steps,603.137030008834,512.6559925537491,74.31000636852573,2991.612353309036,1.0,0.0,0.0,51.39999999999908
ppo_track_v5_960252_steps,600.1354258336935,512.7018635843084,75.04886647905597,2993.7245772835704,1.0,0.0,0.0,51.43999999999908
ppo_track_v5_960252_steps,597.1042485418931,512.7454043665152,75.7872498100849,2997.950743235027,1.0,0.0,0.0,51.47999999999908
ppo_track_v5_960252_steps,594.0435217919261,512.786733276986,76.52514422072475,3000.0644153522903,1.0,0.0,0.0,51.51999999999908
ppo_track_v5_960252_steps,590.953269223359,512.8259626788048,77.26253896416374,3004.292406440792,1.0,0.0,0.0,51.55999999999908
ppo_track_v5_960252_steps,587.8335144568468,512.8631992270113,77.99942453192307,3006.406583738905,1.0,0.0,0.0,51.59999999999908
ppo_track_v5_960252_steps,584.6842810941479,512.8985441585688,78.73579251571014,3010.6350957004893,1.0,0.0,0.0,51.63999999999908
ppo_track_v5_960252_steps,581.505592718139,512.9320935676033,79.47163548485454,3012.7493886892617,1.0,0.0,0.0,51.67999999999908
ppo_track_v5_960252_steps,578.297472892831,512.9639386666588,80.20694687754674,3016.9780004778354,1.0,0.0,0.0,51.71999999999908
ppo_track_v5_960252_steps,575.0599451633833,512.9941660346823,80.94172090430571,3019.092312214633,1.0,0.0,0.0,51.759999999999074
ppo_track_v5_960252_steps,571.793033056119,513.0228578524102,81.67595246228383,3023.320938250447,1.0,0.0,0.0,51.79999999999907
ppo_track_v5_960252_steps,568.4967600785407,513.0500921257975,82.40963705917713,3025.435251268354,1.0,0.0,0.0,51.83999999999907
ppo_track_v5_960252_steps,565.1711497193443,513.0759428980967,83.14277074565186,3029.663877304168,1.0,0.0,0.0,51.87999999999907
ppo_track_v5_960252_steps,561.8162254484353,513.1004804511632,83.87535005532249,3031.7781903220757,1.0,0.0,0.0,51.91999999999907
ppo_track_v5_960252_steps,558.4320107169431,513.1237714965339,84.60737195142785,3036.0068163578894,1.0,0.0,0.0,51.95999999999907
ppo_track_v5_960252_steps,555.018528957236,513.1458793567997,85.3388337794491,3040.235442393704,1.0,0.0,0.0,51.99999999999907
ppo_track_v5_960252_steps,551.5758035829367,513.166864137764,86.06973322500014,3042.3497554116107,1.0,0.0,0.0,52.03999999999907
ppo_track_v5_960252_steps,548.1038579889369,513.1867828918554,86.8000682763971,3046.578381447425,1.0,0.0,0.0,52.07999999999907
ppo_track_v5_960252_steps,544.6027155514122,513.2056897732389,87.52983719138183,3050.807007483239,1.0,0.0,0.0,52.11999999999907
ppo_track_v5_960252_steps,541.0723996278375,513.2236361850481,88.25903846753255,3052.9213205011465,1.0,0.0,0.0,52.159999999999066
ppo_track_v5_960252_steps,537.5129335570017,513.2406709191374,88.98767081594974,3057.1499465369607,1.0,0.0,0.0,52.199999999999065
ppo_track_v5_960252_steps,533.9243406590226,513.256840288735,89.71573313785056,3061.378572572775,1.0,0.0,0.0,52.23999999999906
ppo_track_v5_960252_steps,530.3066442353619,513.272188254357,90.44322450374698,3063.492885590682,1.0,0.0,0.0,52.27999999999906
ppo_track_v5_960252_steps,526.6598675688401,513.2867565433255,91.17014413491967,3067.721511626496,1.0,0.0,0.0,52.31999999999906
ppo_track_v5_960252_steps,522.9840339236515,513.3005847632144,91.89649138693217,3071.95013766231,1.0,0.0,0.0,52.35999999999906
ppo_track_v5_960252_steps,519.2791665453791,513.3137105095328,92.62226573495833,3076.1787636981244,1.0,0.0,0.0,52.39999999999906
ppo_track_v5_960252_steps,515.5452886610093,513.3261694679384,93.34746676072169,3078.2930767160315,1.0,0.0,0.0,52.43999999999906
ppo_track_v5_960252_steps,511.782423478947,513.3379955112568,94.07209414086813,3082.5217027518456,1.0,0.0,0.0,52.47999999999906
ppo_track_v5_960252_steps,507.99059418903033,513.3492207915748,94.7961476366131,3086.7503287727845,1.0,0.0,0.0,52.51999999999906
ppo_track_v5_960252_steps,504.1698239625456,513.3598758276526,95.51962708452236,3090.978946910795,1.0,0.0,0.0,52.55999999999906
ppo_track_v5_960252_steps,500.3201359522421,513.3699895878975,96.24253238830109,3095.207536142271,1.0,0.0,0.0,52.599999999999056
ppo_track_v5_960252_steps,496.4415532923468,513.3795895691221,96.96486351148016,3097.321801119829,1.0,0.0,0.0,52.639999999999056
ppo_track_v5_960252_steps,492.5340990985794,513.3887018713004,97.68662047090062,3101.5501753746203,1.0,0.0,0.0,52.679999999999055
ppo_track_v5_960252_steps,488.5977964681671,513.3973512685282,98.40780333090869,3105.778058025581,1.0,0.0,0.0,52.719999999999054
ppo_track_v5_960252_steps,484.63266847985903,513.4055612763767,99.12841219818294,3110.0048178689635,1.0,0.0,0.0,52.75999999999905
ppo_track_v5_960252_steps,480.63873819394166,513.4133542158265,99.84844721712439,0.0,1.0,0.0,0.0,52.79999999999905
ppo_track_v5_960252_steps,476.616028652253,513.4207512739523,100.567908565748,4.221485982198884,1.0,0.0,0.0,52.83999999999905
