model_name,x,y,speed,progress,thr,rev,brk,time
ppo_T3,475.70999941906666,501.3455256754645,99.86885871080312,4.221485982198884,1.0,0.0,0.0,0.04
ppo_T3,471.68779859693785,501.2475704856065,100.58483568844365,8.439239673596443,1.0,0.0,0.0,0.08
ppo_T3,467.63684113546674,501.1545914193932,101.30060914612773,12.653731763137715,1.0,0.0,0.0,0.12
ppo_T3,463.5571500399648,501.06633568974365,102.01613998693374,16.86645264661089,1.0,0.0,0.0,0.16
ppo_T3,459.4487482973392,500.9825633511603,102.73139333816229,21.079398009586463,1.0,0.0,0.0,0.2
ppo_T3,455.3116588761077,500.903046647377,103.44633809808622,25.294461884817235,1.0,0.0,0.0,0.24
ppo_T3,451.1459047264133,500.82756939214585,104.16094653153911,29.51289380746515,1.0,0.0,0.0,0.28
ppo_T3,446.9515087800386,500.7559263814805,104.87519390906314,33.73490806245803,1.0,0.0,0.0,0.32
ppo_T3,442.72849395042095,500.68792283575686,105.5890581849073,37.95970261919995,1.0,0.0,0.0,0.36
ppo_T3,438.4768831326671,500.62337387015606,106.30251970967754,42.18587463236319,1.0,0.0,0.0,0.3999999999999999
ppo_T3,434.1966992035674,500.5621039920077,107.01556097389445,46.41182243176803,1.0,0.0,0.0,0.4399999999999999
ppo_T3,429.88796502161097,500.5039466236694,107.72816637911994,50.63595256105219,1.0,0.0,0.0,0.4799999999999999
ppo_T3,425.5507034270001,500.4487436496426,108.44032203367595,54.85693498789338,1.0,0.0,0.0,0.5199999999999999
ppo_T3,421.1849372416649,500.3963449866964,109.15201557030043,59.074167442933934,1.0,0.0,0.0,0.5599999999999999
ppo_T3,416.790689269278,500.3466081758278,109.86323598337442,63.28811784119786,1.0,0.0,0.0,0.6
ppo_T3,412.367982295269,500.2993979949513,110.573973483609,67.50010869432553,1.0,0.0,0.0,0.64
ppo_T3,407.9168390868392,500.2545860912634,111.28421936831037,71.71163607499322,1.0,0.0,0.0,0.68
ppo_T3,403.43728239297616,500.21205063228285,111.99396590554521,78.0298536358866,1.0,0.0,0.0,0.7200000000000001
ppo_T3,398.9293349444682,500.1716759746185,112.7032062307093,82.24232690342328,1.0,0.0,0.0,0.7600000000000001
ppo_T3,394.3930194539191,500.1333523495635,113.41193425416449,86.45432982656557,1.0,0.0,0.0,0.8000000000000002
ppo_T3,389.8283586157624,500.0969755646613,114.12014457875443,90.66588487667563,1.0,0.0,0.0,0.8400000000000002
ppo_T3,385.23537510627614,500.06244672043215,114.82783242613642,94.87795197917696,1.0,0.0,0.0,0.8800000000000002
ppo_T3,380.6140915835976,500.0296719414898,115.5349935709831,99.09199054841191,1.0,0.0,0.0,0.9200000000000004
ppo_T3,375.96453068773707,499.9985621213178,116.2416242822084,105.4193129810934,1.0,0.0,0.0,0.9600000000000004
ppo_T3,371.2867150405933,499.96903268001046,116.9477212704648,109.64204742599328,1.0,0.0,0.0,1.0000000000000002
ppo_T3,366.5806672459673,499.9410033343215,117.65328164123922,113.86755140500544,1.0,0.0,0.0,1.0400000000000005
ppo_T3,361.8464098895769,499.9143978793936,118.35830285294736,118.0947075028396,1.0,0.0,0.0,1.0800000000000003
ppo_T3,357.0839655390717,499.88914398157607,119.06278267949168,122.3225182231328,1.0,0.0,0.0,1.1200000000000003
ppo_T3,352.2933567440469,499.8651729817676,119.76671917680494,128.6636044346831,1.0,0.0,0.0,1.1600000000000004
ppo_T3,347.4746060360581,499.8424197087495,120.47011065295322,132.88919812330704,1.0,0.0,0.0,1.2000000000000004
ppo_T3,342.6277359286357,499.8208223020006,121.17295564141791,137.1120782900282,1.0,0.0,0.0,1.2400000000000004
ppo_T3,337.7527689172992,499.80032204351454,121.87525287721691,143.4397245932658,1.0,0.0,0.0,1.2800000000000005
ppo_T3,332.8497274795718,499.7808631981597,122.57700127556201,147.65410350363828,1.0,0.0,0.0,1.3200000000000005
ppo_T3,327.9186340749946,499.7623928621488,123.2781999127821,151.8668208758029,1.0,0.0,0.0,1.3600000000000003
ppo_T3,322.95951114514105,499.7448608192073,123.9788480092701,158.18708413757426,1.0,0.0,0.0,1.4000000000000006
ppo_T3,317.97238111363134,499.7282194040472,124.67894491423837,162.403968824581,1.0,0.0,0.0,1.4400000000000006
ppo_T3,312.95726638614684,499.7124233727772,125.37849009208965,166.62455589891152,1.0,0.0,0.0,1.4800000000000006
ppo_T3,307.9141893504444,499.6974297798957,126.07748311023185,172.9613747697306,1.0,0.0,0.0,1.520000000000001
ppo_T3,302.84317237637043,499.6831978615326,126.77592362818281,177.18822578366905,1.0,0.0,0.0,1.5600000000000007
ppo_T3,297.7442378158757,499.6696889246224,127.4738113878282,183.5288922616636,1.0,0.0,0.0,1.6000000000000008
ppo_T3,292.6174080030295,499.6568662417072,128.17114620470954,187.75451125871928,1.0,0.0,0.0,1.6400000000000008
ppo_T3,287.46466575168984,499.6687408852714,128.81889835128234,191.97751903700703,1.0,0.0,0.0,1.6800000000000008
ppo_T3,282.2915867887895,499.7277252669696,129.33538068159768,198.3054178158405,1.0,0.0,0.0,1.7200000000000009
ppo_T3,277.1777582395713,499.8306711173889,127.87161598385943,202.51992202550483,1.0,0.0,1.0,1.760000000000001
ppo_T3,272.1174388001039,499.9507791174647,126.54361590261533,208.83900874371307,1.0,0.0,1.0,1.800000000000001
ppo_T3,267.0718315724648,500.0645451850782,126.17224093908462,213.0528242676109,0.0,0.0,0.0,1.840000000000001
ppo_T3,261.9982864306077,500.1725319364569,126.86735554540441,217.2695436850437,1.0,0.0,0.0,1.880000000000001
ppo_T3,256.89826388665784,500.2988990348789,127.53969625267814,223.6014909884947,1.0,0.0,0.0,1.920000000000001
ppo_T3,251.7717177605647,500.44282958373583,128.21415480031547,227.8266158294861,1.0,0.0,0.0,1.960000000000001
ppo_T3,246.66112918356035,500.6005435233194,127.82553855291034,234.1671800582537,0.0,0.0,0.0,2.000000000000001
ppo_T3,241.56642142978916,500.7712507664021,127.43917190952703,238.39444690323936,0.0,0.0,0.0,2.040000000000001
ppo_T3,236.44994396601413,500.9807427824408,128.01911122489983,244.73282518153025,1.0,0.0,0.0,2.080000000000001
ppo_T3,231.43347605545637,501.2181753899959,125.55209212909054,248.9550171485438,0.0,0.0,1.0,2.120000000000001
ppo_T3,226.51654318274336,501.4807722661281,123.09850220991677,253.1735813099119,0.0,0.0,1.0,2.160000000000001
ppo_T3,221.69869258999265,501.7659265030083,120.65704826303993,259.4953799476774,0.0,0.0,1.0,2.200000000000001
ppo_T3,216.97563772069816,502.0514149211627,118.29188194690956,263.707953399516,0.0,0.0,1.0,2.240000000000001
ppo_T3,212.31483670032435,502.3175991503085,116.70989727569051,267.9212652321609,1.0,1.0,1.0,2.280000000000001
ppo_T3,207.62578992076683,502.57026122061376,117.39622497830169,272.13715273544983,1.0,0.0,0.0,2.320000000000001
ppo_T3,202.90922034486587,502.832401724706,118.09621662070788,276.35666922698994,1.0,0.0,0.0,2.360000000000001
ppo_T3,198.24493208900705,503.09920616594746,116.79782089044049,282.6923865016374,1.0,0.0,1.0,2.400000000000001
ppo_T3,193.55303359941271,503.3746723360642,117.49944959322241,286.91910001315466,1.0,0.0,0.0,2.4400000000000013
ppo_T3,188.9133183066932,503.6537797472357,116.20256813122317,291.14695913428136,1.0,0.0,1.0,2.4800000000000013
ppo_T3,184.368213881772,503.93269689291736,113.8413616825869,295.3750214248508,0.0,0.0,1.0,2.5200000000000014
ppo_T3,179.8750967905838,504.2142590787997,112.54826314643465,299.601517826048,1.0,0.0,1.0,2.5600000000000014
ppo_T3,175.476397902335,504.4946712565308,110.1906952143106,305.9244273442207,0.0,0.0,1.0,2.6000000000000014
ppo_T3,171.17200727773502,504.77350077744507,107.83530425745766,310.09711487219647,0.0,0.0,1.0,2.640000000000001
ppo_T3,166.96181712187476,505.0503421875318,105.4820550936317,314.167317637698,0.0,0.0,1.0,2.680000000000001
ppo_T3,162.84540482529658,505.3072108623738,103.11047386036695,318.00630640059296,0.0,0.0,1.0,2.720000000000001
ppo_T3,158.78009445824455,505.5460904523214,101.80806647484455,321.39855876907905,1.0,0.0,1.0,2.7600000000000016
ppo_T3,154.8084848168094,505.767552106004,99.44448328085029,325.65690245456386,0.0,0.0,1.0,2.8000000000000016
ppo_T3,150.88789204877023,505.9733485574623,98.14975748898304,325.9906033650447,1.0,0.0,1.0,2.8400000000000016
ppo_T3,147.06091531642164,506.1639697373757,95.79302996620187,325.9906033650447,0.0,0.0,1.0,2.8800000000000017
ppo_T3,143.28486441981616,506.340963585693,94.504917848548,340.7778439684817,1.0,0.0,1.0,2.9200000000000017
ppo_T3,139.60233882862298,506.5047494888437,92.15415261893959,340.7778439684817,0.0,0.0,1.0,2.9600000000000017
ppo_T3,136.0152474044593,506.6409626363622,89.74191783548507,343.9307344392788,0.0,0.0,1.0,3.0000000000000018
ppo_T3,132.52338910335175,506.7519762952999,87.34056341229893,346.9923440661467,0.0,0.0,1.0,3.040000000000002
ppo_T3,129.12656834467012,506.8400145876519,84.94903621999866,350.6388301073995,0.0,0.0,1.0,3.080000000000002
ppo_T3,125.82459494478094,506.9071613291311,82.56640137817472,354.6109919425781,0.0,0.0,1.0,3.120000000000002
ppo_T3,122.61728403021452,506.9553683797437,80.1918294716863,358.7370127106125,0.0,0.0,1.0,3.160000000000002
ppo_T3,119.50445593348677,506.9864635295798,77.82458507808248,360.826235444619,0.0,0.0,1.0,3.200000000000002
ppo_T3,116.44340801509448,506.9996140042245,76.52690414846329,365.0255010705461,1.0,0.0,1.0,3.240000000000002
ppo_T3,113.43758283191406,506.9814135084089,75.14700713389074,367.1295101211553,1.0,0.0,1.0,3.280000000000002
ppo_T3,110.4922012865969,506.9206164502434,73.65022373428555,369.2345200607248,1.0,0.0,1.0,3.320000000000002
ppo_T3,107.6481320584932,506.8292383512799,71.13842022430867,373.44571359025576,0.0,0.0,1.0,3.360000000000002
ppo_T3,104.9045838980298,506.710992438452,68.65237889488326,375.5516815715444,0.0,0.0,1.0,3.400000000000002
ppo_T3,102.26080365771332,506.5693575444285,66.1892853975107,377.6578954701085,0.0,0.0,1.0,3.440000000000002
ppo_T3,99.67444947480796,506.3991503699759,64.79871932408862,379.76435808082897,1.0,0.0,1.0,3.480000000000002
ppo_T3,97.14489387351072,506.20339078334666,63.427977639068374,383.97782418574974,1.0,0.0,1.0,3.5200000000000022
ppo_T3,94.67748284170344,505.9731421173941,61.95326690365703,386.0845221953591,1.0,0.0,1.0,3.5600000000000023
ppo_T3,92.27852696780096,505.7015912450414,60.356902884046164,388.1909026667931,1.0,0.0,1.0,3.6000000000000023
ppo_T3,89.95496022037413,505.3840287784405,58.629175490649615,390.296728154916,1.0,0.0,1.0,3.6400000000000015
ppo_T3,87.75124863126902,505.036670737596,55.772990643407816,392.40179217942256,0.0,0.0,1.0,3.6800000000000015
ppo_T3,85.63717220066958,504.6397552392391,53.77534906472029,394.5059257874741,1.0,0.0,1.0,3.7200000000000015
ppo_T3,83.60931191199586,504.1993169653733,51.87848315695117,396.6089953920204,1.0,0.0,1.0,3.7600000000000025
ppo_T3,81.67426920054973,503.7160257679955,49.86206396515075,398.71085915213945,1.0,0.0,1.0,3.8000000000000025
ppo_T3,79.83817543584188,503.1921229575734,47.73438532367952,400.8113134997613,1.0,0.0,1.0,3.8400000000000025
ppo_T3,78.10649678817985,502.6312295477313,45.506265749707964,402.9100037737304,1.0,0.0,1.0,3.8800000000000026
ppo_T3,76.48387684298265,502.0381398508591,43.1903553693396,405.0063384054607,1.0,0.0,1.0,3.9200000000000026
ppo_T3,74.97401747240893,501.418607139565,40.80055222721162,405.0063384054607,1.0,0.0,1.0,3.960000000000002
ppo_T3,73.57959724307963,500.7791278779679,38.351511557365484,407.0993412949658,1.0,0.0,1.0,4.000000000000003
ppo_T3,72.30222546995559,500.1267306805233,35.858234322882694,409.1874754023045,1.0,0.0,1.0,4.040000000000003
ppo_T3,71.14242892326288,499.4687756748233,33.33572426135002,409.1874754023045,1.0,0.0,1.0,4.080000000000003
ppo_T3,70.03088735852921,498.77203723810135,32.79642796228256,411.268441824224,1.0,0.0,0.0,4.120000000000003
ppo_T3,68.97140218313483,498.04059940860657,32.186081379383765,413.3389217263451,1.0,0.0,0.0,4.160000000000003
ppo_T3,67.96715097817994,497.2789045476293,31.51090628548825,413.3389217263451,1.0,0.0,0.0,4.200000000000003
ppo_T3,67.01536074502997,496.4869197003432,30.955054577670854,415.394340854812,1.0,0.0,0.0,4.240000000000003
ppo_T3,66.1133993270713,495.6646148420365,30.51351831033903,415.394340854812,1.0,0.0,0.0,4.280000000000003
ppo_T3,65.25876825495772,494.8119627282581,30.180808228832685,417.4286487324947,1.0,0.0,0.0,4.320000000000003
ppo_T3,64.4490959553182,493.9289387525752,29.951007646178237,419.43424150966274,1.0,0.0,0.0,4.360000000000003
ppo_T3,63.682131304462416,493.0155208115599,29.817854452397597,419.43424150966274,1.0,0.0,0.0,4.400000000000003
ppo_T3,62.95573750955795,492.07168917663336,29.774843622215258,421.4021185732524,1.0,0.0,0.0,4.440000000000003
ppo_T3,62.26788630064369,491.0974263724223,29.815341031024214,423.32238896441294,1.0,0.0,0.0,4.480000000000003
ppo_T3,61.616652417688925,490.0927170612951,29.932699199349422,445.15481969933273,1.0,0.0,0.0,4.520000000000003
ppo_T3,61.00670994560494,489.060946137894,29.9643648525622,447.06446000120826,1.0,0.0,0.0,4.560000000000003
ppo_T3,60.44216865385427,488.00601732025433,29.91218063325206,447.06446000120826,1.0,0.0,0.0,4.600000000000003
ppo_T3,59.92101499297311,486.9275719581794,29.94417240080741,449.0262093399718,1.0,0.0,0.0,4.640000000000003
ppo_T3,59.44133746754605,485.8252708489592,30.05368388180363,449.0262093399718,1.0,0.0,0.0,4.680000000000003
ppo_T3,59.007167191154544,484.7032529867111,30.077274561803105,451.0296608812852,1.0,0.0,0.0,4.720000000000003
ppo_T3,58.62188924850826,483.56607250181816,30.016855143309957,451.0296608812852,1.0,0.0,0.0,4.760000000000003
ppo_T3,58.28356462527512,482.4130349577292,30.041212616635846,451.0296608812852,1.0,0.0,0.0,4.800000000000003
ppo_T3,57.99518498790936,481.2489572254432,29.981658789701704,453.0649826457389,1.0,0.0,0.0,4.840000000000003
ppo_T3,57.759040512858185,480.0789146866232,29.840867067514,453.0649826457389,1.0,0.0,0.0,4.8800000000000034
ppo_T3,57.573259735254645,478.9018557487576,29.79075192631308,455.1235882170324,1.0,0.0,0.0,4.920000000000004
ppo_T3,57.439720178837696,477.7230051565427,29.65975315867247,455.1235882170324,1.0,0.0,0.0,4.960000000000004
ppo_T3,57.35958201071605,476.5476892017288,29.451121791346306,455.1235882170324,1.0,0.0,0.0,5.000000000000004
ppo_T3,57.33330113474106,475.3812392291084,29.16864994163495,457.1984008723572,1.0,0.0,0.0,5.040000000000004
ppo_T3,57.35923823428127,474.22208500121,28.986109358483958,457.1984008723572,1.0,0.0,0.0,5.080000000000004
ppo_T3,57.43323146356828,473.06213321563087,29.05773501634904,459.2838232736565,1.0,0.0,0.0,5.120000000000004
ppo_T3,57.55009914008529,471.8940104506009,29.34885909191906,459.2838232736565,1.0,0.0,0.0,5.160000000000004
ppo_T3,57.71247121217889,470.7230465040796,29.55420077849336,461.3754715848512,1.0,0.0,0.0,5.200000000000004
ppo_T3,57.92220806709405,469.5547771101345,29.673672307476227,461.3754715848512,1.0,0.0,0.0,5.240000000000004
ppo_T3,58.18039756345594,468.3948357713799,29.708224086347773,463.4698584165016,1.0,0.0,0.0,5.280000000000004
ppo_T3,58.48315408211682,467.23491546267513,29.9695327805738,463.4698584165016,1.0,0.0,0.0,5.320000000000004
ppo_T3,58.82554683262996,466.06741586778975,30.416772713232213,465.5640164887556,1.0,0.0,0.0,5.360000000000004
ppo_T3,59.2017272691032,464.8855851021193,31.00640739700524,465.5640164887556,1.0,0.0,0.0,5.400000000000004
ppo_T3,59.60507458151064,463.6836374976016,31.695495524127942,467.6551754607351,1.0,0.0,0.0,5.440000000000004
ppo_T3,60.03498382084111,462.4612524280759,32.394513542621716,469.7404964788325,1.0,0.0,0.0,5.480000000000004
ppo_T3,60.49088014939064,461.2181266292396,33.10214507888115,469.7404964788325,1.0,0.0,0.0,5.520000000000004
ppo_T3,60.97841874419497,459.9593021646757,33.748452872024764,471.81695165118776,1.0,0.0,0.0,5.560000000000004
ppo_T3,61.49687534646262,458.6843058139019,34.40941861359915,473.88132774304313,1.0,0.0,0.0,5.600000000000004
ppo_T3,62.03906674160099,457.3873513572145,35.14312140806611,473.88132774304313,1.0,0.0,0.0,5.640000000000004
ppo_T3,62.60455929398163,456.0682169640828,35.880856437844166,475.9304704115636,1.0,0.0,0.0,5.680000000000004
ppo_T3,63.192940778992536,454.7266931428085,36.622047107495256,477.9616644289837,1.0,0.0,0.0,5.720000000000004
ppo_T3,63.79622139397341,453.3581374542042,37.39060855702019,479.9731768921646,1.0,0.0,0.0,5.760000000000004
ppo_T3,64.40602180220593,451.9591668262842,38.15245204819199,481.9648068351803,1.0,0.0,0.0,5.800000000000004
ppo_T3,65.01376548720705,450.5276800314406,38.87887304236153,483.9383140827056,1.0,0.0,0.0,5.840000000000004
ppo_T3,65.61086828144686,449.0628503470869,39.546315813334544,485.8975513528115,1.0,0.0,0.0,5.880000000000004
ppo_T3,66.18892057226259,447.5650899203788,40.13594669004701,487.8481988111333,1.0,0.0,0.0,5.920000000000004
ppo_T3,66.73985809669193,446.0359880013463,40.633151756086704,489.797093622852,1.0,0.0,0.0,5.960000000000004
ppo_T3,67.26509050139788,444.47559873669286,41.16038550747917,493.7170975417724,1.0,0.0,0.0,6.000000000000004
ppo_T3,67.76595579721973,442.8839747528702,41.71430323071312,495.6992604371584,1.0,0.0,0.0,6.0400000000000045
ppo_T3,68.24372399829355,441.26116723232286,42.29189271230206,497.7005875443321,1.0,0.0,0.0,6.0800000000000045
ppo_T3,68.69960057630526,439.60722598586034,42.89044984849256,499.7218942563138,1.0,0.0,0.0,6.1200000000000045
ppo_T3,69.13472973926774,437.9221995213532,43.507553759016645,499.7218942563138,1.0,0.0,0.0,6.160000000000005
ppo_T3,69.55019754373598,436.2061351089404,44.14104215536736,501.7622999086613,1.0,0.0,0.0,6.200000000000005
ppo_T3,69.94703484892165,434.45907884292535,44.78898750955455,503.81969568892913,1.0,0.0,0.0,6.240000000000005
ppo_T3,70.32622012073872,432.6810757005272,45.449674398866016,505.89126272170864,1.0,0.0,0.0,6.280000000000005
ppo_T3,70.68868209340351,430.8721695976497,46.121578265055156,507.9739466669427,1.0,0.0,0.0,6.320000000000005
ppo_T3,71.03530229582539,429.0324034418171,46.803345719577415,507.9739466669427,1.0,0.0,0.0,6.360000000000005
ppo_T3,71.36691744965687,427.1618191824216,47.49377644589963,510.0647997884872,1.0,0.0,0.0,6.400000000000005
ppo_T3,71.68432174552277,425.2604578584193,48.191806691113385,512.1612180491213,1.0,0.0,0.0,6.440000000000005
ppo_T3,71.98826900361682,423.328359643604,48.896494297874916,514.2610591049371,1.0,0.0,0.0,6.480000000000005
ppo_T3,72.27947472454004,421.3655638895816,49.60700520029246,516.3626775800581,1.0,0.0,0.0,6.520000000000005
ppo_T3,72.55861803595641,419.3721091665622,50.322601290551745,518.4648873784496,1.0,0.0,0.0,6.560000000000005
ppo_T3,72.82634354035858,417.34803330208143,51.04262955413499,520.5668887578513,1.0,0.0,0.0,6.600000000000005
ppo_T3,73.08326306896686,415.2933734177543,51.7665123682993,520.5668887578513,1.0,0.0,0.0,6.640000000000005
ppo_T3,73.32995734653028,413.2081659641637,52.49373885934184,522.6681915115336,1.0,0.0,0.0,6.680000000000005
ppo_T3,73.56697757155567,411.09244675397696,53.22385721779254,524.7685338231288,1.0,0.0,0.0,6.720000000000005
ppo_T3,73.79484691626112,408.9462509933813,53.95646787605397,526.867818649792,1.0,0.0,0.0,6.760000000000005
ppo_T3,74.01406195033177,406.76961331192206,54.69121745942548,531.0633749996499,1.0,0.0,0.0,6.800000000000005
ppo_T3,74.22509399234875,404.56256779082736,55.42779342837662,533.159907542084,1.0,0.0,0.0,6.840000000000005
ppo_T3,74.42839039256562,402.3251479898934,56.165919336998364,535.2558852765278,1.0,0.0,0.0,6.880000000000005
ppo_T3,74.62437575051965,400.0573869730057,56.905350639505095,537.3515835420523,1.0,0.0,0.0,6.920000000000005
ppo_T3,74.81345307078844,397.7593173323638,57.64587098331475,539.4473215562783,1.0,0.0,0.0,6.960000000000005
ppo_T3,74.99600486003419,395.43097121147696,58.38728893349653,541.5434485504261,1.0,0.0,0.0,7.000000000000005
ppo_T3,75.17239416831795,393.07238032699166,59.12943507918641,545.7382705259677,1.0,0.0,0.0,7.040000000000005
ppo_T3,75.3429655775152,390.6835759894117,59.872159477905385,547.8375645410235,1.0,0.0,0.0,7.080000000000005
ppo_T3,75.50804613951989,388.264589122766,60.615329398573074,549.9383757237719,1.0,0.0,0.0,7.120000000000005
ppo_T3,75.66794626678764,385.8154502832784,61.35882732840297,552.0407528978232,1.0,0.0,0.0,7.1600000000000055
ppo_T3,75.8229605776394,383.3361896770895,62.10254921281832,556.2497254312783,1.0,0.0,0.0,7.2000000000000055
ppo_T3,75.97336869862364,380.8268371770793,62.8464029010683,558.3557914770288,1.0,0.0,0.0,7.240000000000005
ppo_T3,76.10629541662374,378.28854680649687,63.54421451708827,560.4624312753882,1.0,0.0,0.0,7.280000000000006
ppo_T3,76.2225346688369,375.7212926452133,64.2471083609155,562.5692646457121,1.0,0.0,0.0,7.320000000000006
ppo_T3,76.32284013574518,373.1250512866136,64.95445701987755,566.7822056290873,1.0,0.0,0.0,7.360000000000006
ppo_T3,76.40792728609638,370.4998017089524,65.6657024640963,568.8878583852817,1.0,0.0,0.0,7.400000000000006
ppo_T3,76.47847531799992,367.84552515324623,66.38034846142868,570.9928176000643,1.0,0.0,0.0,7.440000000000006
ppo_T3,76.5351290014152,365.162205007369,67.09795379292046,575.2006787776779,1.0,0.0,0.0,7.480000000000006
ppo_T3,76.57850042704145,362.44982669603695,67.81812619216194,577.3037055439852,1.0,0.0,0.0,7.520000000000006
ppo_T3,76.60917066636416,359.70837757638225,68.5405169372271,579.4062401620735,1.0,0.0,0.0,7.560000000000006
ppo_T3,76.62769134737113,356.937846838833,69.26481602936163,583.6101314102744,1.0,0.0,0.0,7.600000000000006
ppo_T3,76.63458615022218,354.1382254130289,69.99074789806087,585.7115937113208,1.0,0.0,0.0,7.640000000000006
ppo_T3,76.63035222693895,351.3095058785171,70.71806757750761,587.81278046638,1.0,0.0,0.0,7.680000000000006
ppo_T3,76.61546154897447,348.4516823799857,71.44655730443009,592.0144030457795,1.0,0.0,0.0,7.720000000000006
ppo_T3,76.59036218632617,345.56475054680413,72.17602349223426,594.114866372881,1.0,0.0,0.0,7.760000000000006
ppo_T3,76.5554795216702,342.64870741665135,72.90629404072708,598.315177171302,1.0,0.0,0.0,7.800000000000006
ppo_T3,76.51121740281748,339.70355136302487,73.63721594486961,600.415062633051,1.0,0.0,0.0,7.840000000000006
ppo_T3,76.47295570865484,336.7288949694407,74.37256137653836,602.5147951746736,1.0,0.0,0.0,7.880000000000006
ppo_T3,76.45542068671593,333.72664302089817,75.057578895813,606.7138831736801,1.0,0.0,0.0,7.920000000000006
ppo_T3,76.45771418120196,330.6967249366316,75.7479738073997,608.8132735024383,1.0,0.0,0.0,7.960000000000006
ppo_T3,76.47898353882142,327.6390748993263,76.44310031081332,613.0118155442218,1.0,0.0,0.0,8.000000000000005
ppo_T3,76.51841929736172,324.5536316121928,77.14238238951836,615.1109927528587,1.0,0.0,0.0,8.040000000000004
ppo_T3,76.57525299168135,321.44033806838235,77.84530637240475,619.3092299371438,1.0,0.0,0.0,8.080000000000004
ppo_T3,76.6487550711576,318.2991413321175,78.55141426005807,621.40832219435,1.0,0.0,0.0,8.120000000000003
ppo_T3,76.73823292292774,315.12999233094115,79.26029774426111,625.6065301888794,1.0,0.0,0.0,8.160000000000002
ppo_T3,76.84302899554962,311.9328456585209,79.97159285413827,627.705665526561,1.0,0.0,0.0,8.200000000000001
ppo_T3,76.96251901798011,308.707659387471,80.68497516742593,631.9040076861194,1.0,0.0,0.0,8.24
ppo_T3,77.09611030902941,305.4543948916843,81.40015553037419,634.0032043067732,1.0,0.0,0.0,8.28
ppo_T3,77.24324017269498,302.17301667769,82.1168762346502,638.2016100528854,1.0,0.0,0.0,8.319999999999999
ppo_T3,77.40337437501246,298.8634922245793,82.83490760425641,640.3008046340007,1.0,0.0,0.0,8.359999999999998
ppo_T3,77.57600569828247,295.52579183206416,83.55404494984812,644.499151385369,1.0,0.0,0.0,8.399999999999997
ppo_T3,77.7606525687426,292.1598884762542,84.27410585191441,648.6974209320005,1.0,0.0,0.0,8.439999999999996
ppo_T3,77.95685775395356,288.76575767276216,84.99492773806148,650.7965262051033,1.0,0.0,0.0,8.479999999999995
ppo_T3,78.1641871263581,285.34337734676353,85.71636572310824,654.9947030381005,1.0,0.0,0.0,8.519999999999994
ppo_T3,78.38222848965103,281.89272770965823,86.43829068388064,659.1929138704411,1.0,0.0,0.0,8.559999999999993
ppo_T3,78.61059046476952,278.4137911419985,87.16058754348184,661.2920713635433,1.0,0.0,0.0,8.599999999999993
ppo_T3,78.84890143247507,274.9065520823649,87.88315374244016,665.4905628084108,1.0,0.0,0.0,8.639999999999992
ppo_T3,79.09680852965225,271.3709969218883,88.60589787650959,669.689331074947,1.0,0.0,0.0,8.67999999999999
ppo_T3,79.3539766965953,267.8071139041302,89.32873848303922,671.788814451988,1.0,0.0,0.0,8.71999999999999
ppo_T3,79.62008777269259,264.21489303005063,90.05160295975534,675.9879338811243,1.0,0.0,0.0,8.75999999999999
ppo_T3,79.89483963805014,260.59432596780454,90.77442660153152,680.1871891665776,1.0,0.0,0.0,8.799999999999988
ppo_T3,80.17794539872074,256.9454059671203,91.4971517422762,684.3865173576909,1.0,0.0,0.0,8.839999999999987
ppo_T3,80.46913261332311,253.2681277780294,92.21972699045823,686.4861979338451,1.0,0.0,0.0,8.879999999999987
ppo_T3,80.768142558949,249.56248757372524,92.94210654803686,690.6855782415486,1.0,0.0,0.0,8.919999999999986
ppo_T3,81.07472953436186,245.82848287734112,93.6642496036756,694.8849709058479,1.0,0.0,0.0,8.959999999999985
ppo_T3,81.38866019859326,242.066112492449,94.38611979211362,699.0843636174847,1.0,0.0,0.0,8.999999999999984
ppo_T3,81.70971294313814,238.2753764370895,95.10768471245619,701.1840590411196,1.0,0.0,0.0,9.039999999999983
ppo_T3,82.03767729604289,234.45627588115389,95.82891549893743,705.3834496960533,1.0,0.0,0.0,9.079999999999982
ppo_T3,82.37235335626528,230.6088130869479,96.549786438414,709.5828417658041,1.0,0.0,0.0,9.11999999999998
ppo_T3,82.71355125676915,226.7329913527756,97.27027462947827,713.7822350801101,1.0,0.0,0.0,9.15999999999998
ppo_T3,83.06109065489359,222.82881495938997,97.9903596786393,717.9816366784579,1.0,0.0,0.0,9.19999999999998
ppo_T3,83.41480024861141,218.89628911916432,98.7100234295199,722.181081068368,1.0,0.0,0.0,9.23999999999998
ppo_T3,83.77451731736159,214.93541992784705,99.42924972146194,726.3806315999047,1.0,0.0,0.0,9.279999999999978
ppo_T3,84.14008728620725,210.9462143187673,100.14802417432848,728.4804706447541,1.0,0.0,0.0,9.319999999999975
ppo_T3,84.5113633121345,206.92868001936836,100.8663339966428,732.6803246846025,1.0,0.0,0.0,9.359999999999976
ppo_T3,84.88084216620729,202.962421613169,99.58576821123172,736.8804590978538,1.0,0.0,1.0,9.399999999999975
ppo_T3,85.25571136666139,198.9677833050287,100.30472985579729,741.0808873827541,1.0,0.0,0.0,9.439999999999976
ppo_T3,85.63584754153563,194.94477528519192,101.0231936213133,745.2815480748149,1.0,0.0,0.0,9.479999999999974
ppo_T3,86.02113346579831,190.8934083714458,101.74115168293433,749.4823137191828,1.0,0.0,0.0,9.519999999999971
ppo_T3,86.41145774917958,186.81369397632469,102.45859710132764,753.6830402667822,1.0,0.0,0.0,9.559999999999972
ppo_T3,86.79909571873361,182.78521616694712,101.1771239463479,757.8836240703558,1.0,0.0,1.0,9.599999999999971
ppo_T3,87.18387295703772,178.8079157876374,99.89673365022468,762.0840228821218,1.0,0.0,1.0,9.63999999999997
ppo_T3,87.56562656661303,174.88173488235205,98.61741833802469,766.2842391280473,1.0,0.0,1.0,9.67999999999997
ppo_T3,87.94420444848146,171.00661662370922,97.33917097932282,770.4843022412613,1.0,0.0,1.0,9.719999999999969
ppo_T3,88.33803844658802,167.18606088837632,96.02002182113391,772.584290096434,1.0,0.0,1.0,9.759999999999968
ppo_T3,88.73838145056264,163.46176463948976,93.6437967456399,776.7842137671935,0.0,0.0,1.0,9.799999999999969
ppo_T3,89.15075815008599,159.7913659325229,92.33729342204414,780.9841285635437,1.0,0.0,1.0,9.839999999999966
ppo_T3,89.57370353806272,156.1745743836439,91.03592666240793,785.1841215243817,1.0,0.0,1.0,9.879999999999963
ppo_T3,90.00584875453069,152.61111454968804,89.73918972616144,787.2841753115539,1.0,0.0,1.0,9.919999999999964
ppo_T3,90.43865036543272,149.14272355355692,87.38225412105584,791.4844475417289,0.0,0.0,1.0,9.959999999999964
ppo_T3,90.87089188068116,145.7691142175981,85.02967378793706,795.6849697768187,0.0,0.0,1.0,9.999999999999964
ppo_T3,91.30876967485324,142.44802249220336,83.7458476997303,797.7853148651571,1.0,0.0,1.0,10.039999999999962
ppo_T3,91.75123584219996,139.17922467418646,82.4652028294305,801.986067191175,1.0,0.0,1.0,10.07999999999996
ppo_T3,92.21292944324604,135.9675341239248,81.11765056033977,804.0863905175548,1.0,0.0,1.0,10.11999999999996
ppo_T3,92.71758385660412,132.7404133111529,81.65852993237729,808.2866156346594,1.0,0.0,0.0,10.15999999999996
ppo_T3,93.25102657571784,129.57621864156795,80.22113593688061,810.3863620693899,1.0,0.0,1.0,10.199999999999958
ppo_T3,93.81001034956464,126.47389401345993,78.8070466296864,814.5847449839774,1.0,0.0,1.0,10.239999999999958
ppo_T3,94.39150250116228,123.43244179194552,77.41351924133052,816.683271236177,1.0,0.0,1.0,10.279999999999957
ppo_T3,94.99267196743348,120.45092017769782,76.03813131992935,820.8789318936417,1.0,0.0,1.0,10.319999999999956
ppo_T3,95.59766785603388,117.5688746323667,73.62152602409496,822.9761543087245,0.0,0.0,1.0,10.359999999999957
ppo_T3,96.2039926318966,114.78541377016832,71.21834430650178,827.1698758154412,0.0,0.0,1.0,10.399999999999954
ppo_T3,96.83981425611978,111.9812158886813,71.88443371293161,829.2666386185292,1.0,0.0,0.0,10.439999999999952
ppo_T3,97.4863624409915,109.23387300985706,70.55989233085602,831.3635121074213,1.0,0.0,1.0,10.479999999999952
ppo_T3,98.14159824338972,106.54267242202025,69.24546267047776,835.5580012789819,1.0,0.0,1.0,10.519999999999952
ppo_T3,98.80362262431164,103.90694331171451,67.9399745356522,837.6557417677283,1.0,0.0,1.0,10.55999999999995
ppo_T3,99.4706674944092,101.32605455382298,66.64240222699037,839.7538393725794,1.0,0.0,1.0,10.59999999999995
ppo_T3,100.15302891976604,98.8061928450206,65.26542033450558,841.8522708623552,1.0,0.0,1.0,10.639999999999947
ppo_T3,100.85866666729086,96.35447298050944,63.78114398457857,846.0498817425633,1.0,0.0,1.0,10.679999999999948
ppo_T3,101.58400855646389,93.96914412145108,62.32934011184948,848.1488626874933,1.0,0.0,1.0,10.719999999999947
ppo_T3,102.3067381419747,91.68648343970814,59.8585720769578,850.2477810021346,0.0,0.0,1.0,10.759999999999946
ppo_T3,103.04285052139028,89.46698256576012,58.45963118140215,852.3464629331007,1.0,0.0,1.0,10.799999999999946
ppo_T3,103.78944031041208,87.3091762268917,57.082859232940734,854.4447096355678,1.0,0.0,1.0,10.839999999999945
ppo_T3,104.5526521994694,85.21993133367783,55.60708481962198,856.5422929415146,1.0,0.0,1.0,10.879999999999944
ppo_T3,105.33650092950498,83.2063747851227,54.018681987158544,858.6389636952491,1.0,0.0,1.0,10.919999999999945
ppo_T3,106.13694292659814,81.26580637730407,52.47924075369116,860.7344604611285,1.0,0.0,1.0,10.959999999999942
ppo_T3,106.92594568156724,79.43025356284056,49.94859533831829,862.8284939747692,0.0,0.0,1.0,10.99999999999994
ppo_T3,107.7244604025719,77.66274498816016,48.487835595834824,864.9207494489468,1.0,0.0,1.0,11.03999999999994
ppo_T3,108.52919706714256,75.96101753448164,47.06031652243899,867.0108557505048,1.0,0.0,1.0,11.07999999999994
ppo_T3,109.34308759540664,74.33142004310892,45.53848493229556,869.0983306685823,1.0,0.0,1.0,11.11999999999994
ppo_T3,110.16726742276772,72.78006926815331,43.91726322575429,871.1825194131193,1.0,0.0,1.0,11.159999999999938
ppo_T3,111.00124682443364,71.31263330156506,42.19663759145891,873.262501293931,1.0,0.0,1.0,11.199999999999935
ppo_T3,111.88322997543784,69.86501312346506,42.3784914394788,875.3370098728461,1.0,0.0,0.0,11.239999999999936
ppo_T3,112.81325578260802,68.4448422006709,42.43990937160874,877.4043416314523,1.0,0.0,0.0,11.279999999999935
ppo_T3,113.71178230765932,67.13991577456184,39.60889178721833,877.4043416314523,0.0,0.0,1.0,11.319999999999936
ppo_T3,114.60950361527064,65.93062231498942,37.65214317857633,879.4623113270999,1.0,0.0,1.0,11.359999999999934
ppo_T3,115.55009702784824,64.75604837897379,37.61930936161319,881.5082335591177,1.0,0.0,0.0,11.399999999999933
ppo_T3,116.48033578795732,63.68411952557104,35.482175257150274,883.5389796373714,1.0,0.0,1.0,11.439999999999932
ppo_T3,117.4474864469731,62.65601176326896,35.28797571535939,885.551151517952,1.0,0.0,0.0,11.479999999999931
ppo_T3,118.3922035880528,61.73404140424665,33.001134635470656,887.5413437854468,1.0,0.0,1.0,11.51999999999993
ppo_T3,119.36609976475732,60.862141548692975,32.67915162142914,889.506557272218,1.0,0.0,0.0,11.55999999999993
ppo_T3,120.36475336142722,60.04391180557023,32.27623853813027,891.4447132357195,1.0,0.0,0.0,11.599999999999929
ppo_T3,121.38340516389827,59.282282218303,31.79751486828808,893.3552060050152,1.0,0.0,0.0,11.639999999999928
ppo_T3,122.41705990005543,58.57949656167291,31.248497891349896,895.2394076392692,1.0,0.0,0.0,11.679999999999929
ppo_T3,123.4605856889629,57.93711068802252,30.635005332752936,897.1009706041242,1.0,0.0,0.0,11.719999999999926
ppo_T3,124.5088092386489,57.35600494902823,29.963065701881487,898.9457814576047,1.0,0.0,0.0,11.759999999999923
ppo_T3,125.55660487547009,56.83640942706919,29.238835507991503,902.6168624050335,1.0,0.0,0.0,11.799999999999924
ppo_T3,126.59897576663155,56.37794046821335,28.46852275952223,904.4603823234715,1.0,0.0,0.0,11.839999999999923
ppo_T3,127.6374733325103,55.97841979746978,27.817417662853927,906.3196065514104,1.0,0.0,0.0,11.879999999999924
ppo_T3,128.6735691606535,55.63577905465353,27.28205962410838,908.2002373342732,1.0,0.0,0.0,11.919999999999922
ppo_T3,129.7086590621029,55.34805421130677,26.858386604111402,908.2002373342732,1.0,0.0,0.0,11.95999999999992
ppo_T3,130.7440669216571,55.11338027123983,26.541727686949653,910.1057967912294,1.0,0.0,0.0,11.99999999999992
ppo_T3,131.78104835253984,54.929986240284265,26.326838238120132,912.0376870569944,1.0,0.0,0.0,12.03999999999992
ppo_T3,132.8207941654109,54.796190351582005,26.20797463579204,912.0376870569944,1.0,0.0,0.0,12.079999999999918
ppo_T3,133.8644336611499,54.71039553342937,26.17900098227851,913.9955285920076,1.0,0.0,0.0,12.119999999999918
ppo_T3,134.91303775636666,54.67108510735408,26.233516945212877,915.9776728408189,1.0,0.0,0.0,12.159999999999917
ppo_T3,135.96762195013468,54.6768187047295,26.364994498911777,915.9776728408189,1.0,0.0,0.0,12.199999999999916
ppo_T3,137.02914914001394,54.72622839082446,26.566911891638416,917.9817259980872,1.0,0.0,0.0,12.239999999999917
ppo_T3,138.09259215965756,54.82132907785466,26.692171098263433,917.9817259980872,1.0,0.0,0.0,12.279999999999914
ppo_T3,139.15278988390023,54.96345103809549,26.742029958382876,920.0050062894436,1.0,0.0,0.0,12.319999999999911
ppo_T3,140.21100301448854,55.15132462658796,26.86902858081334,920.0050062894436,1.0,0.0,0.0,12.359999999999912
ppo_T3,141.26842733284764,55.38374380110839,27.066640696413128,922.0448526372472,1.0,0.0,0.0,12.399999999999912
ppo_T3,142.3261969987351,55.65956289186569,27.328474583502903,922.0448526372472,1.0,0.0,0.0,12.43999999999991
ppo_T3,143.38538768132233,55.97769353529736,27.648372560263894,924.0988066084948,1.0,0.0,0.0,12.47999999999991
ppo_T3,144.44701953121654,56.33710176362814,28.020488701369125,924.0988066084948,1.0,0.0,0.0,12.519999999999907
ppo_T3,145.51206000150353,56.736805242278464,28.439344162118637,926.16468671096,1.0,0.0,0.0,12.559999999999908
ppo_T3,146.5814265254808,57.17587064761202,28.899861513119053,928.2405837817672,1.0,0.0,0.0,12.599999999999907
ppo_T3,147.65598905836137,57.653411177893176,29.39738078396507,928.2405837817672,1.0,0.0,0.0,12.639999999999906
ppo_T3,148.73657248985845,58.16858419068713,29.927660549410767,930.3248068124252,1.0,0.0,0.0,12.679999999999906
ppo_T3,149.82395893421025,58.720588960279656,30.48686751099735,930.3248068124252,1.0,0.0,0.0,12.719999999999905
ppo_T3,150.918889903871,59.30866454901929,31.071557798025456,932.4158417672252,1.0,0.0,0.0,12.759999999999904
ppo_T3,152.02206837277777,59.93208778679478,31.678652785215387,932.4158417672252,1.0,0.0,0.0,12.799999999999905
ppo_T3,153.13416073480303,60.59017135315454,32.30541171757959,934.51231346587,1.0,0.0,0.0,12.839999999999902
ppo_T3,154.25579866271707,61.28226195685381,32.949402925775,936.6129863365936,1.0,0.0,0.0,12.8799999999999
ppo_T3,155.38758087271458,62.00773860788032,33.60847495472192,936.6129863365936,1.0,0.0,0.0,12.9199999999999
ppo_T3,156.5300747993028,62.76601097726043,34.28072853711251,938.7167540587308,1.0,0.0,0.0,12.9599999999999
ppo_T3,157.68381818510483,63.55651784018657,34.96449002751977,940.8226561814364,1.0,0.0,0.0,12.9999999999999
ppo_T3,158.84932058990017,64.37872559823327,35.658286668178036,940.8226561814364,1.0,0.0,0.0,13.039999999999898
ppo_T3,160.0270648230058,65.23212687664397,36.36082387514165,942.9298922005296,1.0,0.0,0.0,13.079999999999895
ppo_T3,161.21750830289125,66.11623919287518,37.07096460265028,945.0378109555912,1.0,0.0,0.0,13.119999999999896
ppo_T3,162.42108434772524,67.03060369277799,37.78771075347099,945.0378109555912,1.0,0.0,0.0,13.159999999999895
ppo_T3,163.6382034003616,67.97478395098099,38.51018654420106,947.1459256288746,1.0,0.0,0.0,13.199999999999894
ppo_T3,164.86925419109537,68.9483648322132,39.237623698969706,949.2538950704782,1.0,0.0,0.0,13.239999999999894
ppo_T3,166.1146048413506,69.9509514104712,39.969348326203324,949.2538950704782,1.0,0.0,0.0,13.279999999999893
ppo_T3,167.3746039113,70.98216794309204,40.70476932608656,951.3615056639272,1.0,0.0,0.0,13.319999999999892
ppo_T3,168.64958139426508,72.04165689694261,41.443368177243954,953.4686513234266,1.0,0.0,0.0,13.359999999999893
ppo_T3,169.9398496606002,73.12907802407817,42.18468995717064,955.57530470427,1.0,0.0,0.0,13.39999999999989
ppo_T3,171.2457043536267,74.2441074843567,42.92833546001673,957.6814955620242,1.0,0.0,0.0,13.43999999999989
ppo_T3,172.56742524005313,75.386437012624,43.67395428604484,957.6814955620242,1.0,0.0,0.0,13.479999999999889
ppo_T3,173.90527701719347,76.55577312820516,44.421238788444725,959.7872834970292,1.0,0.0,0.0,13.519999999999888
ppo_T3,175.25951007917823,77.75183638455334,45.16991877454832,961.892744240214,1.0,0.0,0.0,13.559999999999889
ppo_T3,176.6303612442414,78.97436065701582,45.91975686942175,963.9979525972386,1.0,0.0,0.0,13.599999999999886
ppo_T3,178.0180544450606,80.22309246678093,46.670544460070566,966.1029761220752,1.0,0.0,0.0,13.639999999999883
ppo_T3,179.42280138402762,81.49779033916799,47.422098147945654,968.2078754820516,1.0,0.0,0.0,13.679999999999884
ppo_T3,180.84480215523055,82.79822419451557,48.174256646028894,970.3127000015248,1.0,0.0,0.0,13.719999999999883
ppo_T3,182.2842458348386,84.12417477001193,48.92687806450716,970.3127000015248,1.0,0.0,0.0,13.759999999999884
ppo_T3,183.7327516045418,85.48211265770362,49.63721053612429,972.417489640748,1.0,0.0,0.0,13.799999999999882
ppo_T3,185.1908287289807,86.87158496994037,50.35264520909365,974.5222789693872,1.0,0.0,0.0,13.83999999999988
ppo_T3,186.6493877486261,88.29773866570895,50.998215518678585,976.6270982245588,1.0,0.0,0.0,13.87999999999988
ppo_T3,188.1092715512051,89.75995830973056,51.65599556437741,978.731974359952,1.0,0.0,0.0,13.91999999999988
ppo_T3,189.57127951185376,91.25765873245544,52.32455108043372,980.8369315553384,1.0,0.0,0.0,13.959999999999878
ppo_T3,191.036169704112,92.79028349336237,53.00260567368023,982.9419897322542,1.0,0.0,0.0,13.999999999999876
ppo_T3,192.5046609985993,94.3573034223222,53.6890243656839,985.0471587070192,1.0,0.0,0.0,14.039999999999877
ppo_T3,193.9774350550773,95.95821523505944,54.382798599351695,987.15243494734,1.0,0.0,0.0,14.079999999999876
ppo_T3,195.4551382133151,97.59254021894743,55.08303264632912,989.2577982391482,1.0,0.0,0.0,14.119999999999877
ppo_T3,196.9383832878983,99.25982298556502,55.788931334625325,993.46862926918,1.0,0.0,0.0,14.159999999999874
ppo_T3,198.42775127186115,100.95963028662224,56.499789006137924,995.5739867875571,1.0,0.0,0.0,14.199999999999871
ppo_T3,199.92379295377387,102.6915498900366,57.214979609316835,997.6792133898643,1.0,0.0,0.0,14.239999999999872
ppo_T3,201.42703045268144,104.45518951310402,57.93394783164345,999.7842328685128,1.0,0.0,0.0,14.279999999999871
ppo_T3,202.93795867506705,106.25017580986396,58.6562011787611,1001.8889674598609,1.0,0.0,0.0,14.31999999999987
ppo_T3,204.4570466978013,108.07615340990584,59.38130291108761,1003.9933484859912,1.0,0.0,0.0,14.35999999999987
ppo_T3,205.98473908083727,109.93278400600347,60.1088657538968,1006.0973314721216,1.0,0.0,0.0,14.399999999999867
ppo_T3,207.52145711322024,111.81974548809694,60.83854630266963,1008.200907055967,1.0,0.0,0.0,14.439999999999868
ppo_T3,209.06759999579947,113.7367311212677,61.570040051622534,1012.4070345922812,1.0,0.0,0.0,14.479999999999867
ppo_T3,210.62354596385805,115.68344876547177,62.303076979457366,1014.5097856917106,1.0,0.0,0.0,14.519999999999866
ppo_T3,212.18965335271253,117.6596201349099,63.03741763236578,1016.612493077884,1.0,0.0,0.0,14.559999999999864
ppo_T3,213.76626160917976,119.66498009502124,63.77284965003955,1018.7152707800576,1.0,0.0,0.0,14.599999999999865
ppo_T3,215.3536922516607,121.69927599518886,64.50918468581713,1022.92130064038,1.0,0.0,0.0,14.639999999999864
ppo_T3,216.96306863534204,123.7542363078008,65.25409101524501,1025.024574887343,1.0,0.0,0.0,14.679999999999865
ppo_T3,218.6038145585863,125.82032496115892,65.95817570711817,1027.1279776814824,1.0,0.0,0.0,14.719999999999862
ppo_T3,220.28352393661288,127.88703436050876,66.58036185689204,1029.2314476098868,1.0,0.0,0.0,14.75999999999986
ppo_T3,222.00134916194628,129.9553098602877,67.21554436929763,1033.4383609500528,1.0,0.0,0.0,14.79999999999986
ppo_T3,223.74841662594605,132.019083765497,67.59903593797289,1035.541714566043,1.0,1.0,0.0,14.83999999999986
ppo_T3,225.53203549538603,134.0861761148024,68.25580127349717,1037.6449632699796,1.0,0.0,0.0,14.87999999999986
ppo_T3,227.35147830362928,136.15739315549055,68.9216591596263,1041.8510761747823,1.0,0.0,0.0,14.919999999999858
ppo_T3,229.20605363586827,138.23349939762642,69.59555836934216,1043.953897613169,1.0,0.0,0.0,14.959999999999855
ppo_T3,231.0951042984146,140.31521973492818,70.27656067460575,1046.0565152942215,1.0,0.0,0.0,14.999999999999856
ppo_T3,233.01800558098847,142.403241457901,70.96382907039067,1048.1588787976077,1.0,0.0,0.0,15.039999999999855
ppo_T3,234.97416360728303,144.49821616470317,71.65661713153914,1052.3626127241798,1.0,0.0,0.0,15.079999999999854
ppo_T3,236.9630137693198,146.6007615749397,72.35425941651701,1054.463893296546,1.0,0.0,0.0,15.119999999999854
ppo_T3,238.9840192413377,148.7114632513147,73.05616283286221,1056.564781989933,1.0,0.0,0.0,15.159999999999853
ppo_T3,241.03666956917675,150.8308762338234,73.76179888162017,1060.7657311928772,1.0,0.0,0.0,15.199999999999852
ppo_T3,243.1204793313197,152.95952659092657,74.4706967017804,1062.8661292130496,1.0,0.0,0.0,15.239999999999853
ppo_T3,245.20971241307564,155.05879803450202,74.0432114702069,1064.9667811226657,0.0,0.0,0.0,15.27999999999985
ppo_T3,247.3369644721412,157.15615906021893,74.68318332711723,1069.1697514048617,1.0,0.0,0.0,15.31999999999985
ppo_T3,249.4444922905583,159.1965459517915,73.33507079112702,1071.2723518575465,1.0,0.0,1.0,15.359999999999848
ppo_T3,251.5307934651352,161.1819175604733,71.99979607436649,1073.3756668114531,1.0,0.0,1.0,15.399999999999848
ppo_T3,253.6587682906072,163.15585700380262,72.56339376613226,1077.583391673763,1.0,0.0,0.0,15.439999999999849
ppo_T3,255.82757098706568,165.1197149270322,73.14558718233187,1079.6868589862454,1.0,0.0,0.0,15.479999999999846
ppo_T3,257.97041902030105,167.0345086691451,71.84285267328129,1081.7891712312726,1.0,0.0,1.0,15.519999999999843
ppo_T3,260.0777520946783,168.91354584907725,70.58520299047997,1085.9868931175629,1.0,0.0,1.0,15.559999999999844
ppo_T3,262.1089790617471,170.73743383414762,68.24794124107147,1088.080331013119,0.0,0.0,1.0,15.599999999999843
ppo_T3,264.06493370480734,172.50543116215104,65.9145901789586,1090.168701694607,0.0,0.0,1.0,15.639999999999842
ppo_T3,266.0454982462674,174.29062432607083,66.65935106661196,1094.3255099570467,1.0,0.0,0.0,15.679999999999842
ppo_T3,267.9911633706552,176.03961181497894,65.40532285590427,1098.4480978017582,1.0,0.0,1.0,15.71999999999984
ppo_T3,269.95169807462526,177.8158669228768,66.13801163950762,1100.494347679775,1.0,0.0,0.0,15.75999999999984
ppo_T3,271.85732096387767,179.5736256602593,64.81278025439518,1104.5561232752575,1.0,0.0,1.0,15.79999999999984
ppo_T3,273.6979952457765,181.3179074897004,63.39657380609385,1108.58441460374,1.0,0.0,1.0,15.839999999999838
ppo_T3,275.46409712457347,183.05134356186127,61.866370421248746,1112.598079761474,1.0,0.0,1.0,15.879999999999836
ppo_T3,277.14669535507403,184.77438578045775,60.20803150509486,1116.6204351447102,1.0,0.0,1.0,15.919999999999837
ppo_T3,278.79333175194853,186.5430370088644,60.41284316711983,1120.6684250251603,1.0,0.0,0.0,15.959999999999836
ppo_T3,280.3937768592737,188.3559996601956,60.45793019056116,1122.7039756967736,1.0,0.0,0.0,15.999999999999837
ppo_T3,281.93840538386775,190.2104662501479,60.33719630252383,1126.796292726238,1.0,0.0,0.0,16.039999999999836
ppo_T3,283.4303367826897,192.10581702539625,60.30243496340606,1128.8513944210658,1.0,0.0,0.0,16.079999999999835
ppo_T3,284.87253181710554,194.04146252516696,60.34613708679048,1130.9113875094204,1.0,0.0,0.0,16.119999999999834
ppo_T3,286.2556545474288,196.01379751717403,60.22423623339022,1132.9757076441765,1.0,0.0,0.0,16.159999999999833
ppo_T3,287.5712794156317,198.01792675606396,59.934353671368214,1135.0440402751872,1.0,0.0,0.0,16.199999999999832
ppo_T3,288.82286711805455,200.0537534462877,59.74457135110519,1137.1162662983809,1.0,0.0,0.0,16.23999999999983
ppo_T3,290.00273428602674,202.1155398151008,59.387759495761784,1139.1923593091956,1.0,0.0,0.0,16.27999999999983
ppo_T3,291.114428843991,204.2034847014273,59.136381772053866,1141.2722719889364,1.0,0.0,0.0,16.31999999999983
ppo_T3,292.16131855821124,206.31777562910133,58.9820110318865,1143.3558350552712,1.0,0.0,0.0,16.35999999999983
ppo_T3,293.1466001887472,208.4585893826452,58.91659050531677,1145.4426875959484,1.0,0.0,0.0,16.399999999999828
ppo_T3,294.0733081765081,210.62609255379647,58.93247031312168,1147.5322384969818,1.0,0.0,0.0,16.439999999999827
ppo_T3,294.94432288900504,212.8204420602719,59.02243421972466,1149.6236646150371,1.0,0.0,0.0,16.479999999999826
ppo_T3,295.7623784472183,215.04178563817555,59.179716686850675,1151.7159167013092,1.0,0.0,0.0,16.519999999999825
ppo_T3,296.5418898490895,217.2941272315916,59.58544641457756,1155.8976689554763,1.0,0.0,0.0,16.559999999999825
ppo_T3,297.29727736522585,219.57928745426895,60.169383529133775,1157.984051816894,1.0,0.0,0.0,16.599999999999824
ppo_T3,298.02992389432063,221.8970967312127,60.77114231319562,1160.0650776942784,1.0,0.0,0.0,16.639999999999823
ppo_T3,298.7411419578892,224.24739290374848,61.38873691781027,1162.1388511444611,1.0,0.0,0.0,16.679999999999822
ppo_T3,299.4451001979065,226.62963615419275,62.101932880424435,1164.203531850519,1.0,0.0,0.0,16.71999999999982
ppo_T3,300.15529300593045,229.04127295188235,62.8508446071898,1168.2997687194274,1.0,0.0,0.0,16.75999999999982
ppo_T3,300.8842632397952,231.47789984307252,63.58335183408837,1170.3299749363389,1.0,0.0,0.0,16.79999999999982
ppo_T3,301.6315793075008,233.93965175670488,64.31710401073043,1174.3582736322428,1.0,0.0,0.0,16.83999999999982
ppo_T3,302.4087400395498,236.4204466894035,64.99193364152087,1178.3606978727428,1.0,0.0,0.0,16.879999999999818
ppo_T3,303.22583350139377,238.91276371558743,65.57098197942909,1182.3662332090817,1.0,0.0,0.0,16.919999999999817
ppo_T3,304.0913738738182,241.4078996916161,66.02491800056045,1186.401744108289,1.0,0.0,0.0,16.959999999999816
ppo_T3,305.0121834083838,243.8962416363951,66.3312512748203,1188.435765738578,1.0,0.0,0.0,16.999999999999815
ppo_T3,305.99332017823167,246.3675471814374,66.47358713289961,1192.53809270545,1.0,0.0,0.0,17.039999999999814
ppo_T3,307.03277033914986,248.82375479638335,66.67745348294056,1194.6048975423864,1.0,0.0,0.0,17.079999999999814
ppo_T3,308.128621509589,251.26670361819927,66.93695136920081,1196.6804266272914,1.0,0.0,0.0,17.119999999999813
ppo_T3,309.2790576170314,253.69813849796367,67.24664867040828,1200.8518291863263,1.0,0.0,0.0,17.159999999999812
ppo_T3,310.4823540061644,256.11971479127686,67.60156222509254,1202.9449896052936,1.0,0.0,0.0,17.19999999999981
ppo_T3,311.7368727955573,258.53300290531683,67.99713649442634,1205.0416041159542,1.0,0.0,0.0,17.23999999999981
ppo_T3,313.0410584702197,260.9394926149041,68.4292198020346,1209.2418792082292,1.0,0.0,0.0,17.27999999999981
ppo_T3,314.4000804442438,263.3282538092445,68.70735390710864,1211.3443421433126,1.0,0.0,0.0,17.31999999999981
ppo_T3,315.8122857491821,265.70116483075634,69.03364460223452,1213.4477981863347,1.0,0.0,0.0,17.359999999999808
ppo_T3,317.2761044812119,268.0600078198761,69.40328489866688,1215.551967977134,1.0,0.0,0.0,17.399999999999807
ppo_T3,318.79004558217736,270.40647360274465,69.81188709384269,1217.6566425320043,1.0,0.0,0.0,17.439999999999806
ppo_T3,320.3526928349536,272.742166330599,70.25545777535994,1221.8669011612044,1.0,0.0,0.0,17.479999999999805
ppo_T3,321.9627010622464,275.0686078834818,70.73037179551162,1223.9722540912676,1.0,0.0,0.0,17.519999999999804
ppo_T3,323.61879251849183,277.3872420502425,71.23334590765538,1226.0776404578082,1.0,0.0,0.0,17.559999999999803
ppo_T3,325.3197534650472,279.69943849619386,71.76141262186272,1230.2883223947406,1.0,0.0,0.0,17.599999999999802
ppo_T3,327.0644309193612,282.00649652921044,72.31189471353315,1232.3935873327134,1.0,0.0,0.0,17.6399999999998
ppo_T3,328.8517295692862,284.3096486745095,72.8823807086602,1234.4988157121827,1.0,0.0,0.0,17.6799999999998
ppo_T3,330.68060884414245,286.61006406783224,73.47070157482393,1238.7092915856113,1.0,0.0,0.0,17.7199999999998
ppo_T3,332.5500801345719,288.9088516762509,74.07490876791152,1240.814617382099,1.0,0.0,0.0,17.7599999999998
ppo_T3,334.45920415362275,291.20706335535834,74.69325372022733,1242.9200526043833,1.0,0.0,0.0,17.799999999999798
ppo_T3,336.4070884318905,293.5056967511521,75.32416880466016,1247.1313602533216,1.0,0.0,0.0,17.839999999999797
ppo_T3,338.40028661913146,295.79237526742264,75.83591518203124,1249.2372566918257,1.0,0.0,0.0,17.879999999999797
ppo_T3,340.4376954415412,298.0685770987954,76.37133578271433,1253.4494919831952,1.0,0.0,0.0,17.919999999999796
ppo_T3,342.52391641631675,300.3213916184065,76.76054982608204,1255.555780707714,1.0,0.0,0.0,17.959999999999795
ppo_T3,344.6577374038587,302.552774537723,77.18590277493995,1257.662140054783,1.0,0.0,0.0,17.999999999999794
ppo_T3,346.83800682724507,304.7645816039608,77.64367833576694,1261.874923592292,1.0,0.0,0.0,18.039999999999797
ppo_T3,349.0636305964585,306.9585736787595,78.13050935121181,1263.9812653084446,1.0,0.0,0.0,18.079999999999792
ppo_T3,351.3335691888623,309.1364215588609,78.64335080819892,1268.1935829932215,1.0,0.0,0.0,18.11999999999979
ppo_T3,353.646834877987,311.29971055189617,79.17945367908314,1270.299421951794,1.0,0.0,0.0,18.15999999999979
ppo_T3,355.9955923579147,313.4642696033063,79.85133681785577,1274.5100080556806,1.0,0.0,0.0,18.19999999999979
ppo_T3,358.36199950304814,315.6370954052802,80.31599600275086,1276.6145270096242,1.0,1.0,0.0,18.23999999999979
ppo_T3,360.662984944416,317.7431869820032,77.98299386296644,1280.8213676481205,0.0,0.0,1.0,18.279999999999788
ppo_T3,362.9303190185943,319.81109656915373,76.71804654284091,1285.0244274729605,1.0,0.0,1.0,18.319999999999787
ppo_T3,365.1817943829335,321.8761975870787,76.37810358039921,1287.1243006974637,0.0,0.0,0.0,18.359999999999783
ppo_T3,367.37689678298,323.92350355730065,75.04138975590568,1291.320613673456,1.0,0.0,1.0,18.399999999999785
ppo_T3,369.4780296964162,325.92538668952665,72.55297889738809,1293.4171366578826,0.0,0.0,1.0,18.439999999999785
ppo_T3,371.4765386111213,327.8835306113688,69.94804098759343,1297.6071543924445,0.0,0.0,1.0,18.479999999999784
ppo_T3,373.367648480755,329.7953441943191,67.2278202968244,1299.7005773060469,0.0,1.0,1.0,18.519999999999783
ppo_T3,375.1453863114982,331.65817835972933,64.37440738889954,1301.7926255881534,0.0,1.0,1.0,18.559999999999786
ppo_T3,376.8719666813033,333.566605898338,64.33882694141755,1305.9697513792707,1.0,0.0,0.0,18.59999999999978
ppo_T3,378.5374228128011,335.5174542438384,64.12660033619711,1308.051997810633,1.0,0.0,0.0,18.63999999999978
ppo_T3,380.1326659674744,337.50613207863694,63.73598009146303,1312.1901212817254,1.0,0.0,0.0,18.67999999999978
ppo_T3,381.64965730329226,339.5268127946938,63.16849130099818,1351.469194839242,1.0,0.0,0.0,18.71999999999978
ppo_T3,383.03407611703255,341.50832158394945,60.43070687642717,1349.4400961864485,1.0,0.0,1.0,18.759999999999778
ppo_T3,384.28546454648654,343.44182233122183,57.57819759397946,1347.4428245886218,1.0,0.0,1.0,18.799999999999777
ppo_T3,385.4049861230852,345.3184199890757,54.62913216597875,1347.4428245886218,1.0,0.0,1.0,18.839999999999776
ppo_T3,386.3953230316664,347.1294237454733,51.602457537069604,1345.486669130356,1.0,0.0,1.0,18.87999999999977
ppo_T3,387.2660189374737,348.87563072536034,48.78108097021287,1345.486669130356,1.0,0.0,1.0,18.91999999999977
ppo_T3,388.02449064380033,350.53960047822363,45.717028198896934,1345.486669130356,1.0,1.0,1.0,18.959999999999773
ppo_T3,388.6714413586002,352.123964223619,42.78400478788221,1345.486669130356,1.0,0.0,1.0,18.999999999999773
ppo_T3,389.2159605245932,353.63068837145835,40.05245607181834,1345.486669130356,1.0,0.0,1.0,19.03999999999977
ppo_T3,389.6634269824216,355.053664670781,37.29182031052135,1345.486669130356,1.0,0.0,1.0,19.07999999999977
ppo_T3,390.0200873368935,356.3875311517721,34.51816910667819,1345.486669130356,1.0,0.0,1.0,19.11999999999977
ppo_T3,390.2928915407293,357.6277585127402,31.746909697287325,1345.486669130356,1.0,0.0,1.0,19.15999999999977
ppo_T3,390.5048327981784,358.8491224805945,30.99041221270951,1345.486669130356,1.0,0.0,0.0,19.19999999999977
ppo_T3,390.6458305098225,359.9676597783609,28.184725929830933,1345.486669130356,1.0,0.0,1.0,19.239999999999768
ppo_T3,390.7241420333301,360.9814131060888,25.419339391905982,1345.486669130356,1.0,0.0,1.0,19.279999999999767
ppo_T3,390.7481644494659,361.8893416490233,22.706157143386292,1345.486669130356,1.0,0.0,1.0,19.31999999999977
ppo_T3,390.7258908127668,362.77121642290274,22.05390033101686,1345.486669130356,1.0,0.0,0.0,19.359999999999765
ppo_T3,390.65822515183976,363.6290055661284,21.51134665566822,1345.486669130356,1.0,0.0,0.0,19.399999999999764
ppo_T3,390.5460267288872,364.46457671998536,21.07675910913044,1345.486669130356,1.0,0.0,0.0,19.439999999999763
ppo_T3,390.3901123129136,365.2797021343084,20.74757133653865,1345.486669130356,1.0,0.0,0.0,19.47999999999976
ppo_T3,390.1923120598233,366.0707635626336,20.385398014058467,1347.4428245886218,1.0,0.0,0.0,19.51999999999976
ppo_T3,389.9532596650884,366.8395037578781,20.12628156188246,1347.4428245886218,1.0,0.0,0.0,19.55999999999976
ppo_T3,389.6996648019435,367.5120239604274,17.96861460732307,1347.4428245886218,1.0,0.0,1.0,19.59999999999976
ppo_T3,389.4079874220636,368.1634657594565,17.843978526660838,1347.4428245886218,1.0,0.0,0.0,19.63999999999976
ppo_T3,389.1137645755431,368.7234930052838,15.815293221346368,1802.918234824996,1.0,0.0,1.0,19.67999999999976
ppo_T3,388.7840552621187,369.2636009683657,15.819782772356081,1802.918234824996,1.0,0.0,0.0,19.71999999999976
ppo_T3,388.49209184267136,369.6807726789371,12.72976026866913,1802.918234824996,1.0,0.0,0.0,19.75999999999976
ppo_T3,388.23190850351017,370.0007872767581,10.310938148258911,1802.918234824996,1.0,0.0,0.0,19.79999999999976
ppo_T3,387.9399589110203,370.3045451330096,10.53278808618519,1802.918234824996,1.0,0.0,0.0,19.839999999999755
ppo_T3,387.61626847820446,370.59287209016367,10.8370870889688,1800.8065488258585,1.0,0.0,0.0,19.879999999999757
ppo_T3,387.2622901583088,370.8626278958658,11.12623155166843,1800.8065488258585,1.0,0.0,0.0,19.919999999999757
ppo_T3,386.91848939593086,371.1110514692712,10.604045101846628,1800.8065488258585,0.0,0.0,0.0,19.959999999999752
ppo_T3,386.545957584322,371.3390416349577,10.919004828461782,1800.8065488258585,1.0,0.0,0.0,19.99999999999975
ppo_T3,386.1569750911245,371.546367067564,11.019619294111344,1800.8065488258585,1.0,1.0,0.0,20.03999999999975
ppo_T3,385.7434308958722,371.7277258103673,11.289093049767262,1800.8065488258585,1.0,0.0,0.0,20.07999999999975
ppo_T3,385.3077975913052,371.88068343962726,11.54264951161633,1798.694141243421,1.0,0.0,0.0,20.11999999999975
ppo_T3,384.8527773056964,372.0030465733606,11.779648679306307,1798.694141243421,1.0,0.0,0.0,20.159999999999748
ppo_T3,384.3779647268852,372.0956051590769,12.093750369176211,1798.694141243421,1.0,0.0,0.0,20.199999999999747
ppo_T3,383.8829762447056,372.1591096263545,12.47613759479184,1798.694141243421,1.0,0.0,0.0,20.239999999999743
ppo_T3,383.3674488476348,372.1942728938623,12.91813048859097,1798.694141243421,1.0,0.0,0.0,20.279999999999745
ppo_T3,382.8310390754933,372.2017722744252,13.411554821255928,1796.5811530060598,1.0,0.0,0.0,20.319999999999744
ppo_T3,382.2734220253485,372.1822512833128,13.948965994524237,1796.5811530060598,1.0,0.0,0.0,20.359999999999744
ppo_T3,381.6942904079187,372.1363213546672,14.52375185369436,1796.5811530060598,1.0,0.0,0.0,20.399999999999743
ppo_T3,381.0933536519129,372.0645634707365,15.130147442791975,1794.4677231794612,1.0,0.0,0.0,20.439999999999745
ppo_T3,380.4703370538708,371.96752970834416,15.763193531133622,1794.4677231794612,1.0,0.0,0.0,20.47999999999974
ppo_T3,379.82498097119145,371.8457447067976,16.418664304170704,1794.4677231794612,1.0,0.0,0.0,20.51999999999974
ppo_T3,379.157040056157,371.6997070612276,17.092982110735708,1794.4677231794612,1.0,0.0,0.0,20.55999999999974
ppo_T3,378.4662825288683,371.5298906451467,17.783130641785423,1792.3539749960837,1.0,0.0,0.0,20.59999999999974
ppo_T3,377.7524894871168,371.3367458658216,18.486573036825778,1792.3539749960837,1.0,0.0,0.0,20.639999999999738
ppo_T3,377.0154542513149,371.1207008558732,19.201178107365667,1792.3539749960837,1.0,0.0,0.0,20.679999999999737
ppo_T3,376.2549817427049,370.8821626043439,19.925155799173602,1790.240008674146,1.0,0.0,0.0,20.719999999999736
ppo_T3,375.4708878931561,370.6215180303069,20.657001822554292,1790.240008674146,1.0,0.0,0.0,20.75999999999973
ppo_T3,374.6629990849438,370.3391350019364,21.39545075983254,1788.1258999834392,1.0,0.0,0.0,20.79999999999973
ppo_T3,373.8311516189894,370.0353633038101,22.139436691079244,1788.1258999834392,1.0,0.0,0.0,20.839999999999733
ppo_T3,372.9790739158975,369.7055062212719,22.842423620959455,1788.1258999834392,1.0,0.0,0.0,20.879999999999733
ppo_T3,372.2810073820706,369.4211198297035,18.844304599771025,1786.0117026327623,1.0,0.0,0.0,20.91999999999973
ppo_T3,371.7050029827834,369.1746586082574,15.662937976218101,1786.0117026327623,1.0,0.0,0.0,20.95999999999973
ppo_T3,371.22577418460105,368.95971130718766,13.130655525441574,1786.0117026327623,1.0,0.0,0.0,20.99999999999973
ppo_T3,370.7226808168638,368.7236530852135,13.893038293126056,1363.9591266121004,1.0,0.0,0.0,21.03999999999973
ppo_T3,370.1956208536475,368.4666831276842,14.659164452190252,1363.9591266121004,1.0,0.0,0.0,21.07999999999973
ppo_T3,369.6444985034219,368.1889911999327,15.428234094845024,1363.9591266121004,1.0,0.0,0.0,21.119999999999727
ppo_T3,369.0663315002255,367.8951466088643,16.213839136777082,1363.9591266121004,1.0,0.0,0.0,21.159999999999727
ppo_T3,368.4611143612441,367.5852116050446,16.99903475034585,1366.0597284500022,1.0,0.0,0.0,21.19999999999973
ppo_T3,367.8288429856715,367.2592458833541,17.783783766498342,1366.0597284500022,1.0,0.0,0.0,21.239999999999725
ppo_T3,367.16704134700086,366.92239102816166,18.56496368185679,1366.0597284500022,1.0,0.0,0.0,21.279999999999724
ppo_T3,366.4757750308684,366.5745615038688,19.34609937734707,1368.1612117290936,1.0,0.0,0.0,21.319999999999723
ppo_T3,365.7551074388015,366.2156766310483,20.127098185576887,1368.1612117290936,1.0,0.0,0.0,21.35999999999972
ppo_T3,365.005099898253,365.845660339342,20.907883785305554,1368.1612117290936,1.0,0.0,0.0,21.39999999999972
ppo_T3,364.2258117670472,365.4644409329114,21.688393025959144,1370.2630018716457,1.0,0.0,0.0,21.43999999999972
ppo_T3,363.4152454868664,365.0779093250005,22.450283663022475,1370.2630018716457,1.0,0.0,0.0,21.47999999999972
ppo_T3,362.5722090095819,364.6921041963076,23.178062086783324,1370.2630018716457,1.0,0.0,0.0,21.51999999999972
ppo_T3,361.6968374696141,364.30659982228514,23.912456944236887,1372.3647605304063,1.0,0.0,0.0,21.55999999999972
ppo_T3,360.7892603480363,363.9209924162483,24.652450476600407,1372.3647605304063,1.0,0.0,0.0,21.59999999999972
ppo_T3,359.8496017587952,363.5348990146824,25.397174782190145,1374.4663065849725,1.0,0.0,0.0,21.63999999999972
ppo_T3,358.87798072039266,363.1479564191773,26.145888951259206,1374.4663065849725,1.0,0.0,0.0,21.679999999999715
ppo_T3,357.8745114137669,362.7598201921119,26.89795972862734,1376.5675667877845,1.0,0.0,0.0,21.719999999999715
ppo_T3,356.8393034270735,362.37016370335726,27.6528451852422,1376.5675667877845,1.0,0.0,0.0,21.759999999999717
ppo_T3,355.7724619880329,361.9786772254086,28.410080940474845,1378.6685224258226,1.0,0.0,0.0,21.799999999999716
ppo_T3,354.674088184475,361.5850670744837,29.16926853785238,1378.6685224258226,1.0,0.0,0.0,21.839999999999712
ppo_T3,353.5442791736814,361.1890547952541,29.930065634023176,1380.7691828441004,1.0,0.0,0.0,21.87999999999971
ppo_T3,352.383128381093,360.7903763869927,30.692177712147735,1380.7691828441004,1.0,0.0,0.0,21.91999999999971
ppo_T3,351.190725688925,360.388781569032,31.455351075992613,1382.8695737611397,1.0,0.0,0.0,21.95999999999971
ppo_T3,349.9671576152002,359.9840330835388,32.219366919870964,1382.8695737611397,1.0,0.0,0.0,21.99999999999971
ppo_T3,348.7125074836887,359.5759060337068,32.984036302681275,1384.969720497309,1.0,0.0,0.0,22.039999999999708
ppo_T3,347.426855585215,359.16418725557,33.74919588226839,1387.0696501162804,1.0,0.0,0.0,22.079999999999707
ppo_T3,346.110279330772,358.7486747217278,34.51470428982995,1387.0696501162804,1.0,0.0,0.0,22.119999999999703
ppo_T3,344.7628533968572,358.32917697536146,35.28043904375816,1389.1693922666527,1.0,0.0,0.0,22.159999999999705
ppo_T3,343.38464986342666,357.90551259300224,36.046293918725745,1391.268975849055,1.0,0.0,0.0,22.199999999999704
ppo_T3,341.9757383448416,357.47750967459143,36.812176699512506,1391.268975849055,1.0,0.0,0.0,22.239999999999704
ppo_T3,340.5361861141639,357.04500535944544,37.57800726047262,1393.368424443809,1.0,0.0,0.0,22.279999999999703
ppo_T3,339.066058221138,356.60784536681007,38.343715921042964,1395.467762245937,1.0,0.0,0.0,22.319999999999705
ppo_T3,337.56541760418,356.1658835597548,39.10924203560959,1395.467762245937,1.0,0.0,0.0,22.3599999999997
ppo_T3,336.0343251966786,355.71898153122135,39.87453278265238,1397.5670113529982,1.0,0.0,0.0,22.3999999999997
ppo_T3,334.47284002789684,355.2670082111016,40.63954212360036,1399.666190564237,1.0,0.0,0.0,22.4399999999997
ppo_T3,332.88101931874854,354.80983949327543,41.40422990643695,1401.7653156679633,1.0,0.0,0.0,22.4799999999997
ppo_T3,331.25891857271023,354.3473578815959,42.16856109295057,1403.864400786632,1.0,0.0,0.0,22.519999999999698
ppo_T3,329.60659166211525,353.8794521538581,42.9325050917576,1403.864400786632,1.0,0.0,0.0,22.559999999999697
ppo_T3,327.9240909100654,353.40601704283915,43.696035181937816,1405.963458440914,1.0,0.0,0.0,22.599999999999696
ppo_T3,326.2114671681817,352.92695293354063,44.45912801440284,1408.062499889381,1.0,0.0,0.0,22.63999999999969
ppo_T3,324.4687698904064,352.4421655758124,45.22176318003912,1410.1615360184153,1.0,0.0,0.0,22.67999999999969
ppo_T3,322.6960472030567,351.9515658115745,45.983922835286684,1412.2605772927018,1.0,0.0,0.0,22.719999999999693
ppo_T3,320.89334597132034,351.4550693158966,46.74559137718372,1414.3596335963368,1.0,0.0,0.0,22.75999999999969
ppo_T3,319.0607118623739,350.9525963512312,47.50675516106504,1414.3596335963368,1.0,0.0,0.0,22.79999999999969
ppo_T3,317.1981894052959,350.4440715341312,48.267402255084136,1416.458714251544,1.0,0.0,0.0,22.83999999999969
ppo_T3,315.3058220479363,349.92942361381915,49.02752222656148,1418.557825052057,1.0,0.0,0.0,22.87999999999969
ppo_T3,313.3836522108987,349.4085852620051,49.78710595587076,1420.6569689899409,1.0,0.0,0.0,22.91999999999969
ppo_T3,311.43172133878005,348.8814928733816,50.54614547417686,1422.7561451069505,1.0,0.0,0.0,22.959999999999688
ppo_T3,309.4500699488091,348.34808637625434,51.30463382185527,1424.855348637854,1.0,0.0,0.0,22.999999999999687
ppo_T3,307.4387376770139,347.8083090527924,52.062564924860276,1426.9545717635017,1.0,0.0,0.0,23.039999999999687
ppo_T3,305.39584691043,347.27333297490486,52.794424943036596,1429.0538063046035,1.0,0.0,0.0,23.07999999999969
ppo_T3,303.3215062550423,346.7426614524754,53.52862212937909,1431.153044479383,1.0,0.0,0.0,23.119999999999685
ppo_T3,301.2158199953042,346.2158232294748,54.26482019725426,1433.2522829754696,1.0,0.0,0.0,23.159999999999684
ppo_T3,299.07888831271447,345.692371191748,55.00272181819681,1435.3515221171629,1.0,0.0,0.0,23.199999999999683
ppo_T3,296.9108074932922,345.17188114044507,55.7420640823193,1437.4507661577268,1.0,0.0,0.0,23.23999999999968
ppo_T3,294.7116701245119,344.6539506277621,56.48261448630769,1439.5500223019008,1.0,0.0,0.0,23.27999999999968
ppo_T3,292.48156528223507,344.1381978518267,57.224167389265894,1441.64929757226,1.0,0.0,0.0,23.31999999999968
ppo_T3,290.22001273409035,343.63649140876635,57.913347355274134,1445.8479185279643,1.0,0.0,0.0,23.35999999999968
ppo_T3,287.92710721028834,343.14799155011667,58.60912819786811,1447.9472572884115,1.0,0.0,0.0,23.39999999999968
ppo_T3,285.6029398309955,342.6719012875912,59.310707006832054,1450.0466013649277,1.0,0.0,0.0,23.43999999999968
ppo_T3,283.2475982887628,342.20746422078344,60.01737024391582,1452.145937958389,1.0,0.0,0.0,23.47999999999968
ppo_T3,280.86216661976374,341.7666205569695,60.64562733303695,1454.2452561644438,1.0,0.0,0.0,23.51999999999968
ppo_T3,278.44666889609994,341.3481717512773,61.28686980101308,1456.344548971191,1.0,0.0,0.0,23.559999999999675
ppo_T3,276.00112917061506,340.95098014491424,61.93961636691898,1458.4438149034545,1.0,0.0,0.0,23.599999999999675
ppo_T3,273.5255714769106,340.5739658721545,62.60254416117977,1462.6422797283835,1.0,0.0,0.0,23.639999999999677
ppo_T3,271.0200198293611,340.21610392445086,63.274472697092705,1464.741489725579,1.0,0.0,0.0,23.679999999999676
ppo_T3,268.48449822312966,339.8764213636906,63.95434923517317,1466.8406912877344,1.0,0.0,0.0,23.719999999999672
ppo_T3,265.9190306341832,339.553994677017,64.641235476156,1468.939887711446,1.0,0.0,0.0,23.75999999999967
ppo_T3,263.3259955932155,339.2612059289398,65.2378148329579,1471.0390827672122,1.0,0.0,0.0,23.79999999999967
ppo_T3,260.70952141046445,339.00953509902683,65.71375120376146,1475.237479476389,1.0,0.0,0.0,23.83999999999967
ppo_T3,258.0693213737004,338.7971432840308,66.21823067142343,1477.3366866468089,1.0,0.0,0.0,23.87999999999967
ppo_T3,255.40512451761148,338.62228479707983,66.74822272190524,1479.4359038105056,1.0,0.0,0.0,23.919999999999668
ppo_T3,252.7166748229146,338.48330243244527,67.30099302106905,1483.6343876468045,1.0,0.0,0.0,23.959999999999667
ppo_T3,250.0000342983104,338.3652159978258,67.98014483087587,1485.7336743424871,1.0,0.0,0.0,23.999999999999662
ppo_T3,247.2551482463447,338.26708882935674,68.6659867559421,1487.8330146570645,1.0,0.0,0.0,24.039999999999665
ppo_T3,244.48555525349147,338.2017099337184,69.25911377779393,1489.932434181784,1.0,0.0,0.0,24.079999999999664
ppo_T3,241.69655998649023,338.1807583625921,69.72684905977772,1494.131635835008,1.0,0.0,0.0,24.119999999999663
ppo_T3,238.88770288978253,338.20234826989565,70.22350173652052,1496.231483979138,1.0,0.0,0.0,24.159999999999663
ppo_T3,236.0657511020511,338.2770913583413,70.5735362120206,1498.331539936844,1.0,0.0,0.0,24.199999999999665
ppo_T3,233.23880062130584,338.4140888847431,70.75670172687762,1502.5324166647686,1.0,0.0,0.0,24.23999999999966
ppo_T3,230.40574019277852,338.61078614467743,70.99701227759924,1504.633329722581,1.0,0.0,0.0,24.27999999999966
ppo_T3,227.57565067602607,338.8749783092844,71.05985229311963,1506.734638344178,1.0,0.0,0.0,24.31999999999966
ppo_T3,224.7584389913797,339.21271309528635,70.93459338443299,1510.9387418721778,1.0,0.0,0.0,24.35999999999966
ppo_T3,222.0001676628053,339.60686679385475,69.65727645107667,1513.0416728857963,0.0,0.0,0.0,24.399999999999658
ppo_T3,219.3094157896424,340.0572922411546,68.20478688527392,1515.145234446176,0.0,0.0,0.0,24.439999999999657
ppo_T3,216.69439113865772,340.5621520781651,66.58283084006861,1519.3539466042391,0.0,0.0,0.0,24.479999999999656
ppo_T3,214.1626768333821,341.1180603847632,64.80071068708467,1521.4586365198925,0.0,0.0,0.0,24.51999999999965
ppo_T3,211.72101086003707,341.7202584772122,62.87077653777366,1523.5629785044928,0.0,0.0,0.0,24.55999999999965
ppo_T3,209.3500011913436,342.3939720542192,61.62171306082673,1525.6663153054533,1.0,0.0,0.0,24.599999999999653
ppo_T3,207.0613421515371,343.12408935979045,60.05742814372881,1527.7677995201527,1.0,1.0,0.0,24.63999999999965
ppo_T3,204.8773703807373,343.8802775770285,57.77950174770122,1529.866422890714,0.0,0.0,0.0,24.67999999999965
ppo_T3,202.8002396371016,344.6544408472331,55.417736866742935,1531.9610483963477,0.0,0.0,0.0,24.71999999999965
ppo_T3,200.8161459484305,345.4737990549536,53.665489597502344,1534.0504606079244,1.0,0.0,0.0,24.75999999999965
ppo_T3,198.928547310061,346.31983127982886,51.713145965881615,1536.1334459980617,1.0,1.0,0.0,24.79999999999965
ppo_T3,197.1383526140256,347.1951594028859,49.81839753499669,1538.2088818962134,1.0,0.0,0.0,24.839999999999648
ppo_T3,195.4460138159652,348.0918032436913,47.87993306617686,1540.2758338109118,1.0,0.0,0.0,24.879999999999647
ppo_T3,193.8509180998351,349.00198889128285,45.91274507624701,1542.3336515638357,1.0,0.0,0.0,24.919999999999646
ppo_T3,192.3514716184961,349.9182942345816,43.93144682739816,1544.382036494106,1.0,0.0,0.0,24.95999999999965
ppo_T3,190.94520139753172,350.83377466398946,41.950121804054724,1546.4210708480362,1.0,0.0,0.0,24.999999999999645
ppo_T3,189.62887148988028,351.74206698441685,39.98217856999797,1548.4511755285205,1.0,0.0,0.0,25.039999999999644
ppo_T3,188.39860932328068,352.63747028115864,38.040209502433434,1550.472978382894,1.0,0.0,0.0,25.079999999999643
ppo_T3,187.250038154116,353.5150031758474,36.13585227908469,1552.4870918332822,1.0,0.0,0.0,25.11999999999964
ppo_T3,186.17841162448656,354.3704375817674,34.27965360309674,1554.493829284023,1.0,0.0,0.0,25.15999999999964
ppo_T3,185.18084143640533,355.2061296622926,32.53390091121287,1556.4928816557292,1.0,0.0,0.0,25.19999999999964
ppo_T3,184.25278988302108,356.01860947263765,30.836292821499434,1558.4830528088853,1.0,0.0,0.0,25.23999999999964
ppo_T3,183.3918468068641,356.8102013210483,29.238679805746965,1560.462086326318,1.0,0.0,0.0,25.27999999999964
ppo_T3,182.5957235893527,357.58311052481133,27.739872191513047,1562.4266334402566,1.0,0.0,0.0,25.31999999999964
ppo_T3,181.86055275357185,358.3344591131275,26.279755266023887,1564.3724131027584,1.0,0.0,0.0,25.35999999999964
ppo_T3,181.18445109777733,359.0663895534971,24.91028425304224,1566.294538851993,1.0,0.0,0.0,25.39999999999964
ppo_T3,180.5656301163301,359.78093463832107,23.631468497076803,1568.188021616798,1.0,0.0,0.0,25.439999999999635
ppo_T3,180.0023911899108,360.48002305706586,22.443856417974672,1570.0484056093328,1.0,0.0,0.0,25.479999999999634
ppo_T3,179.4931210200701,361.1654846853623,21.34850331048362,1571.8724603177952,1.0,0.0,0.0,25.519999999999637
ppo_T3,179.03628729570408,361.8390556054176,20.3469106386922,1573.6588507140204,1.0,0.0,0.0,25.559999999999636
ppo_T3,178.62959358011847,362.4979769877155,19.3580920797059,1575.408695486498,1.0,0.0,0.0,25.599999999999632
ppo_T3,178.27178530049838,363.1439321137853,18.460850296310216,1577.1259289194795,1.0,0.0,0.0,25.63999999999963
ppo_T3,177.96167058229625,363.7785180031864,17.657689356775425,1578.8173623523317,1.0,0.0,0.0,25.67999999999963
ppo_T3,177.69811706498703,364.4032497962178,16.95122174266455,1580.4924048352905,1.0,0.0,0.0,25.71999999999963
ppo_T3,177.4800488795824,365.01956491398494,16.343921994772323,1580.4924048352905,1.0,0.0,0.0,25.75999999999963
ppo_T3,177.30644377968667,365.6288270071344,15.837831071098533,1582.162448800302,1.0,0.0,0.0,25.799999999999628
ppo_T3,177.1763304182943,366.2323297039932,15.43423532137102,1583.8399281254135,1.0,0.0,0.0,25.839999999999627
ppo_T3,177.0887857629254,366.83130016830177,15.133358925682616,1583.8399281254135,1.0,0.0,0.0,25.879999999999622
ppo_T3,177.04293264207178,367.4269024762132,14.934118192108906,1585.5371398637774,1.0,0.0,0.0,25.919999999999625
ppo_T3,177.0379374162829,368.020240821741,14.833984304511642,1585.5371398637774,1.0,0.0,0.0,25.959999999999624
ppo_T3,177.07300776755986,368.61236255936967,14.828985166538029,1587.2650594818206,1.0,0.0,0.0,25.999999999999623
ppo_T3,177.1473906010477,369.2042610920995,14.913850084850056,1587.2650594818206,1.0,0.0,0.0,26.039999999999623
ppo_T3,177.26037005332088,369.79687861277904,15.082271928748247,1587.2650594818206,1.0,0.0,0.0,26.07999999999962
ppo_T3,177.41222246223126,370.3864093404163,15.219346916844607,1589.0323042280943,1.0,0.0,0.0,26.11999999999962
ppo_T3,177.60283164245268,370.9690602491216,15.325916387767693,1589.0323042280943,1.0,0.0,0.0,26.15999999999962
ppo_T3,177.83164647748586,371.54588459973104,15.513755190703153,1589.0323042280943,1.0,0.0,0.0,26.19999999999962
ppo_T3,178.09814271336762,372.11788158441766,15.775788297058194,1590.8444247029877,1.0,0.0,0.0,26.23999999999962
ppo_T3,178.40182159496152,372.6859990738296,16.104703212529067,1590.8444247029877,1.0,0.0,0.0,26.279999999999617
ppo_T3,178.74265149569808,373.2460732605384,16.390700790648335,1590.8444247029877,1.0,0.0,0.0,26.319999999999617
ppo_T3,179.1201433211792,373.7939920190263,16.63420880685203,1592.7036582587807,1.0,0.0,0.0,26.359999999999616
ppo_T3,179.5333644046821,374.3257471017348,16.83588302996083,1592.7036582587807,1.0,0.0,0.0,26.39999999999961
ppo_T3,179.98095868390686,374.8374832303946,16.9965898081505,1592.7036582587807,1.0,0.0,0.0,26.43999999999961
ppo_T3,180.4627472000826,375.3304153512191,17.231915340062752,1594.609125239572,1.0,0.0,0.0,26.479999999999613
ppo_T3,180.9785588317842,375.80569653276746,17.534855305446435,1594.609125239572,1.0,0.0,0.0,26.51999999999961
ppo_T3,181.5282298977984,376.2644211094561,17.89843774731757,1594.609125239572,1.0,0.0,0.0,26.55999999999961
ppo_T3,182.1116037801631,376.7076276653797,18.315927799303307,1596.5573803230077,1.0,0.0,0.0,26.59999999999961
ppo_T3,182.7285305663556,377.13630186655394,18.780978247188592,1596.5573803230077,1.0,0.0,0.0,26.63999999999961
ppo_T3,183.37886670965693,377.5513791492807,19.28772682821672,1598.5431965682983,1.0,0.0,0.0,26.67999999999961
ppo_T3,184.0624747067688,377.95374727194337,19.830847180756322,1598.5431965682983,1.0,0.0,0.0,26.719999999999608
ppo_T3,184.7792227918069,378.34424873717165,20.40556314695825,1598.5431965682983,1.0,0.0,0.0,26.759999999999607
ppo_T3,185.52898464583836,378.72368309095975,21.0076365072805,1600.560413149107,1.0,0.0,0.0,26.799999999999606
ppo_T3,186.311639121174,379.0928091049896,21.633337150051524,1600.560413149107,1.0,0.0,0.0,26.83999999999961
ppo_T3,187.12706997966595,379.4523468480916,22.279402955643135,1602.6026951732258,1.0,0.0,0.0,26.879999999999605
ppo_T3,187.9751656442986,379.8029796524757,22.942994844273393,1602.6026951732258,1.0,0.0,0.0,26.919999999999604
ppo_T3,188.85581896339815,380.1453559800768,23.621650796233553,1602.6026951732258,1.0,0.0,0.0,26.959999999999603
ppo_T3,189.76892698681945,380.48009119409096,24.31324132465462,1604.6641250290693,1.0,0.0,0.0,26.9999999999996
ppo_T3,190.71439075350168,380.8077692405164,25.015927878780605,1604.6641250290693,1.0,0.0,0.0,27.0399999999996
ppo_T3,191.69211508981564,381.1289442442728,25.72812494210502,1606.7395818080322,1.0,0.0,0.0,27.0799999999996
ppo_T3,192.70200841815404,381.444142024237,26.448466107659065,1606.7395818080322,1.0,0.0,0.0,27.1199999999996
ppo_T3,193.74398257524447,381.7538615313159,27.175774104768678,1608.8249218170122,1.0,0.0,0.0,27.1599999999996
ppo_T3,194.8179526396916,382.0585762134635,27.909034568183635,1608.8249218170122,1.0,0.0,0.0,27.1999999999996
ppo_T3,195.92383676827924,382.3587353113567,28.64737324247712,1610.9169771493068,1.0,0.0,0.0,27.2399999999996
ppo_T3,197.06155604058745,382.6547650882495,29.390036272823533,1610.9169771493068,1.0,0.0,0.0,27.2799999999996
ppo_T3,198.2310343115023,382.9470699973508,30.13637322682918,1613.013453195358,1.0,0.0,0.0,27.319999999999595
ppo_T3,199.4321980712177,383.2360337898997,30.885822506631776,1613.013453195358,1.0,0.0,0.0,27.359999999999594
ppo_T3,200.6649763123477,383.5220205669499,31.63789883639481,1615.1127690037422,1.0,0.0,0.0,27.399999999999597
ppo_T3,201.92930040378923,383.8053757777237,32.392182541395584,1617.213881589892,1.0,0.0,0.0,27.439999999999596
ppo_T3,203.22510397099165,384.0864271672496,33.14831036728056,1617.213881589892,1.0,0.0,0.0,27.479999999999592
ppo_T3,204.5522915785752,384.3572754884567,33.86356595612751,1619.316126152842,1.0,0.0,0.0,27.51999999999959
ppo_T3,205.9108140233325,384.6185038163463,34.58525220561323,1621.4190865406515,1.0,0.0,0.0,27.55999999999959
ppo_T3,207.3006233654945,384.87066555390186,35.31249380042155,1621.4190865406515,1.0,0.0,0.0,27.59999999999959
ppo_T3,208.72167286553616,385.11428593946977,36.04452605660974,1623.522503215186,1.0,0.0,0.0,27.63999999999959
ppo_T3,210.1739169241927,385.34986347756376,36.78068092047093,1625.6262141953223,1.0,0.0,0.0,27.679999999999588
ppo_T3,211.6573110255212,385.5778712969853,37.52037467807932,1625.6262141953223,1.0,0.0,0.0,27.719999999999587
ppo_T3,213.17181168285455,385.7987584399509,38.26309719389261,1627.7301218683797,1.0,0.0,0.0,27.759999999999582
ppo_T3,214.7173763875001,386.0129510857323,39.00840250632586,1629.8341769931876,1.0,0.0,0.0,27.799999999999585
ppo_T3,216.2939635600431,386.2208537121349,39.75590062094693,1631.9383679035898,1.0,0.0,0.0,27.839999999999584
ppo_T3,217.9015325041238,386.4228501979737,40.50525035615707,1631.9383679035898,1.0,0.0,0.0,27.879999999999583
ppo_T3,219.5400433625615,386.6193048695434,41.2561531107772,1634.042711567744,1.0,0.0,0.0,27.919999999999582
ppo_T3,221.2094570757069,386.8105634939274,42.00834743713904,1636.14724025306,1.0,0.0,0.0,27.95999999999958
ppo_T3,222.90973534190903,386.9969542218468,42.76160431664829,1638.2519854215025,1.0,0.0,0.0,27.99999999999958
ppo_T3,224.6408405799903,387.1787884826129,43.51572304711272,1638.2519854215025,1.0,0.0,0.0,28.03999999999958
ppo_T3,226.4027358936264,387.356361833616,44.270527662311295,1640.3569612886906,1.0,0.0,0.0,28.07999999999958
ppo_T3,228.19538503753503,387.5299547666596,45.02586381430683,1642.462152496276,1.0,0.0,0.0,28.119999999999575
ppo_T3,230.01875238538207,387.69983347333374,45.78159605791414,1644.5675119860696,1.0,0.0,0.0,28.159999999999577
ppo_T3,231.8728028993164,387.8662505715066,46.53760548459966,1646.672968533996,1.0,0.0,0.0,28.199999999999577
ppo_T3,233.7575021010522,388.0294457949104,47.29378765999223,1648.7784480250502,1.0,0.0,0.0,28.239999999999576
ppo_T3,235.67281604441945,388.1896466476967,48.05005082522307,1650.8838988710925,1.0,0.0,0.0,28.27999999999957
ppo_T3,237.61871128930773,388.3470690257396,48.806314327576274,1652.9893131375316,1.0,0.0,0.0,28.31999999999957
ppo_T3,239.59515487693324,388.5019178063775,49.56250725051051,1655.0947364142012,1.0,0.0,0.0,28.359999999999573
ppo_T3,241.60211430636133,388.65438740819536,50.318567217087406,1657.200269865878,1.0,0.0,0.0,28.39999999999957
ppo_T3,243.63955751222096,388.80466232237006,51.07443934429053,1659.30605669006,1.0,0.0,0.0,28.43999999999957
ppo_T3,245.7074528435504,388.9529176170236,51.83007532870556,1659.30605669006,1.0,0.0,0.0,28.47999999999957
ppo_T3,247.80576904371685,389.0993194159551,52.5854326466189,1661.4122623130866,1.0,0.0,0.0,28.51999999999957
ppo_T3,249.93447523135544,389.24402535305273,53.34047385383155,1663.519052054073,1.0,0.0,0.0,28.55999999999957
ppo_T3,252.09354088227556,389.3871850036224,54.09516597242241,1665.6265671965705,1.0,0.0,0.0,28.599999999999568
ppo_T3,254.28293581228573,389.5289402938039,54.8494799533732,1667.7348990488304,1.0,0.0,0.0,28.639999999999567
ppo_T3,256.50263016089025,389.66942588918926,55.60339020541873,1671.954006397464,1.0,0.0,0.0,28.679999999999566
ppo_T3,258.75259437581303,389.8087695636993,56.35687418174424,1674.064564527636,1.0,0.0,0.0,28.719999999999565
ppo_T3,261.0327991983071,389.9470925497208,57.10991201724034,1676.1755157923972,1.0,0.0,0.0,28.759999999999565
ppo_T3,263.3432156492094,390.08450987045705,57.862486209970086,1678.286585644052,1.0,0.0,0.0,28.799999999999564
ppo_T3,265.6838150157035,390.2211306553949,58.61458134132142,1680.3974830731845,1.0,0.0,0.0,28.839999999999563
ppo_T3,268.05456883875354,390.3570584397459,59.36618383002761,1682.5079374155778,1.0,0.0,0.0,28.87999999999956
ppo_T3,270.4554489011764,390.4923914486759,60.11728171585529,1684.617734638733,1.0,0.0,0.0,28.91999999999956
ppo_T3,272.8864272163184,390.62722286709567,60.86786446929398,1686.7267432616047,1.0,0.0,0.0,28.95999999999956
ppo_T3,275.34747601730686,390.7616410957463,61.61792282404683,1690.942353150445,1.0,0.0,0.0,28.99999999999956
ppo_T3,277.8385677468467,390.89572999427537,62.367448629526564,1693.0491620316193,1.0,0.0,0.0,29.03999999999956
ppo_T3,280.3596750475348,391.0295691119645,63.11643472091168,1695.1555619805274,1.0,0.0,0.0,29.07999999999956
ppo_T3,282.9107707526653,391.1632339067365,63.864874804625856,1697.2617961360168,1.0,0.0,0.0,29.11999999999956
ppo_T3,285.4918278775017,391.2967959530364,64.61276335736851,1699.3681213008235,1.0,0.0,0.0,29.15999999999956
ppo_T3,288.102819610991,391.43032313915234,65.36009553705912,1703.5820240013115,1.0,0.0,0.0,29.199999999999555
ppo_T3,290.7437193078986,391.5638798545125,66.10686710425884,1705.6900112651697,1.0,0.0,0.0,29.239999999999554
ppo_T3,293.4145004813413,391.6975271674673,66.8530743528116,1707.798876955923,1.0,0.0,0.0,29.279999999999557
ppo_T3,296.11513679569964,391.83132299404014,67.59871404860108,1709.90867910657,1.0,0.0,0.0,29.319999999999556
ppo_T3,298.8456020598888,391.96532225810586,68.3437833754547,1714.130984277978,1.0,0.0,0.0,29.359999999999552
ppo_T3,301.60587022097104,392.0995770434316,69.08827988734447,1716.2432988736437,1.0,0.0,0.0,29.39999999999955
ppo_T3,304.39535365054707,392.2199101758525,69.80194242747397,1718.3562122875444,1.0,0.0,0.0,29.43999999999955
ppo_T3,307.21405553819784,392.3269665379397,70.51835486288965,1722.583294051471,1.0,0.0,0.0,29.47999999999955
ppo_T3,310.0619777216135,392.4213583020996,71.23715045506617,1724.6972336597205,1.0,0.0,0.0,29.51999999999955
ppo_T3,312.93912075622126,392.5036665922105,71.95800292624169,1726.8113253856186,1.0,0.0,0.0,29.559999999999548
ppo_T3,315.8454839812754,392.5744430608477,72.68062200674454,1731.0397566799015,1.0,0.0,0.0,29.599999999999547
ppo_T3,318.78106558258924,392.6342113863862,73.40474946618794,1733.154033559546,1.0,0.0,0.0,29.639999999999542
ppo_T3,321.7458626520797,392.68346869404985,74.1301555779499,1735.2683283424287,1.0,0.0,0.0,29.679999999999545
ppo_T3,324.739871244286,392.7226869047721,74.85663597110701,1739.4969414247946,1.0,0.0,0.0,29.719999999999544
ppo_T3,327.7630864300164,392.7523140155337,75.58400882843436,1741.611253684063,1.0,0.0,0.0,29.759999999999543
ppo_T3,330.8155023472692,392.7727753146605,76.3121123932021,1745.839879700667,1.0,0.0,0.0,29.799999999999542
ppo_T3,333.89711224956613,392.78447453538274,77.0408027512847,1747.9541927185742,1.0,0.0,0.0,29.83999999999954
ppo_T3,337.0079085518293,392.7877949507946,77.76995185856117,1752.1828187543883,1.0,0.0,0.0,29.87999999999954
ppo_T3,340.1478828739274,392.7831004131896,78.49944578673278,1754.2971317722954,1.0,0.0,0.0,29.91999999999954
ppo_T3,343.31702608200857,392.77073634059735,79.22918316353706,1758.5257578081096,1.0,0.0,0.0,29.95999999999954
ppo_T3,346.515328327733,392.7510306532051,79.95907378591205,1760.6400708260169,1.0,0.0,0.0,29.999999999999535
ppo_T3,349.74277908551164,392.7242946622081,80.68903738698262,1764.8686968618308,1.0,0.0,0.0,30.039999999999537
ppo_T3,352.9993671878526,392.6908239135072,81.41900253982243,1766.983009879738,1.0,0.0,0.0,30.079999999999536
ppo_T3,356.28508085891104,392.6508989885465,82.14890568281096,1771.211635915552,1.0,0.0,0.0,30.119999999999536
ppo_T3,359.599907746334,392.6047862644678,82.87869025307411,1773.3259489334591,1.0,0.0,0.0,30.15999999999953
ppo_T3,362.9438349514868,392.5527386356504,83.60830591598882,1777.5545708411976,1.0,0.0,0.0,30.19999999999953
ppo_T3,366.3145064895996,392.47849667015095,84.2872265207072,1779.6688758878188,1.0,0.0,0.0,30.239999999999533
ppo_T3,369.7072268496907,392.3669434903952,84.86384519367844,1783.8974525251394,1.0,0.0,0.0,30.27999999999953
ppo_T3,373.1223101331332,392.2196696613725,85.45643412568181,1788.1258999834392,1.0,0.0,0.0,30.31999999999953
ppo_T3,376.5646169820215,392.0545217990566,86.1566533208935,1790.240008674146,1.0,0.0,0.0,30.35999999999953
ppo_T3,380.0361600025074,391.8892088989937,86.88692111737848,1794.4677231794612,1.0,0.0,0.0,30.39999999999953
ppo_T3,383.5369135875197,391.72367817013645,87.61662258517259,1798.694141243421,1.0,0.0,0.0,30.43999999999953
ppo_T3,387.0668522631536,391.5578795521626,88.34575624873874,1800.8065488258585,1.0,0.0,0.0,30.479999999999528
ppo_T3,390.6259506828409,391.3917655767152,89.07432084311417,1805.0290763902103,1.0,0.0,0.0,30.519999999999527
ppo_T3,394.2121614772039,391.2078244722673,89.77312442872078,1809.247958549473,1.0,0.0,0.0,30.55999999999953
ppo_T3,397.8255524973828,391.006779290836,90.47449167336447,1813.463326946432,1.0,0.0,0.0,30.599999999999525
ppo_T3,401.4661869915518,390.789316499449,91.17808668264017,1815.570035350884,1.0,0.0,0.0,30.639999999999525
ppo_T3,405.1341238396752,390.5560878385453,91.88360956288822,1819.7826170057508,1.0,0.0,0.0,30.679999999999524
ppo_T3,408.8294177763362,390.3077120859684,92.5907925794723,1823.9957103598888,1.0,0.0,0.0,30.719999999999523
ppo_T3,412.552119602246,390.0447767313505,93.29939672011385,1826.1029781746315,1.0,0.0,0.0,30.75999999999952
ppo_T3,416.3022763850067,389.7678395654364,94.00920862191747,1830.319551389996,1.0,0.0,0.0,30.79999999999952
ppo_T3,420.0799316496758,389.4774301886705,94.72003782461991,1834.5386669311567,1.0,0.0,0.0,30.83999999999952
ppo_T3,423.8851255596484,389.1740514431482,95.43171431620237,1838.758890415627,1.0,0.0,0.0,30.87999999999952
ppo_T3,427.71789508834985,388.8581807718232,96.14408634032651,1842.9778580769344,1.0,0.0,0.0,30.91999999999952
ppo_T3,431.5782741822065,388.5302715086681,96.85701843809606,1845.0860808592436,1.0,0.0,0.0,30.95999999999952
ppo_T3,435.46629391533577,388.1907541032942,97.5703896994189,1849.2986901608167,1.0,0.0,0.0,30.99999999999952
ppo_T3,439.3819826363779,387.84003728336137,98.28409220176708,1853.5051424525527,1.0,0.0,0.0,31.03999999999952
ppo_T3,443.3253661078679,387.47850915793714,98.99802961641788,1857.7055228653544,1.0,0.0,0.0,31.079999999999515
ppo_T3,447.2168674787882,387.1138580097263,97.71371890555508,1861.9020028700763,1.0,0.0,1.0,31.119999999999514
ppo_T3,451.0566031808478,386.7467213746222,96.43119169421483,1866.09853121767,1.0,0.0,1.0,31.159999999999517
ppo_T3,454.9242561369138,386.3700668828632,97.14875190503192,1870.299059411092,1.0,0.0,0.0,31.199999999999516
ppo_T3,458.7402834532434,385.9919635463948,95.86783419121335,1872.4016062792296,1.0,0.0,1.0,31.23999999999951
ppo_T3,462.50478906818006,385.61293765942094,94.5884610691427,1876.611707145683,1.0,0.0,1.0,31.27999999999951
ppo_T3,466.2178729413481,385.2334809600308,93.31056758177462,1880.8280257274512,1.0,0.0,1.0,31.31999999999951
ppo_T3,469.8796312820823,384.854052807025,92.03409649835541,1885.0492973702324,1.0,0.0,1.0,31.35999999999951
ppo_T3,473.5696654652692,384.46682808170544,92.75739613700021,1887.161264908292,1.0,0.0,0.0,31.39999999999951
ppo_T3,477.20848116680975,384.0803777907623,91.48197751862138,1891.386711537587,1.0,0.0,1.0,31.439999999999507
ppo_T3,480.87565274291154,383.68662477683705,92.20625251489301,1895.6126541749863,1.0,0.0,0.0,31.479999999999507
ppo_T3,484.5711806404103,383.2857579870642,92.93015059822578,1899.837368168338,1.0,0.0,0.0,31.519999999999506
ppo_T3,488.2950641307021,382.8779569156888,93.65365036626707,1901.9487827944552,1.0,0.0,0.0,31.559999999999505
ppo_T3,492.004976788435,382.4685694998364,93.31080451997717,1906.169038773055,0.0,0.0,0.0,31.599999999999504
ppo_T3,495.7432752078989,382.052584524298,94.03429750907297,1910.3855929323013,1.0,0.0,0.0,31.639999999999503
ppo_T3,499.5099554043712,381.6301554819468,94.7573413986956,1914.5989597180967,1.0,0.0,0.0,31.679999999999502
ppo_T3,503.25918221850935,381.19121197709234,94.37085455897689,1916.704783947368,0.0,0.0,0.0,31.7199999999995
ppo_T3,506.9058452966975,380.7314928098348,91.88815660411876,1920.915431970544,0.0,0.0,1.0,31.7599999999995
ppo_T3,510.4428756612125,380.2410676226525,89.27170836736042,1925.1253993198588,0.0,0.0,1.0,31.7999999999995
ppo_T3,513.8621585827414,379.71288126301135,86.49594111853597,1927.230204018543,0.0,0.0,1.0,31.8399999999995
ppo_T3,517.1659089712066,379.15220452468645,83.77471662956573,1931.4391009318977,0.0,0.0,1.0,31.879999999999495
ppo_T3,520.3458174754544,378.5546369749935,80.88921850219448,1935.645856786281,0.0,0.0,1.0,31.919999999999497
ppo_T3,523.4720158226935,377.9036707848285,79.83135774485031,1937.7477978504344,0.0,0.0,0.0,31.959999999999496
ppo_T3,526.5370067824399,377.2015246057968,78.60971170939983,1939.848376626723,0.0,1.0,0.0,31.999999999999496
ppo_T3,529.5285264850326,376.4431394193084,77.15381642409503,1944.044098108128,0.0,0.0,0.0,32.039999999999495
ppo_T3,532.4499763402343,375.6320055466191,75.7991070852858,1946.1384475509587,0.0,0.0,0.0,32.079999999999494
ppo_T3,535.2954925729847,374.7744688037773,74.2980984622469,1950.3169729373203,0.0,1.0,0.0,32.11999999999949
ppo_T3,538.0527582697183,373.8682379353232,72.55932275267465,1952.398875098498,0.0,0.0,0.0,32.15999999999949
ppo_T3,540.7187120974447,372.9235935981842,70.7091875892808,1956.5379977914336,0.0,1.0,0.0,32.19999999999949
ppo_T3,543.2870592551088,371.94655756003306,68.6977371448978,1958.5892788756037,0.0,1.0,0.0,32.23999999999949
ppo_T3,545.7676431726405,370.9043144623941,67.26610981064766,1962.6374078385884,1.0,0.0,0.0,32.27999999999949
ppo_T3,548.1349536951892,369.83892612271313,64.8999779684948,1966.592831517639,0.0,0.0,0.0,32.31999999999949
ppo_T3,549.942165634961,368.9797397820162,50.0263440804829,1970.4511710427064,0.0,1.0,0.0,32.35999999999949
ppo_T3,551.3215264174967,368.2603618918617,38.8920036546767,1974.241554716889,1.0,0.0,0.0,32.39999999999949
ppo_T3,552.370120205435,367.65860345924193,30.224805037955623,1976.1281375973092,1.0,0.0,0.0,32.439999999999486
ppo_T3,553.1674384577453,367.1511402744348,23.62778130985113,1978.019152673393,1.0,0.0,0.0,32.479999999999485
ppo_T3,553.7780224506479,366.71696146035777,18.730390662340035,1979.9213618397732,1.0,0.0,0.0,32.519999999999484
ppo_T3,554.2505228202897,366.3408842192176,15.097406453906961,1979.9213618397732,1.0,0.0,0.0,32.559999999999484
ppo_T3,554.7093021738224,365.9300115563565,15.396729366865785,1981.840006786576,1.0,0.0,0.0,32.59999999999948
ppo_T3,555.1553536766415,365.4845586706045,15.759723518196962,1983.7784994789165,1.0,0.0,0.0,32.63999999999948
ppo_T3,555.5947261034132,365.0044996440268,16.26931157129028,1983.7784994789165,1.0,0.0,0.0,32.67999999999948
ppo_T3,556.0229592107659,364.4902158105447,16.73079973458238,1985.7384092751795,1.0,0.0,0.0,32.71999999999948
ppo_T3,556.4356873997164,363.94259925489433,17.143301351706302,1985.7384092751795,1.0,0.0,0.0,32.75999999999948
ppo_T3,556.8287009638286,363.36303333225374,17.506361705507306,1987.719676315775,1.0,0.0,0.0,32.79999999999948
ppo_T3,557.2030344212333,362.7515649418121,17.923781859617282,1987.719676315775,1.0,0.0,0.0,32.83999999999948
ppo_T3,557.5650767616754,362.1071748289252,18.478251977986712,1989.7209668350165,1.0,0.0,0.0,32.87999999999948
ppo_T3,557.9156167794113,361.4299712031094,19.063759054359863,1989.7209668350165,1.0,0.0,0.0,32.91999999999948
ppo_T3,558.2497356312488,360.72098982596447,19.594163676518274,1991.740053596028,1.0,0.0,0.0,32.959999999999475
ppo_T3,558.5627179486854,359.98185099624624,20.066828047571867,1991.740053596028,1.0,0.0,0.0,32.999999999999474
ppo_T3,558.8612510472157,359.2110246403857,20.66541921010906,1993.774174967538,1.0,0.0,0.0,33.03999999999947
ppo_T3,559.1521305861223,358.4078851018189,21.354800756560717,1993.774174967538,1.0,0.0,0.0,33.07999999999947
ppo_T3,559.4359091422297,357.5725156657193,22.056353445148517,1995.820344367414,1.0,0.0,0.0,33.11999999999947
ppo_T3,559.7068221330784,356.7055683713923,22.707260124125828,1995.820344367414,1.0,0.0,0.0,33.15999999999947
ppo_T3,559.9593020278573,355.8084230925632,23.29988933172378,1997.8755851911096,1.0,0.0,0.0,33.19999999999947
ppo_T3,560.1880718382109,354.88314577389826,23.82847223602665,1997.8755851911096,1.0,0.0,0.0,33.23999999999947
ppo_T3,560.3941074611193,353.9296176140616,24.388350568313992,1999.9370999222808,1.0,0.0,0.0,33.27999999999947
ppo_T3,560.5723129655286,352.95049898696726,24.88009354540238,1999.9370999222808,1.0,0.0,0.0,33.31999999999947
ppo_T3,560.7237451020568,351.94556772836563,25.40691990492106,2002.0023988970995,1.0,0.0,0.0,33.35999999999947
ppo_T3,560.8494072240062,350.91461417767886,25.964593591159062,2002.0023988970995,1.0,0.0,0.0,33.399999999999466
ppo_T3,560.9442555780969,349.8608448521036,26.45073252526591,2004.0693945852147,1.0,0.0,0.0,33.439999999999465
ppo_T3,561.0093731116862,348.78393414293345,26.97194107663117,2006.1364503028567,1.0,0.0,0.0,33.479999999999464
ppo_T3,561.0457881443191,347.68357417010446,27.524059071177547,2006.1364503028567,1.0,0.0,0.0,33.51999999999946
ppo_T3,561.0544771425128,346.5594738806297,28.103346770078517,2008.2024114789208,1.0,0.0,0.0,33.55999999999946
ppo_T3,561.0363673535819,345.4113581928345,28.70646265452069,2010.266602657748,1.0,0.0,0.0,33.59999999999946
ppo_T3,560.9923393056654,344.23896718406496,29.330435839402647,2010.266602657748,1.0,0.0,0.0,33.63999999999946
ppo_T3,560.9232291807531,343.0420553196621,29.972635650223943,2012.328798559724,1.0,0.0,0.0,33.67999999999946
ppo_T3,560.8233413435415,341.8243774439696,30.544199418361895,2012.328798559724,1.0,0.0,0.0,33.71999999999946
ppo_T3,560.6876448027681,340.5903556271648,31.0365046711942,2014.3891685401693,1.0,0.0,0.0,33.75999999999946
ppo_T3,560.5118465038188,339.3449696235136,31.443315466127505,2016.448205641637,1.0,0.0,0.0,33.79999999999946
ppo_T3,560.2924462687213,338.09364022950683,31.76044823623111,2018.50665034852,1.0,0.0,0.0,33.839999999999456
ppo_T3,560.0356033041516,336.8293155197711,32.2537331182118,2018.50665034852,1.0,0.0,0.0,33.879999999999455
ppo_T3,559.7423882281701,335.5513454651804,32.7794003645328,2020.56541184677,1.0,0.0,0.0,33.919999999999455
ppo_T3,559.4138179366179,334.2591141062414,33.33373217849373,2022.62548180305,1.0,0.0,0.0,33.959999999999454
ppo_T3,559.0508583316731,332.9520378215173,33.9133831336326,2022.62548180305,1.0,0.0,0.0,33.99999999999945
ppo_T3,558.6488983926591,331.6356883431092,34.408826464634565,2024.6878518918184,1.0,0.0,0.0,34.03999999999945
ppo_T3,558.2089832374402,330.30930348422794,34.935853160300226,2026.7534245512893,1.0,0.0,0.0,34.07999999999945
ppo_T3,557.7321056407723,328.97216076378515,35.490869398313095,2028.82293241665,1.0,0.0,0.0,34.11999999999945
ppo_T3,557.219208692734,327.62357538855457,36.070640706751,2028.82293241665,1.0,0.0,0.0,34.15999999999945
ppo_T3,556.6659598024539,326.26974558605343,36.562783919721184,2030.8968545420155,1.0,0.0,0.0,34.19999999999945
ppo_T3,556.0733751057611,324.9097896854553,37.08635761912984,2032.9753881985005,1.0,0.0,0.0,34.23999999999945
ppo_T3,555.4424199457785,323.54287172328173,37.637822808491165,2032.9753881985005,1.0,0.0,0.0,34.27999999999945
ppo_T3,554.7740114525312,322.1681991207346,38.21399185866735,2035.0584565988784,1.0,0.0,0.0,34.319999999999446
ppo_T3,554.0690209915107,320.7850204790198,38.81200446564447,2037.145733704458,1.0,0.0,0.0,34.359999999999445
ppo_T3,553.3282764878525,319.39262348666966,39.4293022700566,2039.236724849046,1.0,0.0,0.0,34.399999999999444
ppo_T3,552.5525646324463,317.99033293317365,40.06360317546566,2039.236724849046,1.0,0.0,0.0,34.43999999999944
ppo_T3,551.7426329759762,316.5775088235173,40.71287613411223,2041.330838450068,1.0,0.0,0.0,34.47999999999944
ppo_T3,550.893766915425,315.16125705586865,41.27910078147743,2043.4274432918533,1.0,0.0,0.0,34.51999999999944
ppo_T3,550.0068243182741,313.7407000050162,41.867719556414286,2045.525908259348,1.0,0.0,0.0,34.55999999999944
ppo_T3,549.0826203683372,312.3150054705096,42.47615394842838,2047.625621794515,1.0,0.0,0.0,34.59999999999944
ppo_T3,548.1219297333736,310.8833843684084,43.1020988184478,2047.625621794515,1.0,0.0,0.0,34.63999999999944
ppo_T3,547.1254886225876,309.44508854029067,43.743497920014754,2049.725994918384,1.0,0.0,0.0,34.67999999999944
ppo_T3,546.0939967396073,307.999408673565,44.3985203984196,2051.826467344665,1.0,0.0,0.0,34.71999999999944
ppo_T3,545.0281191362532,306.54567232743034,45.065538589681054,2053.926513742439,1.0,0.0,0.0,34.75999999999944
ppo_T3,543.9284879721349,305.08324205911845,45.743107313935155,2056.0256716598838,1.0,0.0,0.0,34.79999999999944
ppo_T3,542.790296839237,303.62026590219125,46.3396313290848,2058.123584608208,1.0,0.0,0.0,34.839999999999435
ppo_T3,541.6143071680525,302.155822527626,46.95440676896515,2060.2200389824498,1.0,0.0,0.0,34.879999999999434
ppo_T3,540.401242666338,300.68903816916253,47.58533019451106,2060.2200389824498,1.0,0.0,0.0,34.91999999999943
ppo_T3,539.1517912346626,299.2190842065073,48.230524129186406,2062.315007528708,1.0,0.0,0.0,34.95999999999943
ppo_T3,537.8666067846469,297.74517487131163,48.88831531497961,2064.408668436989,1.0,0.0,0.0,34.99999999999943
ppo_T3,536.5463109648371,296.2665650696863,49.55721439199075,2066.501383208254,1.0,0.0,0.0,35.03999999999943
ppo_T3,535.1914947989038,294.7825483153331,50.2358970923375,2068.593648132777,1.0,0.0,0.0,35.07999999999943
ppo_T3,533.8027202406228,293.29245476767375,50.923186973769546,2070.686013472145,1.0,0.0,0.0,35.11999999999943
ppo_T3,532.3753480559911,291.805540630388,51.52854187923452,2072.7790007877925,1.0,0.0,0.0,35.15999999999943
ppo_T3,530.9062760086159,290.3313740491926,52.029677765989916,2074.8730305278223,1.0,0.0,0.0,35.19999999999943
ppo_T3,529.3962904353006,288.8685751661222,52.55852097859928,2076.96838673048,1.0,0.0,0.0,35.23999999999943
ppo_T3,527.8461387925518,287.41583480582176,53.11205530504955,2079.065213728872,1.0,0.0,0.0,35.279999999999426
ppo_T3,526.2565316308462,285.97191088440144,53.68756384976137,2081.163538984021,1.0,0.0,0.0,35.319999999999425
ppo_T3,524.6281444686051,284.5356250007216,54.28260477474452,2083.263307040646,1.0,0.0,0.0,35.359999999999424
ppo_T3,522.9616195709713,283.1058592008414,54.89498768637976,2083.263307040646,1.0,0.0,0.0,35.39999999999942
ppo_T3,521.2575676382255,281.6815529068336,55.52275101616516,2085.364419636135,1.0,0.0,0.0,35.43999999999942
ppo_T3,519.513302698581,280.27315579404035,56.04709296094992,2087.466767073952,1.0,0.0,0.0,35.47999999999942
ppo_T3,517.7294851244159,278.8792441703848,56.59612813867262,2089.570238070754,1.0,0.0,0.0,35.51999999999942
ppo_T3,515.9067428471501,277.498467159752,57.167159291982976,2091.674714047835,1.0,0.0,0.0,35.55999999999942
ppo_T3,514.0456730043617,276.1295430025442,57.757760885029754,2093.7800698667497,1.0,0.0,0.0,35.59999999999942
ppo_T3,512.1468435032293,274.7712555441683,58.365755659632576,2097.9928342210137,1.0,0.0,0.0,35.63999999999942
ppo_T3,510.2107945045536,273.4224509019082,58.989192274176354,2100.0999042082262,1.0,0.0,0.0,35.67999999999942
ppo_T3,508.2380398313904,272.0820343011205,59.62632422090575,2102.207191095236,1.0,0.0,0.0,35.719999999999416
ppo_T3,506.22906830612624,270.74896707215174,60.27559013747137,2104.314514749581,1.0,0.0,0.0,35.759999999999415
ppo_T3,504.1843450196311,269.4222637998127,60.93559556598945,2106.4217066579,1.0,0.0,0.0,35.799999999999415
ppo_T3,502.1043125359388,268.1009896176593,61.60509616521272,2108.528617975271,1.0,0.0,0.0,35.839999999999414
ppo_T3,499.9893920357309,266.78425763972484,62.2829823462788,2110.6351247256684,1.0,0.0,0.0,35.87999999999941
ppo_T3,497.8399844017313,265.47122652272026,62.9682652776285,2114.846585639116,1.0,0.0,0.0,35.91999999999941
ppo_T3,495.65333404028496,264.1739041476972,63.563379531520106,2116.95145391446,1.0,0.0,0.0,35.95999999999941
ppo_T3,493.4299160779696,262.89099912721747,64.17472597681515,2119.0557454843515,1.0,0.0,0.0,35.99999999999941
ppo_T3,491.1701826383757,261.6212860710316,64.80049412942189,2121.159498522245,1.0,0.0,0.0,36.03999999999941
ppo_T3,488.87814931628776,260.3505838179398,65.51765489914733,2125.365668045793,1.0,0.0,0.0,36.07999999999941
ppo_T3,486.5597055169432,259.0659031126913,66.26455578379115,2127.4682710786537,1.0,0.0,0.0,36.11999999999941
ppo_T3,484.2092163616469,257.7797790011837,66.9837410279852,2129.570690764212,1.0,0.0,0.0,36.15999999999941
ppo_T3,481.8269457408736,256.49167751046986,67.70533011227289,2133.775328976246,1.0,0.0,0.0,36.199999999999406
ppo_T3,479.419016709531,255.1883747955931,68.45034781954854,2135.877636689589,1.0,0.0,0.0,36.239999999999405
ppo_T3,476.99321567080494,253.85813465476411,69.16488230921863,2140.081943730177,1.0,0.0,0.0,36.27999999999941
ppo_T3,474.5492097649408,252.50150115175668,69.8821299107523,2142.183545990681,1.0,0.0,0.0,36.3199999999994
ppo_T3,472.1565396124933,251.15784960421885,68.603343302341,2146.383903989262,1.0,0.0,1.0,36.3599999999994
ppo_T3,469.8238058424183,249.8177047555389,67.2571327885176,2148.481723510952,1.0,0.0,1.0,36.3999999999994
ppo_T3,467.4908489205232,248.43414810443235,67.80909326115079,2152.670160337242,1.0,0.0,0.0,36.4399999999994
ppo_T3,465.1683843130258,247.00090566025764,68.22767838669871,2154.7599466550746,1.0,0.0,0.0,36.4799999999994
ppo_T3,462.8548785593496,245.51939034789604,68.68040337795819,2158.9295287956884,1.0,0.0,0.0,36.5199999999994
ppo_T3,460.62875427944255,244.02833711942228,66.98352894431375,2161.009360684929,1.0,0.0,1.0,36.5599999999994
ppo_T3,458.4328985737098,242.48252825897404,67.13469349672788,2165.1603416645644,1.0,0.0,0.0,36.5999999999994
ppo_T3,456.33012597811177,240.92978624717423,65.3483948923291,2169.3027764930607,1.0,0.0,1.0,36.6399999999994
ppo_T3,454.328969208751,239.3712717104821,63.4113356222657,2171.3722675889594,1.0,0.0,1.0,36.6799999999994
ppo_T3,452.4369823926063,237.809986102299,61.32509102513022,2175.511325828283,1.0,0.0,1.0,36.7199999999994
ppo_T3,450.660552163615,236.25049594523145,59.0958644305202,2177.5823664557856,1.0,0.0,1.0,36.759999999999394
ppo_T3,448.9450965840186,234.6454431067732,58.73128669952725,2179.6553176553566,1.0,0.0,0.0,36.79999999999939
ppo_T3,447.2871706458242,232.99566061521935,58.47275372970509,2183.808813293103,1.0,0.0,0.0,36.83999999999939
ppo_T3,445.6835046254413,231.30194036627248,58.31183942082123,2185.8897603903606,1.0,0.0,0.0,36.87999999999939
ppo_T3,444.197189670166,229.62663478306695,55.98984809428952,2187.973402365624,1.0,0.0,1.0,36.91999999999939
ppo_T3,442.77882953784814,227.91643127913943,55.54582280533539,2190.0594055729284,1.0,0.0,0.0,36.95999999999939
ppo_T3,441.4248761728522,226.17157757728205,55.21381255780314,2192.147313092478,1.0,0.0,0.0,36.99999999999939
ppo_T3,440.1319618375295,224.3923100360425,54.985341579550486,2194.236612918153,1.0,0.0,0.0,37.03999999999939
ppo_T3,438.9072315188992,222.58389108017371,54.60278995457635,2196.326803887524,1.0,0.0,0.0,37.07999999999939
ppo_T3,437.7567904390239,220.7524734696886,54.069429568957574,2198.417464383694,1.0,0.0,0.0,37.119999999999386
ppo_T3,436.67702483175657,218.89770202787432,53.65439676768742,2200.5082854379853,1.0,0.0,0.0,37.159999999999386
ppo_T3,435.66450438216896,217.01924083980197,53.34916878410217,2202.59910754504,1.0,0.0,0.0,37.199999999999385
ppo_T3,434.7159729073318,215.11677227285247,53.14542905431498,2204.689898119097,1.0,0.0,0.0,37.23999999999938
ppo_T3,433.8374616409413,213.19648702911536,52.79250338879468,2206.780742939645,1.0,0.0,0.0,37.27999999999938
ppo_T3,433.0338696841703,211.26526232942143,52.29357557156796,2208.8717938984387,1.0,0.0,0.0,37.31999999999938
ppo_T3,432.301803709676,209.3221762255954,51.91040477287624,2210.9632116874905,1.0,0.0,0.0,37.35999999999938
ppo_T3,431.6380424410854,207.36635478656737,51.63463301798184,2213.0551173772205,1.0,0.0,0.0,37.39999999999938
ppo_T3,431.03952791307074,205.39696965815807,51.458098392310426,2215.147536863491,1.0,0.0,0.0,37.43999999999938
ppo_T3,430.5033571754117,203.41323574682795,51.37289710345162,2217.2403796148246,1.0,0.0,0.0,37.47999999999938
ppo_T3,430.03471730505146,201.4219298472813,51.142707897000804,2219.333439853578,1.0,0.0,0.0,37.51999999999938
ppo_T3,429.6376086272752,199.4303630147092,50.76929282651127,2221.4264164003075,1.0,0.0,0.0,37.55999999999938
ppo_T3,429.3090507711687,197.4371599297805,50.502529655567,2223.518956445322,1.0,0.0,0.0,37.599999999999376
ppo_T3,429.0462142459296,195.441016250246,50.33433612074214,2225.6107161368386,1.0,0.0,0.0,37.639999999999375
ppo_T3,428.8464127765752,193.44069500441364,50.25687585846142,2227.701417238617,1.0,0.0,0.0,37.679999999999374
ppo_T3,428.7070960289972,191.43502316783653,50.26261453726238,2229.79089996642,1.0,0.0,0.0,37.719999999999374
ppo_T3,428.6258427045826,189.42288841390555,50.34436643449637,2231.87915058463,1.0,0.0,0.0,37.75999999999937
ppo_T3,428.6003539856276,187.40323602951256,50.495330406497864,2233.966315005384,1.0,0.0,0.0,37.79999999999937
ppo_T3,428.6355554414011,185.3833062261144,50.50591273024905,2236.0526932135904,1.0,0.0,0.0,37.83999999999937
ppo_T3,428.7351212630455,183.37080773943345,50.373998201781724,2236.0526932135904,1.0,0.0,0.0,37.87999999999937
ppo_T3,428.8966558284689,181.364105411208,50.32983490145155,2238.1387134226743,1.0,0.0,0.0,37.91999999999937
ppo_T3,429.1178845139113,179.36164815533414,50.36601776535781,2240.2248881289497,1.0,0.0,0.0,37.95999999999937
ppo_T3,429.396647547789,177.36196468619482,50.47550647223495,2242.311769740684,1.0,0.0,0.0,37.99999999999937
ppo_T3,429.7308941767631,175.36365946399118,50.651656994532644,2244.3999026235115,1.0,0.0,0.0,38.03999999999937
ppo_T3,430.1186771281709,173.36540884605128,50.88824243808485,2246.4897710914806,1.0,0.0,0.0,38.079999999999366
ppo_T3,430.5581473537658,171.3659574336531,51.17946383637131,2248.581766174136,1.0,0.0,0.0,38.119999999999365
ppo_T3,431.0475490404749,169.36411460442957,51.519951983838524,2250.67615309995,1.0,0.0,0.0,38.15999999999936
ppo_T3,431.5852148746085,167.35875122092804,51.90476163780236,2252.773069269792,1.0,0.0,0.0,38.19999999999936
ppo_T3,432.1695615466491,165.34879650637558,52.329359515456616,2254.872519567941,1.0,0.0,0.0,38.23999999999936
ppo_T3,432.7990854843953,163.33323507915603,52.78960749457832,2256.9743820547656,1.0,0.0,0.0,38.27999999999936
ppo_T3,433.4723588028619,161.31110413793647,53.28174232791111,2259.0784380399846,1.0,0.0,0.0,38.31999999999936
ppo_T3,434.1951467844143,159.29050104259514,53.64966993828735,2261.184392610004,1.0,0.0,0.0,38.35999999999936
ppo_T3,434.9659024780901,157.27017759139582,54.058828989812184,2263.2919004831897,1.0,0.0,0.0,38.39999999999936
ppo_T3,435.7831567433208,155.24894992772016,54.50496423747495,2265.40059767238,1.0,0.0,0.0,38.43999999999936
ppo_T3,436.6455142977833,153.2256952705866,54.98420204562822,2267.5101288195583,1.0,0.0,0.0,38.47999999999936
ppo_T3,437.5516499660205,151.19934881125943,55.49302784178962,2269.6201729015274,1.0,0.0,0.0,38.51999999999936
ppo_T3,438.5003051186313,149.16890076751076,56.02826215925446,2271.730462944554,1.0,0.0,0.0,38.55999999999936
ppo_T3,439.490284292349,147.1333935875264,56.58703608249514,2273.8407952489188,1.0,0.0,0.0,38.59999999999936
ppo_T3,440.5204519818196,145.0919192958542,57.16676674425663,2275.9510267511228,1.0,0.0,0.0,38.63999999999936
ppo_T3,441.5897295943572,143.04361697417872,57.76513337243029,2278.061070711175,1.0,0.0,0.0,38.67999999999935
ppo_T3,442.6970925593973,140.9876703700729,58.38005425269816,2280.17087524624,1.0,0.0,0.0,38.71999999999935
ppo_T3,443.84906449647593,138.93316793812826,58.88558602643695,2282.280403902864,1.0,0.0,0.0,38.75999999999935
ppo_T3,445.0505386693682,136.88979178646122,59.26068619523842,2284.389624854416,1.0,0.0,0.0,38.79999999999935
ppo_T3,446.3001435332722,134.85598994321484,59.675488338412706,2288.606984867259,1.0,0.0,0.0,38.83999999999935
ppo_T3,447.59657630332686,132.83029006610803,60.125898742670245,2290.715036895285,1.0,0.0,0.0,38.87999999999935
ppo_T3,448.9385994623387,130.8112953966215,60.608196819506155,2292.822623205725,1.0,0.0,0.0,38.91999999999935
ppo_T3,450.3302384068269,128.80928580368746,60.95439566807456,2294.929737312409,1.0,0.0,0.0,38.95999999999935
ppo_T3,451.7701925083555,126.82251216999605,61.34297680888346,2297.0364066715606,1.0,0.0,0.0,38.99999999999935
ppo_T3,453.25722623453,124.84931494241698,61.76961531421639,2299.1426967511256,1.0,0.0,0.0,39.03999999999935
ppo_T3,454.7901658428996,122.88811958157224,62.230373845431686,2301.248704260473,1.0,0.0,0.0,39.07999999999935
ppo_T3,456.3721109481481,120.9497123949061,62.54984381144906,2303.354541983812,1.0,0.0,0.0,39.119999999999344
ppo_T3,458.004392763985,119.04489648719009,62.71297497627436,2307.5661038646813,1.0,0.0,0.0,39.15999999999934
ppo_T3,459.685804530077,117.17129510459031,62.93611675755243,2309.6719386285017,1.0,0.0,0.0,39.19999999999934
ppo_T3,461.3615344208744,115.38589634144223,61.21539537956483,2311.7777857491355,1.0,0.0,1.0,39.23999999999934
ppo_T3,463.02858526998176,113.6839990421641,59.55833773914365,2313.883538980725,1.0,0.0,1.0,39.27999999999934
ppo_T3,464.6841696723995,112.06118192501378,57.95739334440547,2315.9890103476405,1.0,0.0,1.0,39.31999999999934
ppo_T3,466.3256987244832,110.51329168907552,56.405794313106554,2318.0939388534266,1.0,0.0,1.0,39.35999999999934
ppo_T3,467.95077083301896,109.03643113208535,54.897498023214105,2320.197996243658,1.0,0.0,1.0,39.39999999999934
ppo_T3,469.5476835778636,107.63176328135644,53.16966995806088,2322.300773395997,1.0,1.0,1.0,39.43999999999934
ppo_T3,471.1259822952244,106.30232878682996,51.58986647382608,2324.401785587156,1.0,0.0,1.0,39.479999999999336
ppo_T3,472.6839801826382,105.05492607941191,49.89596007982342,2326.5004483109856,1.0,0.0,1.0,39.519999999999335
ppo_T3,474.2193982498258,103.88447675192468,48.26657920640741,2328.596054287081,1.0,0.0,1.0,39.55999999999933
ppo_T3,475.7295383080985,102.7967113135475,46.527926053390814,2330.68773424502,1.0,0.0,1.0,39.59999999999933
ppo_T3,477.2775428268501,101.73984971884693,46.85932684928136,2332.7744578527654,1.0,0.0,0.0,39.63999999999933
ppo_T3,478.7966816373169,100.75665324690804,45.23865899247276,2334.85501331844,1.0,0.0,1.0,39.67999999999933
ppo_T3,480.2852192167807,99.84219782884688,43.6747412492151,2334.85501331844,1.0,0.0,1.0,39.71999999999933
ppo_T3,481.7403852518677,99.0015513030555,42.01335182858402,2336.92807455819,1.0,0.0,1.0,39.75999999999933
ppo_T3,483.2279645075498,98.19915283634188,42.25469900881061,2338.9922841925045,1.0,0.0,0.0,39.79999999999933
ppo_T3,484.7444910497708,97.4418967431284,42.37695086932264,2341.046390909504,1.0,0.0,0.0,39.83999999999933
ppo_T3,486.2900336180575,96.72755430502042,42.56602921688581,2343.0894055751382,1.0,0.0,0.0,39.87999999999933
ppo_T3,487.8646562285597,96.05400997090638,42.81572678001883,2345.1207385287285,1.0,0.0,0.0,39.91999999999933
ppo_T3,489.3905334724602,95.45870288651524,40.94731285581847,2347.1402812167844,1.0,0.0,1.0,39.959999999999326
ppo_T3,490.8623426343853,94.94278000883808,38.990372408110915,2349.148388020656,1.0,0.0,1.0,39.999999999999325
ppo_T3,492.3502986802913,94.48051480658556,38.952714216741626,2351.1457796280806,1.0,0.0,0.0,40.03999999999933
ppo_T3,493.8488002797352,94.0758354291226,38.8045780327499,2353.133354062068,1.0,0.0,0.0,40.07999999999932
ppo_T3,495.35187172175216,93.73177047641109,38.54870662139204,2355.111965096547,1.0,0.0,0.0,40.11999999999932
ppo_T3,496.8533000657404,93.45043178279226,38.1889916456493,2357.0822733452123,1.0,0.0,0.0,40.15999999999932
ppo_T3,498.3467693383456,93.2330177494348,37.73028732096908,2359.044697886205,1.0,0.0,0.0,40.19999999999932
ppo_T3,499.8259887870852,93.07983593819728,37.17824334223873,2360.999500108074,1.0,0.0,0.0,40.23999999999932
ppo_T3,501.292862594985,92.98864215289802,36.742644457596164,2362.9470455825544,1.0,0.0,0.0,40.27999999999932
ppo_T3,502.7491972683395,92.95730538748086,36.41679449170172,2366.824234405172,1.0,0.0,0.0,40.31999999999932
ppo_T3,504.1967065994452,92.98380207660873,36.193795550591,2368.757886215304,1.0,0.0,0.0,40.35999999999932
ppo_T3,505.6370163772265,93.06621063832668,36.06663474578109,2370.6925128358184,1.0,0.0,0.0,40.39999999999932
ppo_T3,507.0716688585614,93.202706293957,36.0282771428062,2372.6322643073872,1.0,0.0,0.0,40.43999999999932
ppo_T3,508.49433913702336,93.39445510661147,35.88835403349432,2374.5815154157167,1.0,0.0,0.0,40.47999999999932
ppo_T3,509.89873003659415,93.64172852405702,35.649841705227715,2376.544276196328,1.0,0.0,0.0,40.519999999999314
ppo_T3,511.286762323385,93.94290522830504,35.50828280447037,2378.5236462975736,1.0,0.0,0.0,40.55999999999931
ppo_T3,512.6602583948498,94.29644530485524,35.45668170507857,2380.5214410400567,1.0,0.0,0.0,40.59999999999931
ppo_T3,514.0209472775479,94.70088610816596,35.48808425796481,2380.5214410400567,1.0,0.0,0.0,40.63999999999931
ppo_T3,515.3704693710197,95.15483833715808,35.59566781027896,2382.538070408344,1.0,0.0,0.0,40.67999999999931
ppo_T3,516.7103809506739,95.65698231008254,35.772821481849476,2384.5726727356555,1.0,0.0,0.0,40.71999999999931
ppo_T3,518.0421584419261,96.20606442862426,36.013213365965534,2386.6234107528144,1.0,0.0,0.0,40.75999999999931
ppo_T3,519.3672024772118,96.80089382162872,36.31084292456722,2386.6234107528144,1.0,0.0,0.0,40.79999999999931
ppo_T3,520.6868417469021,97.44033915932674,36.660078269937536,2388.6878613237204,1.0,0.0,0.0,40.83999999999931
ppo_T3,522.0023366545929,98.123325629396,37.05567914013111,2390.7634106634678,1.0,0.0,0.0,40.879999999999306
ppo_T3,523.3148827867041,98.848832066638,37.49280713849837,2390.7634106634678,1.0,0.0,0.0,40.919999999999305
ppo_T3,524.6173756331156,99.61895411892615,37.82835899141824,2392.8475330176784,1.0,0.0,0.0,40.959999999999305
ppo_T3,525.902643835042,100.43472398792066,38.05747980064488,2394.938008894371,1.0,0.0,0.0,40.9999999999993
ppo_T3,527.1723354005894,101.29516163316691,38.34440647750244,2394.938008894371,1.0,0.0,0.0,41.0399999999993
ppo_T3,528.4280140006553,102.19933572917051,38.68348761541547,2397.033020837347,1.0,0.0,0.0,41.0799999999993
ppo_T3,529.6711632537531,103.1463611915342,39.069467713315774,2399.1311727081525,1.0,0.0,0.0,41.1199999999993
ppo_T3,530.9031907931683,104.13539682876616,39.49749477492383,2401.2314699585063,1.0,0.0,0.0,41.1599999999993
ppo_T3,532.1254321275011,105.16564311337606,39.96311804577039,2401.2314699585063,1.0,0.0,0.0,41.1999999999993
ppo_T3,533.3391543050947,106.23634006619862,40.46227787370298,2403.333256754839,1.0,0.0,0.0,41.2399999999993
ppo_T3,534.5455593923089,107.34676524819272,40.99128961790977,2405.436130511408,1.0,0.0,0.0,41.2799999999993
ppo_T3,535.7457877750979,108.49623185425664,41.546823354113734,2407.539884010166,1.0,0.0,0.0,41.3199999999993
ppo_T3,536.9409212928675,109.68408690387662,42.12588088251189,2407.539884010166,1.0,0.0,0.0,41.359999999999296
ppo_T3,538.1319862131312,110.90970952368998,42.72577128093269,2409.6444273355155,1.0,0.0,0.0,41.399999999999295
ppo_T3,539.319956055054,112.17250931729322,43.34408598674835,2411.749728616512,1.0,0.0,0.0,41.439999999999294
ppo_T3,540.5057542695602,113.47192481786315,43.978674154691575,2413.8557657337096,1.0,0.0,0.0,41.47999999999929
ppo_T3,541.6902567832898,114.80742201938442,44.627618832840426,2415.962510120153,1.0,0.0,0.0,41.51999999999929
ppo_T3,542.8742944133236,116.1784929824896,45.28921432862229,2418.069897453682,1.0,0.0,0.0,41.55999999999929
ppo_T3,544.0586551592381,117.5846545111224,45.961944999845414,2418.069897453682,1.0,0.0,0.0,41.59999999999929
ppo_T3,545.2440863787247,119.02544689642534,46.64446559936216,2420.177843059406,1.0,0.0,0.0,41.63999999999929
ppo_T3,546.4312968526862,120.50043272443736,47.335583221822176,2422.2862410540693,1.0,0.0,0.0,41.67999999999929
ppo_T3,547.620958745427,122.00919574435984,48.03424084263383,2424.394979323169,1.0,0.0,0.0,41.71999999999929
ppo_T3,548.8137094652643,123.5513397943138,48.73950239847117,2426.503951178186,1.0,0.0,0.0,41.75999999999929
ppo_T3,550.0101534306208,125.12648778166816,49.450539331641885,2428.613063969719,1.0,0.0,0.0,41.79999999999929
ppo_T3,551.2108637463983,126.73428071516656,50.16661850412821,2430.722244731735,1.0,0.0,0.0,41.839999999999286
ppo_T3,552.4163837951925,128.37437678622143,50.88709137845162,2432.8314417840497,1.0,0.0,0.0,41.879999999999285
ppo_T3,553.6272287476723,130.04645049687772,51.61138435954411,2434.940624582196,1.0,0.0,0.0,41.91999999999928
ppo_T3,554.8438869962329,131.75019183207533,52.33899019284883,2437.049780061198,1.0,0.0,0.0,41.95999999999928
ppo_T3,556.0668215158175,133.48530547396,53.069460317623474,2439.158906693856,1.0,0.0,0.0,41.99999999999928
ppo_T3,557.2964711556102,135.25151005610653,53.8023980799047,2441.2680111286386,1.0,0.0,0.0,42.03999999999928
ppo_T3,558.5332518651094,137.04853745562662,54.53745271608728,2443.377104948388,1.0,0.0,0.0,42.07999999999928
ppo_T3,559.7775578579167,138.87613212123728,55.27431402505607,2445.4862001372394,1.0,0.0,0.0,42.11999999999928
ppo_T3,561.0297627164056,140.7340504354624,56.01270765391152,2447.595308742021,1.0,0.0,0.0,42.15999999999928
ppo_T3,562.2902204402711,142.6220601092339,56.75239092929952,2449.704440788101,1.0,0.0,0.0,42.19999999999928
ppo_T3,563.5592664418145,144.53993960724662,57.49314917302633,2451.813602611279,1.0,0.0,0.0,42.23999999999928
ppo_T3,564.8372184906658,146.48747760250424,58.23479244690815,2453.92279797349,1.0,0.0,0.0,42.27999999999928
ppo_T3,566.1243776105143,148.46447245857377,58.97715267761793,2456.032026103721,1.0,0.0,0.0,42.31999999999928
ppo_T3,567.4210289302853,150.47073173814087,59.72008111762392,2458.141281437587,1.0,0.0,0.0,42.35999999999928
ppo_T3,568.7274424920761,152.5060717365298,60.46344610316673,2462.359825169892,1.0,0.0,0.0,42.39999999999928
ppo_T3,570.0438740180489,154.5703170389199,61.207131074608014,2464.469077006227,1.0,0.0,0.0,42.43999999999927
ppo_T3,571.3705656383647,156.66330010005487,61.95103282842772,2466.5782860093905,1.0,0.0,0.0,42.47999999999927
ppo_T3,572.7077465821384,158.78486084530203,62.69505997367867,2468.687429611924,1.0,0.0,0.0,42.51999999999927
ppo_T3,574.0556338332918,160.9348462919773,63.4391315688587,2470.796488390994,1.0,0.0,0.0,42.55999999999927
ppo_T3,575.4144327530909,163.11311018990594,64.18317591796472,2475.0143039838617,1.0,0.0,0.0,42.59999999999927
ppo_T3,576.7843376710554,165.3195126802424,64.92712950698272,2477.1230543131787,1.0,0.0,0.0,42.63999999999927
ppo_T3,578.165532445852,167.55391997162133,65.67093606427413,2479.231705504263,1.0,0.0,0.0,42.67999999999927
ppo_T3,579.5581909976923,169.81620403275937,66.41454573027083,2481.340266790462,1.0,0.0,0.0,42.71999999999927
ppo_T3,580.9624778136853,172.1062423006723,67.1579143236167,2485.557163603143,1.0,0.0,0.0,42.75999999999927
ppo_T3,582.3785484275169,174.42391740371406,67.9010026924166,2487.665520269233,1.0,0.0,0.0,42.79999999999927
ppo_T3,583.8065498747626,176.76911689868436,68.64377614059748,2489.77382862346,1.0,0.0,0.0,42.839999999999264
ppo_T3,585.2466211250685,179.1417330212912,69.38620392057156,2491.88209756473,1.0,0.0,0.0,42.879999999999264
ppo_T3,586.6988934923778,181.5416624492888,70.1282587844355,2496.0985534053143,1.0,0.0,0.0,42.91999999999926
ppo_T3,588.1634910243175,183.9688060776473,70.8699165868596,2498.206758848956,1.0,0.0,0.0,42.95999999999926
ppo_T3,589.6405308718038,186.42306880514397,71.61115593363174,2500.314961410011,1.0,0.0,0.0,42.99999999999926
ppo_T3,591.1301236398707,188.90435933179376,72.35195787053416,2504.53139145808,1.0,0.0,0.0,43.03999999999926
ppo_T3,592.6323737206768,191.4125899665709,73.09230560786004,2506.639635696168,1.0,0.0,0.0,43.07999999999926
ppo_T3,594.1473796095947,193.94767644489664,73.8321842764304,2510.856231077661,1.0,0.0,0.0,43.11999999999926
ppo_T3,595.6752342052426,196.50953775539853,74.57158071145895,2512.9646052471976,1.0,0.0,0.0,43.15999999999926
ppo_T3,597.216025094274,199.09809597546956,75.31048326104293,2515.0730456411684,1.0,0.0,0.0,43.19999999999926
ppo_T3,598.7698348216993,201.71327611517987,76.04888161643484,2519.290154973078,1.0,0.0,0.0,43.239999999999256
ppo_T3,600.3367411474758,204.35500596911777,76.78676666158441,2521.398824588349,1.0,0.0,0.0,43.279999999999255
ppo_T3,601.9168172900611,207.02321597575587,77.52413033973343,2525.6163410698146,1.0,0.0,0.0,43.31999999999925
ppo_T3,603.510132157595,209.71783908396128,78.26096553510473,2527.725147014791,1.0,0.0,0.0,43.35999999999925
ppo_T3,605.1167505673355,212.4388106262861,78.99726596795483,2531.942725775601,1.0,0.0,0.0,43.39999999999925
ppo_T3,606.7367334539488,215.1860681986944,79.73302610146138,2534.05144957284,1.0,0.0,0.0,43.43999999999925
ppo_T3,608.3701380672159,217.9595515463979,80.46824105909342,2538.268680755974,1.0,0.0,0.0,43.47999999999925
ppo_T3,610.0170181596969,220.75920245549145,81.20290655126948,2540.3771757774743,1.0,0.0,0.0,43.51999999999925
ppo_T3,611.677424164861,223.5849646500917,81.9370188102464,2544.5939458243765,1.0,0.0,0.0,43.55999999999925
ppo_T3,613.3514033661668,226.4367836947013,82.670574532304,2548.810499993416,1.0,0.0,0.0,43.59999999999925
ppo_T3,615.0390000575533,229.3146069015317,83.40357082639787,2550.9187279479097,1.0,0.0,0.0,43.63999999999925
ppo_T3,616.7402556957775,232.21838324253412,84.13600516854876,2555.1351360748467,1.0,0.0,0.0,43.67999999999925
ppo_T3,618.4552090450131,235.14806326589783,84.86787536131915,2557.243331819002,1.0,0.0,0.0,43.719999999999246
ppo_T3,620.1838963141029,238.10359901679016,85.59917949780413,2561.459744190797,1.0,0.0,0.0,43.759999999999245
ppo_T3,621.9263512868381,241.08494396212217,86.32991592962733,2565.676243077713,1.0,0.0,0.0,43.79999999999925
ppo_T3,623.6826054456202,244.09205291913548,87.06008323849169,2567.7845481342792,1.0,0.0,0.0,43.83999999999924
ppo_T3,625.452688088839,247.12488198761645,87.78968021088617,2572.0013092283834,1.0,0.0,0.0,43.87999999999924
ppo_T3,627.2366264422884,250.18338848555305,88.51870581559412,2576.2183051433303,1.0,0.0,0.0,43.91999999999924
ppo_T3,629.0344457649221,253.2675308880596,89.24715918369003,2578.326894589622,1.0,0.0,0.0,43.95999999999924
ppo_T3,630.8461694492354,256.377268769404,89.97503959074638,2582.5442331920053,1.0,0.0,0.0,43.99999999999924
ppo_T3,632.6718191165484,259.5125627479786,90.70234644100421,2586.761705222981,1.0,0.0,0.0,44.03999999999924
ppo_T3,634.5114147074478,262.67337443406655,91.42907925328791,2588.870449833744,1.0,0.0,0.0,44.07999999999924
ppo_T3,636.364974567634,265.8596663802605,92.15523764847089,2593.0878698813835,1.0,0.0,0.0,44.11999999999924
ppo_T3,638.232515529407,269.0714020343997,92.88082133831918,2597.305118603553,1.0,0.0,0.0,44.15999999999924
ppo_T3,640.1140529890123,272.3085456948972,93.60583011556041,2601.5221560696286,1.0,0.0,0.0,44.19999999999924
ppo_T3,642.0096009800569,275.57106246833564,94.33026384504201,2605.738984610957,1.0,0.0,0.0,44.23999999999924
ppo_T3,643.9191722431963,278.8589182292165,95.05412245585858,2607.8473262064213,1.0,0.0,0.0,44.279999999999234
ppo_T3,645.84277829228,282.1720795817538,95.77740593434049,2612.063885266106,1.0,0.0,0.0,44.31999999999923
ppo_T3,647.7804294771371,285.5105138236076,96.5001143178095,2616.2803237180437,1.0,0.0,0.0,44.35999999999923
ppo_T3,649.732135043172,288.8741889114595,97.2222476890162,2620.496708675822,1.0,0.0,0.0,44.39999999999923
ppo_T3,651.6979031879316,292.2630734283361,97.94380617118445,2624.713102796109,1.0,0.0,0.0,44.43999999999923
ppo_T3,653.6777411147997,295.6771365525918,98.66478992359582,2628.929554707199,1.0,0.0,0.0,44.47999999999923
ppo_T3,655.6716550839619,299.11634802846675,99.38519913765508,2631.037814934672,1.0,0.0,0.0,44.51999999999923
ppo_T3,657.6796504607826,302.5806781381397,100.1050340333836,2635.2544249372595,1.0,0.0,0.0,44.55999999999923
ppo_T3,659.7017317617228,306.0700976752,100.8242948562937,2639.471175819766,1.0,0.0,0.0,44.59999999999923
ppo_T3,661.737902697926,309.5845779194664,101.54298187460263,2643.688079794511,1.0,0.0,0.0,44.639999999999226
ppo_T3,663.7881662165884,313.12409061308483,102.26109537674857,2647.905123148264,1.0,0.0,0.0,44.679999999999225
ppo_T3,665.8525245402283,316.68860793783927,102.978635669176,2652.122242471876,1.0,0.0,0.0,44.71999999999922
ppo_T3,667.9309792039595,320.2781024936149,103.69560307436076,2656.339305813163,1.0,0.0,0.0,44.75999999999922
ppo_T3,670.023531090871,323.8925472779546,104.41199792904888,2660.5561114650523,1.0,0.0,0.0,44.79999999999922
ppo_T3,672.1301804656091,327.5319156666534,105.12782058268573,2664.7724185615966,1.0,0.0,0.0,44.83999999999922
ppo_T3,674.2509270062534,331.196181395338,105.84307139601484,2668.9880126014955,1.0,0.0,0.0,44.87999999999922
ppo_T3,676.3857698345724,334.8853185419815,106.55775073982804,2673.202796344573,1.0,0.0,0.0,44.91999999999922
ppo_T3,678.4946708981629,338.5301145821571,105.27345899635863,2677.41686859248,1.0,0.0,1.0,44.95999999999922
ppo_T3,680.617700400078,342.1997845250476,105.9885953645354,2681.6305452391603,1.0,0.0,0.0,44.99999999999922
ppo_T3,682.7548557569208,345.89430343740946,106.70316013678365,2685.844286517866,1.0,0.0,0.0,45.03999999999922
ppo_T3,684.9061339444183,349.6136466616792,107.41715371602531,2690.0585402113365,1.0,0.0,0.0,45.07999999999922
ppo_T3,687.071531520275,353.3577898027614,108.13057651064341,2694.273583092162,1.0,0.0,0.0,45.119999999999216
ppo_T3,689.211025534024,357.05751164341524,106.8450289352492,2698.48946133349,1.0,0.0,1.0,45.159999999999215
ppo_T3,691.36466545457,360.78203923043793,107.5589101779296,2702.7060454948714,1.0,0.0,0.0,45.199999999999214
ppo_T3,693.4711064907262,364.4252238349254,105.20779409452628,2706.923117289671,0.0,0.0,1.0,45.23999999999921
ppo_T3,695.5517242171351,368.0240487956602,103.92458570236933,2711.14042430521,1.0,0.0,1.0,45.27999999999921
ppo_T3,697.5852237385169,371.54161847867584,101.57637760058603,2715.3577245052707,0.0,0.0,1.0,45.31999999999921
ppo_T3,699.5929785527134,375.0149173153043,100.29607483113844,2719.5748489470293,1.0,0.0,1.0,45.35999999999921
ppo_T3,701.5750184433657,378.4439754159777,99.01679651052675,2723.791744688562,1.0,0.0,1.0,45.39999999999921
ppo_T3,703.5313725773784,381.8288232095386,97.7385417940467,2728.0084478824074,1.0,0.0,1.0,45.43999999999921
ppo_T3,705.4620695425497,385.1694914215235,96.46130984068147,2732.225014077765,1.0,0.0,1.0,45.47999999999921
ppo_T3,707.3671373829011,388.4660110537777,95.18509981274289,2734.333257843467,1.0,0.0,1.0,45.51999999999921
ppo_T3,709.2252792286099,391.6814873537146,92.8438842702823,2738.5496797028377,0.0,0.0,1.0,45.55999999999921
ppo_T3,711.0365393568935,394.8159812658412,90.50454179718103,2742.766033630892,0.0,0.0,1.0,45.599999999999206
ppo_T3,712.8222856136119,397.9064801592035,89.23309750051341,2746.982354471221,1.0,0.0,1.0,45.639999999999205
ppo_T3,714.5612203612931,400.9160895483131,86.89664382079538,2749.090516036212,0.0,0.0,1.0,45.6799999999992
ppo_T3,716.2533865719322,403.84487095555534,84.56205937001451,2753.306869207066,0.0,0.0,1.0,45.7199999999992
ppo_T3,717.8988268328495,406.6928860564052,82.22934264496396,2755.415071971903,0.0,0.0,1.0,45.7599999999992
ppo_T3,719.5189067271132,409.4971232821088,80.96451877913526,2759.6315596945724,1.0,0.0,1.0,45.7999999999992
ppo_T3,721.0923277907874,412.2206883797006,78.63468018483536,2761.739857042784,0.0,0.0,1.0,45.8399999999992
ppo_T3,722.6404546405169,414.90057023226905,77.37273214196256,2765.9565790257,1.0,0.0,1.0,45.8799999999992
ppo_T3,724.1419884829721,417.4998746707582,75.0457670524616,2768.065000789984,0.0,0.0,1.0,45.9199999999992
ppo_T3,725.6182930747437,420.055590968812,73.78669021164946,2772.2819075933385,1.0,0.0,1.0,45.9599999999992
ppo_T3,727.0559064260259,422.5742121329617,72.50079618652228,2774.3903437376684,1.0,0.0,1.0,45.9999999999992
ppo_T3,728.4560834891337,425.05515551771305,71.21962460583921,2776.498722589087,1.0,0.0,1.0,46.0399999999992
ppo_T3,729.7897085755072,427.4629692435795,68.8118940004008,2780.715129005122,0.0,0.0,1.0,46.0799999999992
ppo_T3,731.0755552199073,429.8359906162887,67.47514370237417,2782.8230534556983,1.0,0.0,1.0,46.1199999999992
ppo_T3,732.315835144239,432.1733273823133,66.15057373386291,2784.93071224275,1.0,0.0,1.0,46.1599999999992
ppo_T3,733.4991741796874,434.4764955234116,64.73443229353536,2787.0380394950503,1.0,0.0,1.0,46.19999999999919
ppo_T3,734.6287485796499,436.7444247656163,63.3415413290222,2791.251435706407,1.0,0.0,1.0,46.23999999999919
ppo_T3,735.7075256976437,438.9761284303431,61.96905133543435,2793.357399229007,1.0,0.0,1.0,46.27999999999919
ppo_T3,736.7249596060392,441.1303342233548,59.55970930817093,2795.462831471299,0.0,0.0,1.0,46.31999999999919
ppo_T3,737.6844128785264,443.2474137490197,58.10860682848389,2797.567729551772,1.0,0.0,1.0,46.35999999999919
ppo_T3,738.569406804778,445.2840391129297,55.51495925887963,2799.672106847176,0.0,0.0,1.0,46.39999999999919
ppo_T3,739.3923105816597,447.28087296395216,53.99372680341677,2801.7759261706587,1.0,0.0,1.0,46.43999999999919
ppo_T3,740.1574297347113,449.23706377931694,52.51243795809187,2803.8790619869237,1.0,0.0,1.0,46.47999999999919
ppo_T3,740.8687880774262,451.1518376053085,51.06606931498465,2805.9811885707586,1.0,0.0,1.0,46.51999999999919
ppo_T3,741.5192415770622,453.0226774719713,49.51724170606841,2808.0816549411284,1.0,0.0,1.0,46.55999999999919
ppo_T3,742.1031255342152,454.8458620559408,47.85996828407895,2810.1793313816165,1.0,0.0,1.0,46.599999999999184
ppo_T3,742.6162994762851,456.61675276546646,46.093664151809875,2812.2724470098983,1.0,0.0,1.0,46.63999999999918
ppo_T3,743.0561513616245,458.3300737817352,44.22201506196191,2814.358435027914,1.0,0.0,1.0,46.67999999999918
ppo_T3,743.4215647054612,459.98017827733406,42.25200999841317,2816.433815309921,1.0,0.0,1.0,46.71999999999918
ppo_T3,743.7128528557902,461.5612952202411,40.1931242073023,2816.433815309921,1.0,0.0,1.0,46.75999999999918
ppo_T3,743.9451977834276,463.1465345201734,40.05439897383842,2818.4941512402447,1.0,0.0,0.0,46.79999999999918
ppo_T3,744.1160830951111,464.7294897772401,39.80380898563672,2820.534184370136,1.0,0.0,0.0,46.83999999999918
ppo_T3,744.2239629294178,466.3036007975938,39.44508495244733,2822.548180893461,1.0,0.0,0.0,46.87999999999918
ppo_T3,744.2682453046199,467.8622926272473,38.98301832675105,2824.530546205561,1.0,0.0,0.0,46.91999999999918
ppo_T3,744.2492559702104,469.3991065390841,38.42328065799003,2826.476717767935,1.0,0.0,0.0,46.95999999999918
ppo_T3,744.1681847867156,470.907820350116,37.77226082384906,2828.38423907655,1.0,0.0,0.0,46.999999999999176
ppo_T3,744.0270169824386,472.3825558680617,37.03691736678872,2830.253837092528,1.0,0.0,0.0,47.039999999999175
ppo_T3,743.8284518803852,473.8178717221544,36.224643724638426,2832.090212005546,1.0,0.0,0.0,47.07999999999917
ppo_T3,743.5740335336606,475.21652454605896,35.540104257078006,2835.701940286954,1.0,0.0,0.0,47.11999999999917
ppo_T3,743.2652286548557,476.58113033315846,34.977755496879475,2837.503517281508,1.0,0.0,0.0,47.15999999999917
ppo_T3,742.9034305440678,477.91417158156287,34.531659775101126,2839.320603356124,1.0,0.0,0.0,47.19999999999917
ppo_T3,742.4899628173775,479.21800407615126,34.19552908421453,2841.164589649571,1.0,0.0,0.0,47.23999999999917
ppo_T3,742.0260829459211,480.4948633260858,33.962792870340905,2843.0431981252004,1.0,0.0,0.0,47.27999999999917
ppo_T3,741.5134789181644,481.7390433755417,33.64099884011014,2844.9600242848737,1.0,0.0,0.0,47.31999999999917
ppo_T3,740.9545406040429,482.9452225706689,33.23477367297854,2846.91492395784,1.0,0.0,0.0,47.35999999999917
ppo_T3,740.3501457348758,484.1158453700099,32.93602602216581,2846.91492395784,1.0,0.0,0.0,47.39999999999917
ppo_T3,739.7011286340717,485.25323164240126,32.73826822084985,2848.904893230119,1.0,0.0,0.0,47.439999999999166
ppo_T3,739.0082824213056,486.3595829964594,32.63480880488938,2850.925166195812,1.0,0.0,0.0,47.479999999999166
ppo_T3,738.2723611047248,487.4369887885288,32.61885406653702,2850.925166195812,1.0,0.0,0.0,47.519999999999165
ppo_T3,737.4940815668715,488.4874318254253,32.683612223918495,2852.970210564584,1.0,0.0,0.0,47.55999999999917
ppo_T3,736.6752101169071,489.5050858613131,32.65511242827794,2855.034517208459,1.0,0.0,0.0,47.59999999999916
ppo_T3,735.8182390357158,490.48452303077227,32.53552484320397,2855.034517208459,1.0,0.0,0.0,47.63999999999916
ppo_T3,734.9235659903148,491.4279448490457,32.50465914066552,2857.1131042387183,1.0,0.0,0.0,47.67999999999916
ppo_T3,733.9915696764725,492.3374407863233,32.555721357199026,2857.1131042387183,1.0,0.0,0.0,47.71999999999916
ppo_T3,733.0226107814632,493.214993959797,32.68199917855571,2859.2017599354062,1.0,0.0,0.0,47.75999999999916
ppo_T3,732.0170328979156,494.06248653655945,32.87695381596607,2861.297080514125,1.0,0.0,0.0,47.79999999999916
ppo_T3,730.975163391238,494.8817048620352,33.13429806993601,2861.297080514125,1.0,0.0,0.0,47.83999999999916
ppo_T3,729.8973142229794,495.6743443278875,33.448058168060754,2863.3963857722133,1.0,0.0,0.0,47.87999999999916
ppo_T3,728.7837827323644,496.4420139926356,33.81261871296667,2863.3963857722133,1.0,0.0,0.0,47.91999999999916
ppo_T3,727.636469069309,497.1782729039644,34.08083979621816,2865.497561054136,1.0,0.0,0.0,47.95999999999916
ppo_T3,726.458098857184,497.8771298625977,34.25052376838294,2867.598881813057,1.0,0.0,0.0,47.999999999999154
ppo_T3,725.2486969412288,498.5404848877325,34.48453352308685,2867.598881813057,1.0,0.0,0.0,48.039999999999154
ppo_T3,724.0082881468063,499.1701414775904,34.776800801973394,2869.6988892598024,1.0,0.0,0.0,48.07999999999915
ppo_T3,722.7368972794193,499.7678115126835,35.12161201207922,2871.796297885737,1.0,0.0,0.0,48.11999999999915
ppo_T3,721.4345491247262,500.3351199099939,35.513637641856526,2871.796297885737,1.0,0.0,0.0,48.15999999999915
ppo_T3,720.1012684485569,500.87360904072096,35.94794765836488,2873.889987590936,1.0,0.0,0.0,48.19999999999915
ppo_T3,718.7370799969285,501.3847429236071,36.42001491102164,2875.9790676012467,1.0,0.0,0.0,48.23999999999915
ppo_T3,717.3420084960615,501.86991120524254,36.92570881205815,2875.9790676012467,1.0,0.0,0.0,48.27999999999915
ppo_T3,715.9160786523951,502.3304329381709,37.46128155807859,2878.062988491617,1.0,0.0,0.0,48.31999999999915
ppo_T3,714.4593151526036,502.76756016706656,38.023348982620384,2880.141705794941,1.0,0.0,0.0,48.35999999999915
ppo_T3,712.971742663612,503.1824813327343,38.608867858658776,2882.215791794013,1.0,0.0,0.0,48.399999999999146
ppo_T3,711.4533858326115,503.5763245031861,39.21511115913417,2882.215791794013,1.0,0.0,0.0,48.439999999999145
ppo_T3,709.9042692870759,503.950160440579,39.83964247250025,2884.2864510895047,1.0,0.0,0.0,48.47999999999914
ppo_T3,708.3244176347766,504.3050055123523,40.48029048372112,2886.3554415524054,1.0,0.0,0.0,48.51999999999914
ppo_T3,706.7138554637993,504.6418244544795,41.1351241820707,2888.4248355727245,1.0,0.0,0.0,48.55999999999914
ppo_T3,705.0726073425587,504.9615329943466,41.80242925013236,2890.496703386181,1.0,0.0,0.0,48.59999999999914
ppo_T3,703.4006978198152,505.26500034038855,42.480685922799076,2890.496703386181,1.0,0.0,0.0,48.63999999999914
ppo_T3,701.6981514246897,505.5530515452516,43.16854847699792,2892.572791107543,1.0,0.0,0.0,48.67999999999914
ppo_T3,699.9649926666805,505.8264697489074,43.86482641703616,2894.6542774273125,1.0,0.0,0.0,48.71999999999914
ppo_T3,698.2012460356776,506.0859983078177,44.56846735125652,2896.7416636783078,1.0,0.0,0.0,48.75999999999914
ppo_T3,696.4069360019796,506.3323428159353,45.27854150774192,2898.834805581737,1.0,0.0,0.0,48.79999999999914
ppo_T3,694.5820870163085,506.5661730230405,45.994227805371,2900.933047775099,1.0,0.0,0.0,48.83999999999914
ppo_T3,692.7267235098259,506.7881246556248,46.714801377575746,2900.933047775099,1.0,0.0,0.0,48.879999999999136
ppo_T3,690.8408698941485,506.9988011452737,47.43962243640812,2903.035422898105,1.0,0.0,0.0,48.919999999999135
ppo_T3,688.9245505613636,507.1987752692485,48.16812636137412,2905.1408403540595,1.0,0.0,0.0,48.959999999999134
ppo_T3,686.977789884045,507.3885907077254,48.89981489892278,2907.248241958556,1.0,0.0,0.0,48.99999999999913
ppo_T3,685.0006122152682,507.5687635219277,49.6342483629444,2909.356707882014,1.0,0.0,0.0,49.03999999999913
ppo_T3,682.9930418886265,507.7397835571685,50.37103873300007,2911.465514205966,1.0,0.0,0.0,49.07999999999913
ppo_T3,680.9551032182461,507.9021157746191,51.109843554436765,2913.5741517092333,1.0,0.0,0.0,49.11999999999913
ppo_T3,678.886820498802,508.0562015154232,51.85036055244914,2915.682317028382,1.0,0.0,0.0,49.15999999999913
ppo_T3,676.7882180055334,508.2024597005944,52.592322880118815,2917.7898849094267,1.0,0.0,0.0,49.19999999999913
ppo_T3,674.6593199942595,508.3412879699589,53.335494928219376,2919.896875686125,1.0,0.0,0.0,49.23999999999913
ppo_T3,672.5001507013945,508.4730637632397,54.07966863194573,2922.003414366338,1.0,0.0,0.0,49.27999999999913
ppo_T3,670.3107343439639,508.5981453462218,54.8246602166068,2924.109694519324,1.0,0.0,0.0,49.319999999999126
ppo_T3,668.0910951196191,508.7168727847885,55.570307330658665,2926.2159502765726,1.0,0.0,0.0,49.359999999999125
ppo_T3,665.841257206654,508.8295688694759,56.316466520235174,2928.3224309641864,1.0,0.0,0.0,49.399999999999125
ppo_T3,663.5612447640191,508.9365399930613,57.06301100456235,2930.4293778894544,1.0,0.0,0.0,49.43999999999912
ppo_T3,661.2510819313384,509.0380769835685,57.80982871634379,2932.5370031470707,1.0,0.0,0.0,49.47999999999912
ppo_T3,658.9107928289237,509.1344558949579,58.55682057540978,2934.645464895309,1.0,0.0,0.0,49.51999999999912
ppo_T3,656.540401557791,509.2259387576488,59.30389896766953,2938.865178207264,1.0,0.0,0.0,49.55999999999912
ppo_T3,654.1399321996753,509.3127742909149,60.050986404733315,2940.9763782552063,1.0,0.0,0.0,49.59999999999912
ppo_T3,651.709408817046,509.39519857909113,60.798014342518904,2943.0883297651594,1.0,0.0,0.0,49.63999999999912
ppo_T3,649.2488554531228,509.473435713428,61.54492213976148,2945.2008674050267,1.0,0.0,0.0,49.67999999999912
ppo_T3,646.7582961318908,509.5476984013405,62.291656139645646,2947.313801343902,1.0,0.0,0.0,49.71999999999912
ppo_T3,644.2377548581157,509.6181885447072,63.03816885980363,2949.426930428637,1.0,0.0,0.0,49.75999999999912
ppo_T3,641.6872556173597,509.6850977887908,63.78441827770767,2953.6529570139683,1.0,0.0,0.0,49.79999999999912
ppo_T3,639.1068223759963,509.7486080432749,64.53036720005348,2955.7654536886066,1.0,0.0,0.0,49.83999999999912
ppo_T3,636.496479081226,509.8088919768312,65.2759827061103,2957.8773565967977,1.0,0.0,0.0,49.87999999999912
ppo_T3,633.8562496610915,509.8661134865629,66.02123565622567,2959.988508950334,1.0,0.0,0.0,49.91999999999911
ppo_T3,631.1861580244931,509.9204281436002,66.76610025773674,2964.2081657835884,1.0,0.0,0.0,49.95999999999911
ppo_T3,628.486228061204,509.97198361606,67.5105536814754,2966.316630115344,1.0,0.0,0.0,49.99999999999911
ppo_T3,625.7564836418854,510.02092007051886,68.254575722875,2968.424276608831,1.0,0.0,0.0,50.03999999999911
ppo_T3,622.9969486181024,510.0673705530912,68.99814850240767,2972.6377700644657,1.0,0.0,0.0,50.07999999999911
ppo_T3,620.2076468223383,510.1114613511489,69.74125620071365,2974.744055166566,1.0,0.0,0.0,50.11999999999911
ppo_T3,617.388602068011,510.1533123366653,70.48388482434099,2976.8503670507657,1.0,0.0,0.0,50.15999999999911
ppo_T3,614.5398381494871,510.19303729211737,71.22602199850118,2981.0640817695707,1.0,0.0,0.0,50.19999999999911
ppo_T3,611.661378842098,510.2307442198325,71.96765678367603,2983.171925936428,1.0,0.0,0.0,50.23999999999911
ppo_T3,608.7532479021547,510.2665356356197,72.70877951328782,2985.280639045141,1.0,0.0,0.0,50.27999999999911
ppo_T3,605.8154690669635,510.3005088474849,73.44938164997603,2989.500887359956,1.0,0.0,0.0,50.31999999999911
ppo_T3,602.8480660548404,510.3327562201874,74.18945565831561,2991.612353309036,1.0,0.0,0.0,50.359999999999104
ppo_T3,599.851062565127,510.3633654263566,74.928994892067,2993.7245772835704,1.0,0.0,0.0,50.3999999999991
ppo_T3,596.8244822782053,510.3924196848524,75.66799349427482,2997.950743235027,1.0,0.0,0.0,50.4399999999991
ppo_T3,593.7683488555132,510.41999798701664,76.4064463087293,3000.0644153522903,1.0,0.0,0.0,50.4799999999991
ppo_T3,590.6826859395593,510.4461753114309,77.14434880147931,3004.292406440792,1.0,0.0,0.0,50.5199999999991
ppo_T3,587.5675171539381,510.47102282776495,77.88169699124,3006.406583738905,1.0,0.0,0.0,50.5599999999991
ppo_T3,584.4228661033454,510.4946080902692,78.6184873876728,3010.6350957004893,1.0,0.0,0.0,50.5999999999991
ppo_T3,581.2487563735932,510.5169952214382,79.35471693663533,3012.7493886892617,1.0,0.0,0.0,50.6399999999991
ppo_T3,578.0452115316248,510.5382450863439,80.09038297160316,3016.9780004778354,1.0,0.0,0.0,50.6799999999991
ppo_T3,574.81225512553,510.5584154581123,80.82548317055897,3019.092312214633,1.0,0.0,0.0,50.7199999999991
ppo_T3,571.54991068456,510.5775611749949,81.56001551772523,3023.320938250447,1.0,0.0,0.0,50.759999999999096
ppo_T3,568.2582017191428,510.5957342894599,82.29397826959,3025.435251268354,1.0,0.0,0.0,50.799999999999095
ppo_T3,564.937151720898,510.61298420971,83.02736992473753,3029.663877304168,1.0,0.0,0.0,50.83999999999909
ppo_T3,561.5867841626517,510.6293578340114,83.76018919705274,3033.8925033399823,1.0,0.0,0.0,50.87999999999909
ppo_T3,558.2071224984521,510.6448996781984,84.49243499191773,3036.0068163578894,1.0,0.0,0.0,50.91999999999909
ppo_T3,554.7981901635839,510.65965199670063,85.22410638506203,3040.235442393704,1.0,0.0,0.0,50.95999999999909
ppo_T3,551.3600105745835,510.673654897423,85.95520260376765,3042.3497554116107,1.0,0.0,0.0,50.99999999999909
ppo_T3,547.8926071292543,510.6869464507886,86.68572301016353,3046.578381447425,1.0,0.0,0.0,51.03999999999909
ppo_T3,544.3960032066814,510.6995627932432,87.41566708637453,3050.807007483239,1.0,0.0,0.0,51.07999999999909
ppo_T3,540.8702221672465,510.7115382255012,88.14503442131699,3052.9213205011465,1.0,0.0,0.0,51.11999999999909
ppo_T3,537.3152873526432,510.7229053058004,88.87382469895641,3057.1499465369607,1.0,0.0,0.0,51.15999999999909
ppo_T3,533.7312220858915,510.73369493842046,89.60203768786323,3061.378572572775,1.0,0.0,0.0,51.199999999999086
ppo_T3,530.1180496713533,510.7439364577034,90.32967323192223,3063.492885590682,1.0,0.0,0.0,51.239999999999085
ppo_T3,526.4757933947467,510.7536577078068,91.05673124206636,3067.721511626496,1.0,0.0,0.0,51.279999999999085
ppo_T3,522.8044765231614,510.7628851184049,91.78321168892161,3071.95013766231,1.0,0.0,0.0,51.31999999999909
ppo_T3,519.1041223050734,510.77164377654464,92.50911459626056,3076.1787636981244,1.0,0.0,0.0,51.35999999999908
ppo_T3,515.3747539703597,510.77995749485086,93.2344400351759,3078.2930767160315,1.0,0.0,0.0,51.39999999999908
ppo_T3,511.6163947303139,510.7878488762672,93.95918811889301,3082.5217027518456,1.0,0.0,0.0,51.43999999999908
ppo_T3,507.82906777766016,510.7953393755075,94.68335899815186,3086.7503287727845,1.0,0.0,0.0,51.47999999999908
ppo_T3,504.0127962865685,510.8024493573865,95.4069528570942,3090.978946910795,1.0,0.0,0.0,51.51999999999908
ppo_T3,500.1676034126697,510.809198152186,96.12996990960092,3095.207536142271,1.0,0.0,0.0,51.55999999999908
ppo_T3,496.2935122930701,510.8156041082096,96.85241039602978,3097.321801119829,1.0,0.0,0.0,51.59999999999908
ppo_T3,492.39054604636607,510.8216846416673,97.57427458030924,3101.5501753746203,1.0,0.0,0.0,51.63999999999908
ppo_T3,488.4587277726595,510.82745628402535,98.29556274734898,3105.778058025581,1.0,0.0,0.0,51.67999999999908
ppo_T3,484.4980805535718,510.8329347269516,99.01627520073308,3110.0048178689635,1.0,0.0,0.0,51.71999999999908
ppo_T3,480.5086274522594,510.8381348649772,99.7364122606637,0.0,1.0,0.0,0.0,51.759999999999074
ppo_T3,476.4903915134281,510.8430708359911,100.45597426212892,4.221485982198884,1.0,0.0,0.0,51.79999999999907
